model,location,time_period,horizon_distance,crps,abs_error,in_10_90,in_25_75,observed,split_first_period,n_samples
climatology,LA-AT,200801,1,4.0,4.0,0.0,0.0,4.0,200801,1000
climatology,LA-AT,200802,2,1.63,2.0,0.0,0.0,2.0,200801,1000
climatology,LA-AT,200803,3,0.0,0.0,1.0,1.0,0.0,200801,1000
climatology,LA-AT,200804,1,0.020000000000000018,0.0,1.0,1.0,0.0,200804,1000
climatology,LA-AT,200805,2,3.45,4.0,0.0,0.0,4.0,200804,1000
climatology,LA-AT,200806,3,8.86,10.0,0.0,0.0,10.0,200804,1000
climatology,LA-AT,200807,1,4.54,6.0,0.0,0.0,6.0,200807,1000
climatology,LA-AT,200808,2,9.469999999999999,11.0,0.0,0.0,11.0,200807,1000
climatology,LA-AT,200809,3,17.57,24.0,0.0,0.0,24.0,200807,1000
climatology,LA-AT,200810,1,38.95,47.0,0.0,0.0,47.0,200810,1000
climatology,LA-AT,200811,2,43.0,43.0,0.0,0.0,43.0,200810,1000
climatology,LA-AT,200812,3,22.28,23.0,0.0,0.0,23.0,200810,1000
climatology,LA-AT,200901,1,17.305124,18.0,0.0,0.0,18.0,200901,1000
climatology,LA-AT,200902,2,45.164529,46.0,0.0,0.0,46.0,200901,1000
climatology,LA-AT,200903,3,77.0,77.0,0.0,0.0,77.0,200901,1000
climatology,LA-AT,200904,1,98.652562,99.0,0.0,0.0,99.0,200904,1000
climatology,LA-AT,200905,2,0.12421499999999996,0.0,1.0,1.0,0.0,200904,1000
climatology,LA-AT,200906,3,21.319868,24.0,0.0,0.0,24.0,200904,1000
climatology,LA-AT,200907,1,61.750116,64.0,0.0,0.0,64.0,200907,1000
climatology,LA-AT,200908,2,17.823736,21.0,0.0,0.0,21.0,200907,1000
climatology,LA-AT,200909,3,10.060613,17.0,1.0,0.0,17.0,200907,1000
climatology,LA-AT,200910,1,4.830283999999999,4.0,1.0,0.0,4.0,200910,1000
climatology,LA-AT,200911,2,13.444083000000001,16.0,0.0,0.0,16.0,200910,1000
climatology,LA-AT,200912,3,4.502959,6.0,0.0,0.0,6.0,200910,1000
climatology,LA-BK,200801,1,0.81,1.0,0.0,0.0,1.0,200801,1000
climatology,LA-BK,200802,2,0.010000000000000009,0.0,1.0,1.0,0.0,200801,1000
climatology,LA-BK,200803,3,0.010000000000000009,0.0,1.0,1.0,0.0,200801,1000
climatology,LA-BK,200804,1,0.010000000000000009,0.0,1.0,1.0,0.0,200804,1000
climatology,LA-BK,200805,2,11.64,12.0,0.0,0.0,12.0,200804,1000
climatology,LA-BK,200806,3,52.17,53.0,0.0,0.0,53.0,200804,1000
climatology,LA-BK,200807,1,0.6600000000000001,1.5,1.0,1.0,2.0,200807,1000
climatology,LA-BK,200808,2,6.84,9.0,0.0,0.0,9.0,200807,1000
climatology,LA-BK,200809,3,29.34,33.0,0.0,0.0,33.0,200807,1000
climatology,LA-BK,200810,1,44.92,46.5,0.0,0.0,48.0,200810,1000
climatology,LA-BK,200811,2,55.0,55.0,0.0,0.0,55.0,200810,1000
climatology,LA-BK,200812,3,5.0,5.0,0.0,0.0,5.0,200810,1000
climatology,LA-BK,200901,1,0.6691239999999999,1.0,1.0,0.0,1.0,200901,1000
climatology,LA-BK,200902,2,0.008280999999999997,0.0,1.0,1.0,0.0,200901,1000
climatology,LA-BK,200903,3,0.826281,1.0,0.0,0.0,1.0,200901,1000
climatology,LA-BK,200904,1,2.826281,3.0,0.0,0.0,3.0,200904,1000
climatology,LA-BK,200905,2,71.61762,74.0,0.0,0.0,74.0,200904,1000
climatology,LA-BK,200906,3,206.10648,216.0,0.0,0.0,216.0,200904,1000
climatology,LA-BK,200907,1,209.63545499999998,211.0,0.0,0.0,212.0,200907,1000
climatology,LA-BK,200908,2,106.650017,110.0,0.0,0.0,110.0,200907,1000
climatology,LA-BK,200909,3,43.240066999999996,52.0,0.0,0.0,52.0,200907,1000
climatology,LA-BK,200910,1,23.210034,29.0,0.0,0.0,31.0,200910,1000
climatology,LA-BK,200911,2,4.5454550000000005,5.0,0.0,0.0,5.0,200910,1000
climatology,LA-BK,200912,3,3.313405,4.0,0.0,0.0,4.0,200910,1000
climatology,LA-BL,200801,1,5.6899999999999995,8.0,0.0,0.0,10.0,200801,1000
climatology,LA-BL,200802,2,2.88,5.0,1.0,0.0,7.0,200801,1000
climatology,LA-BL,200803,3,2.29,3.0,1.0,1.0,1.0,200801,1000
climatology,LA-BL,200804,1,2.8299999999999996,3.5,1.0,1.0,3.0,200804,1000
climatology,LA-BL,200805,2,9.2,6.5,1.0,1.0,15.0,200804,1000
climatology,LA-BL,200806,3,10.070000000000002,17.5,1.0,1.0,19.0,200804,1000
climatology,LA-BL,200807,1,27.62,48.5,1.0,0.0,31.0,200807,1000
climatology,LA-BL,200808,2,19.03,37.5,1.0,1.0,32.0,200807,1000
climatology,LA-BL,200809,3,25.370000000000005,48.0,1.0,0.0,30.0,200807,1000
climatology,LA-BL,200810,1,16.870000000000005,25.5,0.0,0.0,5.0,200810,1000
climatology,LA-BL,200811,2,6.290000000000001,8.5,1.0,1.0,12.0,200810,1000
climatology,LA-BL,200812,3,2.05,1.0,1.0,1.0,1.0,200810,1000
climatology,LA-BL,200901,1,0.7038849999999999,0.0,1.0,1.0,2.0,200901,1000
climatology,LA-BL,200902,2,0.9263810000000001,1.0,1.0,1.0,3.0,200901,1000
climatology,LA-BL,200903,3,2.5287120000000005,4.0,1.0,0.0,0.0,200901,1000
climatology,LA-BL,200904,1,2.7938859999999996,4.0,1.0,1.0,2.0,200904,1000
climatology,LA-BL,200905,2,17.157429000000004,16.0,0.0,0.0,0.0,200904,1000
climatology,LA-BL,200906,3,16.873330000000003,19.0,0.0,0.0,7.0,200904,1000
climatology,LA-BL,200907,1,20.996472,42.0,1.0,1.0,35.0,200907,1000
climatology,LA-BL,200908,2,33.260011999999996,58.0,0.0,0.0,9.0,200907,1000
climatology,LA-BL,200909,3,41.130528,75.0,0.0,0.0,0.0,200907,1000
climatology,LA-BL,200910,1,17.210586000000003,29.0,0.0,0.0,1.0,200910,1000
climatology,LA-BL,200911,2,11.201476,13.0,1.0,0.0,2.0,200910,1000
climatology,LA-BL,200912,3,1.6965139999999996,1.0,1.0,1.0,1.0,200910,1000
climatology,LA-CH,200801,1,47.5,65.0,0.0,0.0,73.0,200801,1000
climatology,LA-CH,200802,2,53.03999999999999,86.5,0.0,0.0,90.0,200801,1000
climatology,LA-CH,200803,3,50.58,77.0,0.0,0.0,92.0,200801,1000
climatology,LA-CH,200804,1,31.849999999999998,52.5,1.0,0.0,69.0,200804,1000
climatology,LA-CH,200805,2,38.959999999999994,54.0,1.0,0.0,113.0,200804,1000
climatology,LA-CH,200806,3,127.17000000000002,172.5,0.0,0.0,295.0,200804,1000
climatology,LA-CH,200807,1,41.25,39.0,1.0,1.0,162.0,200807,1000
climatology,LA-CH,200808,2,42.510000000000005,22.0,1.0,1.0,143.0,200807,1000
climatology,LA-CH,200809,3,49.599999999999994,73.0,1.0,1.0,185.0,200807,1000
climatology,LA-CH,200810,1,37.669999999999995,53.0,1.0,0.0,140.0,200810,1000
climatology,LA-CH,200811,2,41.07000000000001,67.0,0.0,0.0,102.0,200810,1000
climatology,LA-CH,200812,3,33.34,49.5,1.0,0.0,73.0,200810,1000
climatology,LA-CH,200901,1,10.890716999999999,19.0,1.0,1.0,31.0,200901,1000
climatology,LA-CH,200902,2,19.093116999999996,43.0,1.0,1.0,48.0,200901,1000
climatology,LA-CH,200903,3,21.428539999999998,42.0,1.0,0.0,60.0,200901,1000
climatology,LA-CH,200904,1,53.487149,79.0,0.0,0.0,102.0,200904,1000
climatology,LA-CH,200905,2,19.053490000000004,1.0,1.0,1.0,66.0,200904,1000
climatology,LA-CH,200906,3,30.695037999999997,10.0,1.0,1.0,124.0,200904,1000
climatology,LA-CH,200907,1,45.004213,72.0,1.0,1.0,122.0,200907,1000
climatology,LA-CH,200908,2,44.17307600000001,38.0,1.0,1.0,110.0,200907,1000
climatology,LA-CH,200909,3,32.110839000000006,33.0,1.0,1.0,105.0,200907,1000
climatology,LA-CH,200910,1,23.227603000000002,35.0,1.0,1.0,59.0,200910,1000
climatology,LA-CH,200911,2,12.418226999999998,3.0,1.0,1.0,35.0,200910,1000
climatology,LA-CH,200912,3,14.757385999999997,7.0,1.0,1.0,32.0,200910,1000
climatology,LA-HO,200801,1,0.010000000000000009,0.0,1.0,1.0,0.0,200801,1000
climatology,LA-HO,200802,2,0.010000000000000009,0.0,1.0,1.0,0.0,200801,1000
climatology,LA-HO,200803,3,0.010000000000000009,0.0,1.0,1.0,0.0,200801,1000
climatology,LA-HO,200804,1,0.010000000000000009,0.0,1.0,1.0,0.0,200804,1000
climatology,LA-HO,200805,2,0.0,0.0,1.0,1.0,0.0,200804,1000
climatology,LA-HO,200806,3,0.05999999999999994,0.0,1.0,1.0,0.0,200804,1000
climatology,LA-HO,200807,1,0.19999999999999996,0.0,1.0,1.0,0.0,200807,1000
climatology,LA-HO,200808,2,0.0,0.0,1.0,1.0,0.0,200807,1000
climatology,LA-HO,200809,3,0.6900000000000002,1.0,1.0,0.0,1.0,200807,1000
climatology,LA-HO,200810,1,0.020000000000000018,0.0,1.0,1.0,0.0,200810,1000
climatology,LA-HO,200811,2,0.0,0.0,1.0,1.0,0.0,200810,1000
climatology,LA-HO,200812,3,0.65,1.0,1.0,0.0,1.0,200810,1000
climatology,LA-HO,200901,1,0.008280999999999997,0.0,1.0,1.0,0.0,200901,1000
climatology,LA-HO,200902,2,0.008280999999999997,0.0,1.0,1.0,0.0,200901,1000
climatology,LA-HO,200903,3,0.008280999999999997,0.0,1.0,1.0,0.0,200901,1000
climatology,LA-HO,200904,1,0.008280999999999997,0.0,1.0,1.0,0.0,200904,1000
climatology,LA-HO,200905,2,0.0,0.0,1.0,1.0,0.0,200904,1000
climatology,LA-HO,200906,3,0.04968600000000006,0.0,1.0,1.0,0.0,200904,1000
climatology,LA-HO,200907,1,0.16562,0.0,1.0,1.0,0.0,200907,1000
climatology,LA-HO,200908,2,0.0,0.0,1.0,1.0,0.0,200907,1000
climatology,LA-HO,200909,3,0.5699339999999999,1.0,1.0,1.0,1.0,200907,1000
climatology,LA-HO,200910,1,0.834562,1.0,0.0,0.0,1.0,200910,1000
climatology,LA-HO,200911,2,1.0,1.0,0.0,0.0,1.0,200910,1000
climatology,LA-HO,200912,3,0.53681,1.0,1.0,1.0,1.0,200910,1000
climatology,LA-KH,200801,1,1.1499999999999995,0.0,1.0,1.0,0.0,200801,1000
climatology,LA-KH,200802,2,0.1499999999999999,0.0,1.0,1.0,0.0,200801,1000
climatology,LA-KH,200803,3,0.040000000000000036,0.0,1.0,1.0,0.0,200801,1000
climatology,LA-KH,200804,1,0.10999999999999999,0.0,1.0,1.0,0.0,200804,1000
climatology,LA-KH,200805,2,1.38,0.5,1.0,1.0,0.0,200804,1000
climatology,LA-KH,200806,3,8.940000000000001,6.0,1.0,1.0,1.0,200804,1000
climatology,LA-KH,200807,1,35.06999999999999,31.0,1.0,1.0,3.0,200807,1000
climatology,LA-KH,200808,2,37.92,43.0,1.0,0.0,0.0,200807,1000
climatology,LA-KH,200809,3,14.089999999999996,7.5,1.0,1.0,4.0,200807,1000
climatology,LA-KH,200810,1,5.470000000000001,5.0,1.0,1.0,1.0,200810,1000
climatology,LA-KH,200811,2,1.4299999999999997,2.5,1.0,1.0,3.0,200810,1000
climatology,LA-KH,200812,3,3.6900000000000004,4.0,1.0,0.0,4.0,200810,1000
climatology,LA-KH,200901,1,0.9523149999999996,0.0,1.0,1.0,0.0,200901,1000
climatology,LA-KH,200902,2,0.12421499999999996,0.0,1.0,1.0,0.0,200901,1000
climatology,LA-KH,200903,3,5.305124,6.0,0.0,0.0,6.0,200901,1000
climatology,LA-KH,200904,1,0.09109100000000003,0.0,1.0,1.0,0.0,200904,1000
climatology,LA-KH,200905,2,4.0487779999999995,6.0,1.0,0.0,6.0,200904,1000
climatology,LA-KH,200906,3,46.36775900000001,74.0,1.0,0.0,80.0,200904,1000
climatology,LA-KH,200907,1,68.223464,127.0,1.0,1.0,155.0,200907,1000
climatology,LA-KH,200908,2,171.36027,263.0,0.0,0.0,303.0,200907,1000
climatology,LA-KH,200909,3,187.12138299999998,267.0,0.0,0.0,277.0,200907,1000
climatology,LA-KH,200910,1,57.593343000000004,80.0,0.0,0.0,85.0,200910,1000
climatology,LA-KH,200911,2,54.814001,60.0,0.0,0.0,61.0,200910,1000
climatology,LA-KH,200912,3,52.764233,67.0,0.0,0.0,67.0,200910,1000
climatology,LA-LM,200801,1,0.0,0.0,1.0,1.0,0.0,200801,1000
climatology,LA-LM,200802,2,0.0,0.0,1.0,1.0,0.0,200801,1000
climatology,LA-LM,200803,3,0.04999999999999999,0.0,1.0,1.0,0.0,200801,1000
climatology,LA-LM,200804,1,0.010000000000000009,0.0,1.0,1.0,0.0,200804,1000
climatology,LA-LM,200805,2,0.0,0.0,1.0,1.0,0.0,200804,1000
climatology,LA-LM,200806,3,0.0,0.0,1.0,1.0,0.0,200804,1000
climatology,LA-LM,200807,1,0.04999999999999999,0.0,1.0,1.0,0.0,200807,1000
climatology,LA-LM,200808,2,0.02999999999999997,0.0,1.0,1.0,0.0,200807,1000
climatology,LA-LM,200809,3,0.0,0.0,1.0,1.0,0.0,200807,1000
climatology,LA-LM,200810,1,0.09000000000000002,0.0,1.0,1.0,0.0,200810,1000
climatology,LA-LM,200811,2,0.020000000000000018,0.0,1.0,1.0,0.0,200810,1000
climatology,LA-LM,200812,3,0.0,0.0,1.0,1.0,0.0,200810,1000
climatology,LA-LM,200901,1,0.0,0.0,1.0,1.0,0.0,200901,1000
climatology,LA-LM,200902,2,0.0,0.0,1.0,1.0,0.0,200901,1000
climatology,LA-LM,200903,3,0.041405000000000025,0.0,1.0,1.0,0.0,200901,1000
climatology,LA-LM,200904,1,0.826281,1.0,0.0,0.0,1.0,200904,1000
climatology,LA-LM,200905,2,0.0,0.0,1.0,1.0,0.0,200904,1000
climatology,LA-LM,200906,3,2.0,2.0,0.0,0.0,2.0,200904,1000
climatology,LA-LM,200907,1,0.677405,1.0,1.0,0.0,1.0,200907,1000
climatology,LA-LM,200908,2,0.02484300000000003,0.0,1.0,1.0,0.0,200907,1000
climatology,LA-LM,200909,3,4.0,4.0,0.0,0.0,4.0,200907,1000
climatology,LA-LM,200910,1,4.164529,5.0,0.0,0.0,5.0,200910,1000
climatology,LA-LM,200911,2,5.652562,6.0,0.0,0.0,6.0,200910,1000
climatology,LA-LM,200912,3,4.0,4.0,0.0,0.0,4.0,200910,1000
climatology,LA-LP,200801,1,0.19999999999999996,0.0,1.0,1.0,0.0,200801,1000
climatology,LA-LP,200802,2,13.92,16.0,0.0,0.0,16.0,200801,1000
climatology,LA-LP,200803,3,20.810000000000002,22.0,0.0,0.0,22.0,200801,1000
climatology,LA-LP,200804,1,31.229999999999997,32.5,0.0,0.0,33.0,200804,1000
climatology,LA-LP,200805,2,107.3,113.0,0.0,0.0,116.0,200804,1000
climatology,LA-LP,200806,3,132.97,153.0,0.0,0.0,160.0,200804,1000
climatology,LA-LP,200807,1,10.659999999999998,13.5,1.0,0.0,16.0,200807,1000
climatology,LA-LP,200808,2,12.43,17.0,1.0,1.0,13.0,200807,1000
climatology,LA-LP,200809,3,10.5,12.5,1.0,1.0,14.0,200807,1000
climatology,LA-LP,200810,1,9.549999999999999,15.0,1.0,0.0,33.0,200810,1000
climatology,LA-LP,200811,2,103.0,107.0,0.0,0.0,116.0,200810,1000
climatology,LA-LP,200812,3,126.82,158.5,0.0,0.0,161.0,200810,1000
climatology,LA-LP,200901,1,0.16562000000000004,0.0,1.0,1.0,0.0,200901,1000
climatology,LA-LP,200902,2,0.5962320000000001,0.0,1.0,1.0,0.0,200901,1000
climatology,LA-LP,200903,3,0.4720169999999997,0.0,1.0,1.0,0.0,200901,1000
climatology,LA-LP,200904,1,0.8104469999999999,1.0,1.0,1.0,0.0,200904,1000
climatology,LA-LP,200905,2,3.589589,3.0,1.0,0.0,0.0,200904,1000
climatology,LA-LP,200906,3,5.813261999999998,0.0,1.0,1.0,9.0,200904,1000
climatology,LA-LP,200907,1,4.452995999999999,2.0,1.0,1.0,30.0,200907,1000
climatology,LA-LP,200908,2,8.377825999999999,2.0,1.0,1.0,32.0,200907,1000
climatology,LA-LP,200909,3,238.358321,292.0,0.0,0.0,313.0,200907,1000
climatology,LA-LP,200910,1,126.23871400000002,147.0,0.0,0.0,165.0,200910,1000
climatology,LA-LP,200911,2,61.383126999999995,78.0,0.0,0.0,87.0,200910,1000
climatology,LA-LP,200912,3,7.821726000000002,3.0,1.0,1.0,0.0,200910,1000
climatology,LA-OU,200801,1,0.0,0.0,1.0,1.0,0.0,200801,1000
climatology,LA-OU,200802,2,0.0,0.0,1.0,1.0,0.0,200801,1000
climatology,LA-OU,200803,3,0.0,0.0,1.0,1.0,0.0,200801,1000
climatology,LA-OU,200804,1,0.0,0.0,1.0,1.0,0.0,200804,1000
climatology,LA-OU,200805,2,0.010000000000000009,0.0,1.0,1.0,0.0,200804,1000
climatology,LA-OU,200806,3,0.010000000000000009,0.0,1.0,1.0,0.0,200804,1000
climatology,LA-OU,200807,1,0.04000000000000001,0.0,1.0,1.0,0.0,200807,1000
climatology,LA-OU,200808,2,0.12,0.0,1.0,1.0,0.0,200807,1000
climatology,LA-OU,200809,3,0.04000000000000001,0.0,1.0,1.0,0.0,200807,1000
climatology,LA-OU,200810,1,0.07999999999999996,0.0,1.0,1.0,0.0,200810,1000
climatology,LA-OU,200811,2,0.010000000000000009,0.0,1.0,1.0,0.0,200810,1000
climatology,LA-OU,200812,3,0.0,0.0,1.0,1.0,0.0,200810,1000
climatology,LA-OU,200901,1,0.0,0.0,1.0,1.0,0.0,200901,1000
climatology,LA-OU,200902,2,0.0,0.0,1.0,1.0,0.0,200901,1000
climatology,LA-OU,200903,3,0.0,0.0,1.0,1.0,0.0,200901,1000
climatology,LA-OU,200904,1,0.0,0.0,1.0,1.0,0.0,200904,1000
climatology,LA-OU,200905,2,0.008280999999999997,0.0,1.0,1.0,0.0,200904,1000
climatology,LA-OU,200906,3,0.008280999999999997,0.0,1.0,1.0,0.0,200904,1000
climatology,LA-OU,200907,1,0.03312399999999999,0.0,1.0,1.0,0.0,200907,1000
climatology,LA-OU,200908,2,0.7353719999999999,1.0,1.0,0.0,1.0,200907,1000
climatology,LA-OU,200909,3,14.669124,15.0,0.0,0.0,15.0,200907,1000
climatology,LA-OU,200910,1,4.974247999999999,6.0,0.0,0.0,6.0,200910,1000
climatology,LA-OU,200911,2,12.826281,13.0,0.0,0.0,13.0,200910,1000
climatology,LA-OU,200912,3,18.0,18.0,0.0,0.0,18.0,200910,1000
climatology,LA-PH,200901,1,0.0,0.0,1.0,1.0,0.0,200901,1000
climatology,LA-PH,200902,2,0.0,0.0,1.0,1.0,0.0,200901,1000
climatology,LA-PH,200903,3,0.0,0.0,1.0,1.0,0.0,200901,1000
climatology,LA-PH,200904,1,0.0,0.0,1.0,1.0,0.0,200904,1000
climatology,LA-PH,200905,2,0.0,0.0,1.0,1.0,0.0,200904,1000
climatology,LA-PH,200906,3,0.0,0.0,1.0,1.0,0.0,200904,1000
climatology,LA-PH,200907,1,0.0,0.0,1.0,1.0,0.0,200907,1000
climatology,LA-PH,200909,3,0.040000000000000036,0.0,1.0,1.0,0.0,200907,1000
climatology,LA-PH,200910,1,0.0,0.0,1.0,1.0,0.0,200910,1000
climatology,LA-PH,200911,2,0.0,0.0,1.0,1.0,0.0,200910,1000
climatology,LA-PH,200912,3,0.0,0.0,1.0,1.0,0.0,200910,1000
climatology,LA-SL,200801,1,0.10999999999999999,0.0,1.0,1.0,0.0,200801,1000
climatology,LA-SL,200802,2,1.0,1.0,0.0,0.0,1.0,200801,1000
climatology,LA-SL,200803,3,4.62,5.0,0.0,0.0,5.0,200801,1000
climatology,LA-SL,200804,1,2.0,2.0,0.0,0.0,2.0,200804,1000
climatology,LA-SL,200805,2,82.75,105.0,0.0,0.0,105.0,200804,1000
climatology,LA-SL,200806,3,206.97,226.0,0.0,0.0,226.0,200804,1000
climatology,LA-SL,200807,1,75.25,77.0,0.0,0.0,78.0,200807,1000
climatology,LA-SL,200808,2,52.45,62.0,0.0,0.0,63.0,200807,1000
climatology,LA-SL,200809,3,76.05,85.0,0.0,0.0,85.0,200807,1000
climatology,LA-SL,200810,1,89.54,91.0,0.0,0.0,91.0,200810,1000
climatology,LA-SL,200811,2,19.16,21.0,0.0,0.0,21.0,200810,1000
climatology,LA-SL,200812,3,5.69,8.0,0.0,0.0,8.0,200810,1000
climatology,LA-SL,200901,1,0.545091,1.0,1.0,1.0,1.0,200901,1000
climatology,LA-SL,200902,2,23.826280999999998,24.0,0.0,0.0,24.0,200901,1000
climatology,LA-SL,200903,3,23.817090999999998,25.0,0.0,0.0,25.0,200901,1000
climatology,LA-SL,200904,1,18.652562,19.0,0.0,0.0,19.0,200904,1000
climatology,LA-SL,200905,2,83.899938,122.0,0.0,0.0,122.0,200904,1000
climatology,LA-SL,200906,3,30.133145000000003,42.0,1.0,0.0,42.0,200904,1000
climatology,LA-SL,200907,1,148.17646399999998,163.0,0.0,0.0,164.0,200907,1000
climatology,LA-SL,200908,2,107.331804,125.0,0.0,0.0,127.0,200907,1000
climatology,LA-SL,200909,3,68.83130799999999,91.0,0.0,0.0,91.0,200907,1000
climatology,LA-SL,200910,1,76.984001,94.0,0.0,0.0,94.0,200910,1000
climatology,LA-SL,200911,2,38.830017000000005,44.0,0.0,0.0,44.0,200910,1000
climatology,LA-SL,200912,3,13.699703,17.0,0.0,0.0,17.0,200910,1000
climatology,LA-SV,200801,1,1.7800000000000002,0.5,1.0,1.0,1.0,200801,1000
climatology,LA-SV,200802,2,0.6200000000000001,0.5,1.0,1.0,1.0,200801,1000
climatology,LA-SV,200803,3,1.42,1.0,1.0,1.0,1.0,200801,1000
climatology,LA-SV,200804,1,6.08,7.0,0.0,0.0,0.0,200804,1000
climatology,LA-SV,200805,2,27.53,36.0,0.0,0.0,1.0,200804,1000
climatology,LA-SV,200806,3,67.57,70.5,1.0,0.0,10.0,200804,1000
climatology,LA-SV,200807,1,150.21999999999997,218.0,1.0,0.0,11.0,200807,1000
climatology,LA-SV,200808,2,140.25,205.0,1.0,0.0,4.0,200807,1000
climatology,LA-SV,200809,3,115.49,178.0,0.0,0.0,2.0,200807,1000
climatology,LA-SV,200810,1,53.19,81.0,1.0,0.0,10.0,200810,1000
climatology,LA-SV,200811,2,12.810000000000002,14.0,1.0,1.0,2.0,200810,1000
climatology,LA-SV,200812,3,8.030000000000001,4.5,1.0,1.0,0.0,200810,1000
climatology,LA-SV,200901,1,1.7460180000000003,1.0,1.0,1.0,0.0,200901,1000
climatology,LA-SV,200902,2,0.6034219999999999,1.0,1.0,1.0,0.0,200901,1000
climatology,LA-SV,200903,3,1.0848110000000002,0.0,1.0,1.0,0.0,200901,1000
climatology,LA-SV,200904,1,5.027028,6.0,1.0,0.0,0.0,200904,1000
climatology,LA-SV,200905,2,23.760858999999996,31.0,0.0,0.0,0.0,200904,1000
climatology,LA-SV,200906,3,63.428528,72.0,0.0,0.0,1.0,200904,1000
climatology,LA-SV,200907,1,123.24315000000001,212.0,1.0,1.0,13.0,200907,1000
climatology,LA-SV,200908,2,102.30625,137.0,1.0,1.0,34.0,200907,1000
climatology,LA-SV,200909,3,77.799763,132.0,1.0,1.0,48.0,200907,1000
climatology,LA-SV,200910,1,41.95170999999999,73.0,1.0,1.0,16.0,200910,1000
climatology,LA-SV,200911,2,12.497231,19.0,1.0,1.0,33.0,200910,1000
climatology,LA-SV,200912,3,6.103097000000002,0.0,1.0,1.0,4.0,200910,1000
climatology,LA-VT,200801,1,10.870000000000001,11.0,1.0,1.0,29.0,200801,1000
climatology,LA-VT,200802,2,9.379999999999999,14.5,0.0,0.0,12.0,200801,1000
climatology,LA-VT,200803,3,4.52,2.5,1.0,1.0,26.0,200801,1000
climatology,LA-VT,200804,1,36.69,50.0,0.0,0.0,4.0,200804,1000
climatology,LA-VT,200805,2,62.269999999999996,92.0,0.0,0.0,17.0,200804,1000
climatology,LA-VT,200806,3,83.00999999999999,93.0,0.0,0.0,60.0,200804,1000
climatology,LA-VT,200807,1,191.24999999999997,247.0,0.0,0.0,132.0,200807,1000
climatology,LA-VT,200808,2,165.85999999999999,220.0,0.0,0.0,144.0,200807,1000
climatology,LA-VT,200809,3,113.29999999999998,176.5,1.0,0.0,158.0,200807,1000
climatology,LA-VT,200810,1,129.48000000000002,243.5,0.0,0.0,95.0,200810,1000
climatology,LA-VT,200811,2,36.84,40.5,1.0,1.0,129.0,200810,1000
climatology,LA-VT,200812,3,17.979999999999997,8.0,1.0,1.0,91.0,200810,1000
climatology,LA-VT,200901,1,7.815081999999997,2.0,1.0,1.0,38.0,200901,1000
climatology,LA-VT,200902,2,3.934482,6.0,1.0,1.0,20.0,200901,1000
climatology,LA-VT,200903,3,7.282829999999999,9.0,1.0,0.0,19.0,200901,1000
climatology,LA-VT,200904,1,9.680054000000002,20.0,1.0,1.0,33.0,200904,1000
climatology,LA-VT,200905,2,27.720475,55.0,1.0,1.0,54.0,200904,1000
climatology,LA-VT,200906,3,38.075081999999995,45.0,1.0,0.0,104.0,200904,1000
climatology,LA-VT,200907,1,86.36204900000001,46.0,1.0,1.0,302.0,200907,1000
climatology,LA-VT,200908,2,101.89189400000001,104.0,1.0,1.0,356.0,200907,1000
climatology,LA-VT,200909,3,112.384425,153.0,1.0,1.0,470.0,200907,1000
climatology,LA-VT,200910,1,145.485435,277.0,0.0,0.0,527.0,200910,1000
climatology,LA-VT,200911,2,297.66520299999996,381.0,0.0,0.0,521.0,200910,1000
climatology,LA-VT,200912,3,224.551238,275.0,0.0,0.0,366.0,200910,1000
climatology,LA-XA,200801,1,0.17000000000000004,0.0,1.0,1.0,0.0,200801,1000
climatology,LA-XA,200802,2,0.9500000000000002,0.0,1.0,1.0,0.0,200801,1000
climatology,LA-XA,200803,3,0.7399999999999998,0.5,1.0,1.0,0.0,200801,1000
climatology,LA-XA,200804,1,3.460000000000001,2.5,0.0,0.0,0.0,200804,1000
climatology,LA-XA,200805,2,5.659999999999997,0.5,1.0,1.0,2.0,200804,1000
climatology,LA-XA,200806,3,14.030000000000001,1.5,1.0,1.0,6.0,200804,1000
climatology,LA-XA,200807,1,24.69,49.0,1.0,1.0,19.0,200807,1000
climatology,LA-XA,200808,2,9.729999999999997,8.0,1.0,1.0,7.0,200807,1000
climatology,LA-XA,200809,3,4.75,2.0,1.0,0.0,1.0,200807,1000
climatology,LA-XA,200810,1,1.5699999999999994,1.0,1.0,1.0,3.0,200810,1000
climatology,LA-XA,200811,2,1.83,1.5,1.0,0.0,2.0,200810,1000
climatology,LA-XA,200812,3,1.9600000000000009,1.0,1.0,1.0,1.0,200810,1000
climatology,LA-XA,200901,1,0.14077699999999993,0.0,1.0,1.0,0.0,200901,1000
climatology,LA-XA,200902,2,0.7866949999999999,0.0,1.0,1.0,0.0,200901,1000
climatology,LA-XA,200903,3,0.6127940000000001,0.0,1.0,1.0,0.0,200901,1000
climatology,LA-XA,200904,1,2.8624980000000004,2.0,1.0,0.0,0.0,200904,1000
climatology,LA-XA,200905,2,4.777046000000006,1.0,1.0,1.0,1.0,200904,1000
climatology,LA-XA,200906,3,13.430243,8.0,1.0,1.0,14.0,200904,1000
climatology,LA-XA,200907,1,22.570512,55.0,1.0,1.0,11.0,200907,1000
climatology,LA-XA,200908,2,13.305413000000001,30.0,1.0,1.0,37.0,200907,1000
climatology,LA-XA,200909,3,6.654747,8.0,1.0,1.0,11.0,200907,1000
climatology,LA-XA,200910,1,2.0250260000000004,3.0,1.0,1.0,5.0,200910,1000
climatology,LA-XA,200911,2,3.4219680000000006,4.0,1.0,0.0,5.0,200910,1000
climatology,LA-XA,200912,3,1.5319850000000006,0.0,1.0,1.0,0.0,200910,1000
climatology,LA-XE,200801,1,0.09,0.0,1.0,1.0,0.0,200801,1000
climatology,LA-XE,200802,2,0.12,0.0,1.0,1.0,0.0,200801,1000
climatology,LA-XE,200803,3,0.0,0.0,1.0,1.0,0.0,200801,1000
climatology,LA-XE,200804,1,0.024641999999999997,0.0,1.0,1.0,0.0,200804,1000
climatology,LA-XE,200805,2,0.08000000000000002,0.0,1.0,1.0,0.0,200804,1000
climatology,LA-XE,200806,3,3.15,4.5,0.0,0.0,5.0,200804,1000
climatology,LA-XE,200807,1,0.40000000000000013,0.0,1.0,1.0,0.0,200807,1000
climatology,LA-XE,200808,2,0.18999999999999995,0.0,1.0,1.0,0.0,200807,1000
climatology,LA-XE,200809,3,0.6699999999999999,1.0,1.0,1.0,1.0,200807,1000
climatology,LA-XE,200810,1,0.5599999999999998,0.5,1.0,1.0,0.0,200810,1000
climatology,LA-XE,200811,2,0.024641999999999997,0.0,1.0,1.0,0.0,200810,1000
climatology,LA-XE,200812,3,0.790321,1.0,1.0,0.0,1.0,200810,1000
climatology,LA-XE,200901,1,0.07452900000000001,0.0,1.0,1.0,0.0,200901,1000
climatology,LA-XE,200902,2,1.371372,2.0,1.0,0.0,2.0,200901,1000
climatology,LA-XE,200903,3,2.0,2.0,0.0,0.0,2.0,200901,1000
climatology,LA-XE,200904,1,0.8200000000000001,1.0,0.0,0.0,1.0,200904,1000
climatology,LA-XE,200905,2,1.3382479999999999,2.0,1.0,0.0,2.0,200904,1000
climatology,LA-XE,200906,3,6.6023309999999995,8.0,0.0,0.0,9.0,200904,1000
climatology,LA-XE,200907,1,26.419240000000002,29.0,0.0,0.0,29.0,200907,1000
climatology,LA-XE,200908,2,25.883339,27.0,0.0,0.0,27.0,200907,1000
climatology,LA-XE,200909,3,4.097554,6.0,0.0,0.0,6.0,200907,1000
climatology,LA-XE,200910,1,4.551736,7.0,0.0,0.0,7.0,200910,1000
climatology,LA-XE,200911,2,2.6199999999999997,3.0,0.0,0.0,3.0,200910,1000
climatology,LA-XE,200912,3,6.64,7.0,0.0,0.0,7.0,200910,1000
climatology,LA-XI,200801,1,0.0,0.0,1.0,1.0,0.0,200801,1000
climatology,LA-XI,200802,2,0.0,0.0,1.0,1.0,0.0,200801,1000
climatology,LA-XI,200803,3,0.0,0.0,1.0,1.0,0.0,200801,1000
climatology,LA-XI,200804,1,0.0,0.0,1.0,1.0,0.0,200804,1000
climatology,LA-XI,200805,2,0.0,0.0,1.0,1.0,0.0,200804,1000
climatology,LA-XI,200806,3,1.0,1.0,0.0,0.0,1.0,200804,1000
climatology,LA-XI,200807,1,0.0,0.0,1.0,1.0,0.0,200807,1000
climatology,LA-XI,200808,2,0.020000000000000018,0.0,1.0,1.0,0.0,200807,1000
climatology,LA-XI,200809,3,0.010000000000000009,0.0,1.0,1.0,0.0,200807,1000
climatology,LA-XI,200810,1,0.0,0.0,1.0,1.0,0.0,200810,1000
climatology,LA-XI,200811,2,0.010000000000000009,0.0,1.0,1.0,0.0,200810,1000
climatology,LA-XI,200812,3,0.0,0.0,1.0,1.0,0.0,200810,1000
climatology,LA-XI,200901,1,0.0,0.0,1.0,1.0,0.0,200901,1000
climatology,LA-XI,200902,2,0.0,0.0,1.0,1.0,0.0,200901,1000
climatology,LA-XI,200903,3,0.0,0.0,1.0,1.0,0.0,200901,1000
climatology,LA-XI,200904,1,0.0,0.0,1.0,1.0,0.0,200904,1000
climatology,LA-XI,200905,2,39.0,39.0,0.0,0.0,39.0,200904,1000
climatology,LA-XI,200906,3,32.826281,33.0,0.0,0.0,33.0,200904,1000
climatology,LA-XI,200907,1,1.0,1.0,0.0,0.0,1.0,200907,1000
climatology,LA-XI,200908,2,9.652562,10.0,0.0,0.0,10.0,200907,1000
climatology,LA-XI,200909,3,0.008280999999999997,0.0,1.0,1.0,0.0,200907,1000
climatology,LA-XI,200910,1,0.0,0.0,1.0,1.0,0.0,200910,1000
climatology,LA-XI,200911,2,0.008280999999999997,0.0,1.0,1.0,0.0,200910,1000
climatology,LA-XI,200912,3,0.0,0.0,1.0,1.0,0.0,200910,1000
hier_nb,LA-AT,200801,1,3.805291,4.0,0.0,0.0,4.0,200801,1000
hier_nb,LA-AT,200802,2,1.909398,2.0,0.0,0.0,2.0,200801,1000
hier_nb,LA-AT,200803,3,0.0030010000000000037,0.0,1.0,1.0,0.0,200801,1000
hier_nb,LA-AT,200804,1,0.05586900000000006,0.0,1.0,1.0,0.0,200804,1000
hier_nb,LA-AT,200805,2,2.821532,4.0,0.0,0.0,4.0,200804,1000
hier_nb,LA-AT,200806,3,7.682680000000001,10.0,0.0,0.0,10.0,200804,1000
hier_nb,LA-AT,200807,1,3.4580189999999993,6.0,1.0,0.0,6.0,200807,1000
hier_nb,LA-AT,200808,2,5.981153000000001,10.0,1.0,0.0,11.0,200807,1000
hier_nb,LA-AT,200809,3,17.522389,24.0,0.0,0.0,24.0,200807,1000
hier_nb,LA-AT,200810,1,42.867959,47.0,0.0,0.0,47.0,200810,1000
hier_nb,LA-AT,200811,2,39.768104,43.0,0.0,0.0,43.0,200810,1000
hier_nb,LA-AT,200812,3,21.948093999999998,23.0,0.0,0.0,23.0,200810,1000
hier_nb,LA-AT,200901,1,16.758258,18.0,0.0,0.0,18.0,200901,1000
hier_nb,LA-AT,200902,2,45.453569,46.0,0.0,0.0,46.0,200901,1000
hier_nb,LA-AT,200903,3,75.82258300000001,77.0,0.0,0.0,77.0,200901,1000
hier_nb,LA-AT,200904,1,94.188079,99.0,0.0,0.0,99.0,200904,1000
hier_nb,LA-AT,200905,2,1.597093000000001,1.0,1.0,1.0,0.0,200904,1000
hier_nb,LA-AT,200906,3,12.770919999999998,21.0,1.0,0.0,24.0,200904,1000
hier_nb,LA-AT,200907,1,41.570288000000005,61.0,0.0,0.0,64.0,200907,1000
hier_nb,LA-AT,200908,2,15.00935,21.0,0.0,0.0,21.0,200907,1000
hier_nb,LA-AT,200909,3,9.785578,16.0,1.0,0.0,17.0,200907,1000
hier_nb,LA-AT,200910,1,2.0147080000000006,4.0,1.0,1.0,4.0,200910,1000
hier_nb,LA-AT,200911,2,12.58827,16.0,0.0,0.0,16.0,200910,1000
hier_nb,LA-AT,200912,3,4.819036,6.0,0.0,0.0,6.0,200910,1000
hier_nb,LA-BK,200801,1,0.857945,1.0,0.0,0.0,1.0,200801,1000
hier_nb,LA-BK,200802,2,0.004018999999999995,0.0,1.0,1.0,0.0,200801,1000
hier_nb,LA-BK,200803,3,0.013346999999999998,0.0,1.0,1.0,0.0,200801,1000
hier_nb,LA-BK,200804,1,0.026306000000000024,0.0,1.0,1.0,0.0,200804,1000
hier_nb,LA-BK,200805,2,11.187964000000001,12.0,0.0,0.0,12.0,200804,1000
hier_nb,LA-BK,200806,3,50.677338999999996,53.0,0.0,0.0,53.0,200804,1000
hier_nb,LA-BK,200807,1,1.0694399999999997,2.0,1.0,1.0,2.0,200807,1000
hier_nb,LA-BK,200808,2,5.7370399999999995,8.0,0.0,0.0,9.0,200807,1000
hier_nb,LA-BK,200809,3,27.238608999999997,32.0,0.0,0.0,33.0,200807,1000
hier_nb,LA-BK,200810,1,44.881244,48.0,0.0,0.0,48.0,200810,1000
hier_nb,LA-BK,200811,2,52.013844,55.0,0.0,0.0,55.0,200810,1000
hier_nb,LA-BK,200812,3,4.2879249999999995,5.0,0.0,0.0,5.0,200810,1000
hier_nb,LA-BK,200901,1,0.62317,1.0,1.0,0.0,1.0,200901,1000
hier_nb,LA-BK,200902,2,0.04455300000000004,0.0,1.0,1.0,0.0,200901,1000
hier_nb,LA-BK,200903,3,0.739729,1.0,1.0,0.0,1.0,200901,1000
hier_nb,LA-BK,200904,1,2.503457,3.0,0.0,0.0,3.0,200904,1000
hier_nb,LA-BK,200905,2,72.218386,74.0,0.0,0.0,74.0,200904,1000
hier_nb,LA-BK,200906,3,210.289427,216.0,0.0,0.0,216.0,200904,1000
hier_nb,LA-BK,200907,1,198.112513,210.0,0.0,0.0,212.0,200907,1000
hier_nb,LA-BK,200908,2,90.678017,107.0,0.0,0.0,110.0,200907,1000
hier_nb,LA-BK,200909,3,37.823636,49.0,0.0,0.0,52.0,200907,1000
hier_nb,LA-BK,200910,1,21.462518,29.0,0.0,0.0,31.0,200910,1000
hier_nb,LA-BK,200911,2,2.3798450000000004,4.0,1.0,0.0,5.0,200910,1000
hier_nb,LA-BK,200912,3,2.701883,4.0,0.0,0.0,4.0,200910,1000
hier_nb,LA-BL,200801,1,3.9474240000000007,7.0,1.0,0.0,10.0,200801,1000
hier_nb,LA-BL,200802,2,3.941166,6.0,1.0,0.0,7.0,200801,1000
hier_nb,LA-BL,200803,3,0.40738699999999994,0.0,1.0,1.0,1.0,200801,1000
hier_nb,LA-BL,200804,1,1.4055100000000005,0.0,1.0,1.0,3.0,200804,1000
hier_nb,LA-BL,200805,2,6.064762,11.0,1.0,0.0,15.0,200804,1000
hier_nb,LA-BL,200806,3,8.875231,5.0,1.0,1.0,19.0,200804,1000
hier_nb,LA-BL,200807,1,19.38812,0.0,1.0,1.0,31.0,200807,1000
hier_nb,LA-BL,200808,2,17.81223,1.0,1.0,1.0,32.0,200807,1000
hier_nb,LA-BL,200809,3,17.893985,2.0,1.0,1.0,30.0,200807,1000
hier_nb,LA-BL,200810,1,17.442887999999996,17.0,1.0,0.0,5.0,200810,1000
hier_nb,LA-BL,200811,2,7.992148,1.0,1.0,1.0,12.0,200810,1000
hier_nb,LA-BL,200812,3,3.0056709999999995,3.0,1.0,1.0,1.0,200810,1000
hier_nb,LA-BL,200901,1,0.9007240000000003,0.0,1.0,1.0,2.0,200901,1000
hier_nb,LA-BL,200902,2,1.1475910000000002,2.0,1.0,0.0,3.0,200901,1000
hier_nb,LA-BL,200903,3,1.1338459999999997,1.0,1.0,1.0,0.0,200901,1000
hier_nb,LA-BL,200904,1,1.4440669999999995,0.0,1.0,1.0,2.0,200904,1000
hier_nb,LA-BL,200905,2,12.263098,12.0,0.0,0.0,0.0,200904,1000
hier_nb,LA-BL,200906,3,12.091376000000004,11.0,1.0,1.0,7.0,200904,1000
hier_nb,LA-BL,200907,1,17.833433999999997,6.0,1.0,1.0,35.0,200907,1000
hier_nb,LA-BL,200908,2,20.615899,14.0,1.0,1.0,9.0,200907,1000
hier_nb,LA-BL,200909,3,28.07423800000001,30.0,0.0,0.0,0.0,200907,1000
hier_nb,LA-BL,200910,1,19.636611000000002,21.0,0.0,0.0,1.0,200910,1000
hier_nb,LA-BL,200911,2,11.083781000000002,10.0,1.0,0.0,2.0,200910,1000
hier_nb,LA-BL,200912,3,1.6069859999999991,1.0,1.0,1.0,1.0,200910,1000
hier_nb,LA-CH,200801,1,44.117599999999996,66.0,0.0,0.0,73.0,200801,1000
hier_nb,LA-CH,200802,2,67.68574,86.0,0.0,0.0,90.0,200801,1000
hier_nb,LA-CH,200803,3,65.565465,86.0,0.0,0.0,92.0,200801,1000
hier_nb,LA-CH,200804,1,32.779864,56.0,1.0,0.0,69.0,200804,1000
hier_nb,LA-CH,200805,2,52.216119,88.0,1.0,0.0,113.0,200804,1000
hier_nb,LA-CH,200806,3,160.66760499999998,256.0,1.0,0.0,295.0,200804,1000
hier_nb,LA-CH,200807,1,59.713638,90.5,1.0,1.0,162.0,200807,1000
hier_nb,LA-CH,200808,2,52.29132000000001,72.0,1.0,1.0,143.0,200807,1000
hier_nb,LA-CH,200809,3,74.066677,131.0,1.0,0.0,185.0,200807,1000
hier_nb,LA-CH,200810,1,64.14605399999999,108.0,1.0,0.0,140.0,200810,1000
hier_nb,LA-CH,200811,2,45.226861,78.0,1.0,0.0,102.0,200810,1000
hier_nb,LA-CH,200812,3,35.601364000000004,59.5,1.0,0.0,73.0,200810,1000
hier_nb,LA-CH,200901,1,13.198383999999997,23.0,1.0,0.0,31.0,200901,1000
hier_nb,LA-CH,200902,2,30.248591999999995,44.0,0.0,0.0,48.0,200901,1000
hier_nb,LA-CH,200903,3,33.157109000000005,53.0,1.0,0.0,60.0,200901,1000
hier_nb,LA-CH,200904,1,53.61687200000001,86.0,1.0,0.0,102.0,200904,1000
hier_nb,LA-CH,200905,2,31.057965000000024,20.0,1.0,1.0,66.0,200904,1000
hier_nb,LA-CH,200906,3,49.02590700000002,62.5,1.0,1.0,124.0,200904,1000
hier_nb,LA-CH,200907,1,53.94736899999998,56.5,1.0,1.0,122.0,200907,1000
hier_nb,LA-CH,200908,2,45.711881000000005,52.5,1.0,1.0,110.0,200907,1000
hier_nb,LA-CH,200909,3,41.70712800000001,50.5,1.0,1.0,105.0,200907,1000
hier_nb,LA-CH,200910,1,23.935563000000002,29.5,1.0,1.0,59.0,200910,1000
hier_nb,LA-CH,200911,2,16.178658000000013,14.0,1.0,1.0,35.0,200910,1000
hier_nb,LA-CH,200912,3,13.451527999999996,18.0,1.0,1.0,32.0,200910,1000
hier_nb,LA-HO,200801,1,0.004164000000000001,0.0,1.0,1.0,0.0,200801,1000
hier_nb,LA-HO,200802,2,0.0005299999999999992,0.0,1.0,1.0,0.0,200801,1000
hier_nb,LA-HO,200803,3,0.0015249999999999986,0.0,1.0,1.0,0.0,200801,1000
hier_nb,LA-HO,200804,1,0.005998000000000003,0.0,1.0,1.0,0.0,200804,1000
hier_nb,LA-HO,200805,2,0.009894,0.0,1.0,1.0,0.0,200804,1000
hier_nb,LA-HO,200806,3,0.03472999999999998,0.0,1.0,1.0,0.0,200804,1000
hier_nb,LA-HO,200807,1,0.17999700000000018,0.0,1.0,1.0,0.0,200807,1000
hier_nb,LA-HO,200808,2,0.21064899999999964,0.0,1.0,1.0,0.0,200807,1000
hier_nb,LA-HO,200809,3,0.6864450000000002,1.0,1.0,0.0,1.0,200807,1000
hier_nb,LA-HO,200810,1,0.02996500000000002,0.0,1.0,1.0,0.0,200810,1000
hier_nb,LA-HO,200811,2,0.01283899999999999,0.0,1.0,1.0,0.0,200810,1000
hier_nb,LA-HO,200812,3,0.904577,1.0,0.0,0.0,1.0,200810,1000
hier_nb,LA-HO,200901,1,0.0008020000000000041,0.0,1.0,1.0,0.0,200901,1000
hier_nb,LA-HO,200902,2,0.001468999999999998,0.0,1.0,1.0,0.0,200901,1000
hier_nb,LA-HO,200903,3,0.001229000000000001,0.0,1.0,1.0,0.0,200901,1000
hier_nb,LA-HO,200904,1,0.003254999999999994,0.0,1.0,1.0,0.0,200904,1000
hier_nb,LA-HO,200905,2,0.026718999999999993,0.0,1.0,1.0,0.0,200904,1000
hier_nb,LA-HO,200906,3,0.057301999999999964,0.0,1.0,1.0,0.0,200904,1000
hier_nb,LA-HO,200907,1,0.18030899999999983,0.0,1.0,1.0,0.0,200907,1000
hier_nb,LA-HO,200908,2,0.24511000000000016,0.0,1.0,1.0,0.0,200907,1000
hier_nb,LA-HO,200909,3,0.6542140000000001,1.0,1.0,1.0,1.0,200907,1000
hier_nb,LA-HO,200910,1,0.7365060000000001,1.0,1.0,0.0,1.0,200910,1000
hier_nb,LA-HO,200911,2,0.8187330000000002,1.0,0.0,0.0,1.0,200910,1000
hier_nb,LA-HO,200912,3,0.885962,1.0,0.0,0.0,1.0,200910,1000
hier_nb,LA-KH,200801,1,0.5784570000000002,0.0,1.0,1.0,0.0,200801,1000
hier_nb,LA-KH,200802,2,0.06663200000000002,0.0,1.0,1.0,0.0,200801,1000
hier_nb,LA-KH,200803,3,0.07318000000000002,0.0,1.0,1.0,0.0,200801,1000
hier_nb,LA-KH,200804,1,0.2081289999999998,0.0,1.0,1.0,0.0,200804,1000
hier_nb,LA-KH,200805,2,0.5715129999999999,0.0,1.0,1.0,0.0,200804,1000
hier_nb,LA-KH,200806,3,2.718877000000001,0.0,1.0,1.0,1.0,200804,1000
hier_nb,LA-KH,200807,1,5.942881999999997,1.0,1.0,1.0,3.0,200807,1000
hier_nb,LA-KH,200808,2,7.1886889999999966,5.0,1.0,1.0,0.0,200807,1000
hier_nb,LA-KH,200809,3,7.080908000000001,3.0,1.0,1.0,4.0,200807,1000
hier_nb,LA-KH,200810,1,3.948356999999998,2.0,1.0,1.0,1.0,200810,1000
hier_nb,LA-KH,200811,2,2.110454999999999,3.0,1.0,1.0,3.0,200810,1000
hier_nb,LA-KH,200812,3,2.6088959999999997,4.0,1.0,0.0,4.0,200810,1000
hier_nb,LA-KH,200901,1,0.08453900000000014,0.0,1.0,1.0,0.0,200901,1000
hier_nb,LA-KH,200902,2,0.060811000000000004,0.0,1.0,1.0,0.0,200901,1000
hier_nb,LA-KH,200903,3,4.529071999999999,6.0,0.0,0.0,6.0,200901,1000
hier_nb,LA-KH,200904,1,0.3088820000000001,0.0,1.0,1.0,0.0,200904,1000
hier_nb,LA-KH,200905,2,3.4860039999999994,6.0,1.0,1.0,6.0,200904,1000
hier_nb,LA-KH,200906,3,47.704601000000004,74.0,1.0,0.0,80.0,200904,1000
hier_nb,LA-KH,200907,1,106.438691,150.0,0.0,0.0,155.0,200907,1000
hier_nb,LA-KH,200908,2,226.417714,291.0,0.0,0.0,303.0,200907,1000
hier_nb,LA-KH,200909,3,194.16556000000003,261.0,0.0,0.0,277.0,200907,1000
hier_nb,LA-KH,200910,1,45.971427,74.0,1.0,0.0,85.0,200910,1000
hier_nb,LA-KH,200911,2,35.59099,55.0,1.0,0.0,61.0,200910,1000
hier_nb,LA-KH,200912,3,54.274243,66.0,0.0,0.0,67.0,200910,1000
hier_nb,LA-LM,200801,1,0.0006020000000000053,0.0,1.0,1.0,0.0,200801,1000
hier_nb,LA-LM,200802,2,0.00017,0.0,1.0,1.0,0.0,200801,1000
hier_nb,LA-LM,200803,3,0.0014969999999999983,0.0,1.0,1.0,0.0,200801,1000
hier_nb,LA-LM,200804,1,0.0015170000000000045,0.0,1.0,1.0,0.0,200804,1000
hier_nb,LA-LM,200805,2,0.0046870000000000245,0.0,1.0,1.0,0.0,200804,1000
hier_nb,LA-LM,200806,3,0.03670499999999999,0.0,1.0,1.0,0.0,200804,1000
hier_nb,LA-LM,200807,1,0.18634199999999979,0.0,1.0,1.0,0.0,200807,1000
hier_nb,LA-LM,200808,2,0.10857399999999995,0.0,1.0,1.0,0.0,200807,1000
hier_nb,LA-LM,200809,3,0.062437999999999994,0.0,1.0,1.0,0.0,200807,1000
hier_nb,LA-LM,200810,1,0.02391500000000002,0.0,1.0,1.0,0.0,200810,1000
hier_nb,LA-LM,200811,2,0.005948000000000009,0.0,1.0,1.0,0.0,200810,1000
hier_nb,LA-LM,200812,3,0.0005990000000000023,0.0,1.0,1.0,0.0,200810,1000
hier_nb,LA-LM,200901,1,0.0005509999999999994,0.0,1.0,1.0,0.0,200901,1000
hier_nb,LA-LM,200902,2,0.0002119999999999969,0.0,1.0,1.0,0.0,200901,1000
hier_nb,LA-LM,200903,3,0.0002620000000000018,0.0,1.0,1.0,0.0,200901,1000
hier_nb,LA-LM,200904,1,0.917893,1.0,0.0,0.0,1.0,200904,1000
hier_nb,LA-LM,200905,2,0.022183000000000064,0.0,1.0,1.0,0.0,200904,1000
hier_nb,LA-LM,200906,3,1.5972429999999997,2.0,0.0,0.0,2.0,200904,1000
hier_nb,LA-LM,200907,1,0.7012709999999998,1.0,1.0,1.0,1.0,200907,1000
hier_nb,LA-LM,200908,2,0.2083940000000002,0.0,1.0,1.0,0.0,200907,1000
hier_nb,LA-LM,200909,3,2.7450609999999998,4.0,1.0,0.0,4.0,200907,1000
hier_nb,LA-LM,200910,1,4.0896230000000005,5.0,0.0,0.0,5.0,200910,1000
hier_nb,LA-LM,200911,2,5.4613949999999996,6.0,0.0,0.0,6.0,200910,1000
hier_nb,LA-LM,200912,3,3.8256200000000002,4.0,0.0,0.0,4.0,200910,1000
hier_nb,LA-LP,200801,1,0.980321,1.0,1.0,1.0,0.0,200801,1000
hier_nb,LA-LP,200802,2,13.331676,15.0,0.0,0.0,16.0,200801,1000
hier_nb,LA-LP,200803,3,18.869613,21.0,0.0,0.0,22.0,200801,1000
hier_nb,LA-LP,200804,1,26.615226,32.0,0.0,0.0,33.0,200804,1000
hier_nb,LA-LP,200805,2,99.967208,113.0,0.0,0.0,116.0,200804,1000
hier_nb,LA-LP,200806,3,115.46951100000001,151.0,0.0,0.0,160.0,200804,1000
hier_nb,LA-LP,200807,1,13.171475000000001,5.0,1.0,1.0,16.0,200807,1000
hier_nb,LA-LP,200808,2,14.486811000000003,11.0,1.0,1.0,13.0,200807,1000
hier_nb,LA-LP,200809,3,12.202516999999993,6.5,1.0,1.0,14.0,200807,1000
hier_nb,LA-LP,200810,1,12.857286000000002,22.0,1.0,1.0,33.0,200810,1000
hier_nb,LA-LP,200811,2,86.236972,111.0,0.0,0.0,116.0,200810,1000
hier_nb,LA-LP,200812,3,149.848251,159.0,0.0,0.0,161.0,200810,1000
hier_nb,LA-LP,200901,1,0.7816130000000001,1.0,1.0,1.0,0.0,200901,1000
hier_nb,LA-LP,200902,2,0.5907279999999999,1.0,1.0,1.0,0.0,200901,1000
hier_nb,LA-LP,200903,3,1.000578,1.0,1.0,1.0,0.0,200901,1000
hier_nb,LA-LP,200904,1,0.6239599999999998,0.0,1.0,1.0,0.0,200904,1000
hier_nb,LA-LP,200905,2,4.178078000000003,4.0,1.0,1.0,0.0,200904,1000
hier_nb,LA-LP,200906,3,6.416809000000001,1.0,1.0,1.0,9.0,200904,1000
hier_nb,LA-LP,200907,1,12.814715999999997,18.0,1.0,1.0,30.0,200907,1000
hier_nb,LA-LP,200908,2,13.362347,16.0,1.0,1.0,32.0,200907,1000
hier_nb,LA-LP,200909,3,227.097212,297.0,0.0,0.0,313.0,200907,1000
hier_nb,LA-LP,200910,1,101.373691,151.0,0.0,0.0,165.0,200910,1000
hier_nb,LA-LP,200911,2,51.713908,79.0,1.0,0.0,87.0,200910,1000
hier_nb,LA-LP,200912,3,2.9948040000000002,3.0,1.0,0.0,0.0,200910,1000
hier_nb,LA-OU,200801,1,0.0015339999999999937,0.0,1.0,1.0,0.0,200801,1000
hier_nb,LA-OU,200802,2,0.0005390000000000013,0.0,1.0,1.0,0.0,200801,1000
hier_nb,LA-OU,200803,3,0.0019520000000000023,0.0,1.0,1.0,0.0,200801,1000
hier_nb,LA-OU,200804,1,0.0032989999999999964,0.0,1.0,1.0,0.0,200804,1000
hier_nb,LA-OU,200805,2,0.010960999999999999,0.0,1.0,1.0,0.0,200804,1000
hier_nb,LA-OU,200806,3,0.028881999999999963,0.0,1.0,1.0,0.0,200804,1000
hier_nb,LA-OU,200807,1,0.1395709999999999,0.0,1.0,1.0,0.0,200807,1000
hier_nb,LA-OU,200808,2,0.0882400000000001,0.0,1.0,1.0,0.0,200807,1000
hier_nb,LA-OU,200809,3,0.07781899999999986,0.0,1.0,1.0,0.0,200807,1000
hier_nb,LA-OU,200810,1,0.031372000000000066,0.0,1.0,1.0,0.0,200810,1000
hier_nb,LA-OU,200811,2,0.008546999999999999,0.0,1.0,1.0,0.0,200810,1000
hier_nb,LA-OU,200812,3,0.0012589999999999962,0.0,1.0,1.0,0.0,200810,1000
hier_nb,LA-OU,200901,1,0.0007430000000000006,0.0,1.0,1.0,0.0,200901,1000
hier_nb,LA-OU,200902,2,0.00020199999999999732,0.0,1.0,1.0,0.0,200901,1000
hier_nb,LA-OU,200903,3,0.0006339999999999991,0.0,1.0,1.0,0.0,200901,1000
hier_nb,LA-OU,200904,1,0.0033989999999999992,0.0,1.0,1.0,0.0,200904,1000
hier_nb,LA-OU,200905,2,0.019091999999999998,0.0,1.0,1.0,0.0,200904,1000
hier_nb,LA-OU,200906,3,0.05362,0.0,1.0,1.0,0.0,200904,1000
hier_nb,LA-OU,200907,1,0.1524700000000001,0.0,1.0,1.0,0.0,200907,1000
hier_nb,LA-OU,200908,2,0.691919,1.0,1.0,0.0,1.0,200907,1000
hier_nb,LA-OU,200909,3,12.868426000000001,15.0,0.0,0.0,15.0,200907,1000
hier_nb,LA-OU,200910,1,5.0858159999999994,6.0,0.0,0.0,6.0,200910,1000
hier_nb,LA-OU,200911,2,12.098754000000001,13.0,0.0,0.0,13.0,200910,1000
hier_nb,LA-OU,200912,3,17.511681999999997,18.0,0.0,0.0,18.0,200910,1000
hier_nb,LA-PH,200901,1,2.499999999999985e-05,0.0,1.0,1.0,0.0,200901,1000
hier_nb,LA-PH,200902,2,2.499999999999985e-05,0.0,1.0,1.0,0.0,200901,1000
hier_nb,LA-PH,200903,3,5.400000000000023e-05,0.0,1.0,1.0,0.0,200901,1000
hier_nb,LA-PH,200904,1,8.099999999999948e-05,0.0,1.0,1.0,0.0,200904,1000
hier_nb,LA-PH,200905,2,0.0011270000000000169,0.0,1.0,1.0,0.0,200904,1000
hier_nb,LA-PH,200906,3,0.001236000000000001,0.0,1.0,1.0,0.0,200904,1000
hier_nb,LA-PH,200907,1,0.007025999999999977,0.0,1.0,1.0,0.0,200907,1000
hier_nb,LA-PH,200909,3,0.007894000000000068,0.0,1.0,1.0,0.0,200907,1000
hier_nb,LA-PH,200910,1,0.0013450000000000129,0.0,1.0,1.0,0.0,200910,1000
hier_nb,LA-PH,200911,2,0.0011899999999999966,0.0,1.0,1.0,0.0,200910,1000
hier_nb,LA-PH,200912,3,3.600000000000044e-05,0.0,1.0,1.0,0.0,200910,1000
hier_nb,LA-SL,200801,1,0.045291000000000026,0.0,1.0,1.0,0.0,200801,1000
hier_nb,LA-SL,200802,2,0.8727659999999999,1.0,0.0,0.0,1.0,200801,1000
hier_nb,LA-SL,200803,3,4.531734,5.0,0.0,0.0,5.0,200801,1000
hier_nb,LA-SL,200804,1,1.547927,2.0,0.0,0.0,2.0,200804,1000
hier_nb,LA-SL,200805,2,102.48464899999999,105.0,0.0,0.0,105.0,200804,1000
hier_nb,LA-SL,200806,3,217.990839,225.0,0.0,0.0,226.0,200804,1000
hier_nb,LA-SL,200807,1,59.587638000000005,76.0,0.0,0.0,78.0,200807,1000
hier_nb,LA-SL,200808,2,42.197247,58.0,0.0,0.0,63.0,200807,1000
hier_nb,LA-SL,200809,3,63.43960800000001,81.0,0.0,0.0,85.0,200807,1000
hier_nb,LA-SL,200810,1,79.091306,89.0,0.0,0.0,91.0,200810,1000
hier_nb,LA-SL,200811,2,15.724655,21.0,0.0,0.0,21.0,200810,1000
hier_nb,LA-SL,200812,3,6.134876,8.0,0.0,0.0,8.0,200810,1000
hier_nb,LA-SL,200901,1,0.4843390000000001,1.0,1.0,1.0,1.0,200901,1000
hier_nb,LA-SL,200902,2,23.255418,24.0,0.0,0.0,24.0,200901,1000
hier_nb,LA-SL,200903,3,23.865752,25.0,0.0,0.0,25.0,200901,1000
hier_nb,LA-SL,200904,1,16.471222,19.0,0.0,0.0,19.0,200904,1000
hier_nb,LA-SL,200905,2,104.378103,120.0,0.0,0.0,122.0,200904,1000
hier_nb,LA-SL,200906,3,26.943541000000003,39.0,0.0,0.0,42.0,200904,1000
hier_nb,LA-SL,200907,1,125.41092800000001,159.0,0.0,0.0,164.0,200907,1000
hier_nb,LA-SL,200908,2,91.84850300000001,120.0,0.0,0.0,127.0,200907,1000
hier_nb,LA-SL,200909,3,66.42340999999999,87.0,0.0,0.0,91.0,200907,1000
hier_nb,LA-SL,200910,1,75.590159,92.0,0.0,0.0,94.0,200910,1000
hier_nb,LA-SL,200911,2,34.654445,43.0,0.0,0.0,44.0,200910,1000
hier_nb,LA-SL,200912,3,13.102248,17.0,0.0,0.0,17.0,200910,1000
hier_nb,LA-SV,200801,1,4.309059999999999,5.0,1.0,1.0,1.0,200801,1000
hier_nb,LA-SV,200802,2,0.8713729999999993,0.0,1.0,1.0,1.0,200801,1000
hier_nb,LA-SV,200803,3,0.8691009999999997,0.0,1.0,1.0,1.0,200801,1000
hier_nb,LA-SV,200804,1,3.1523210000000006,3.0,1.0,0.0,0.0,200804,1000
hier_nb,LA-SV,200805,2,4.405581,5.0,1.0,1.0,1.0,200804,1000
hier_nb,LA-SV,200806,3,13.593664999999994,10.0,1.0,1.0,10.0,200804,1000
hier_nb,LA-SV,200807,1,31.44531699999999,30.0,1.0,1.0,11.0,200807,1000
hier_nb,LA-SV,200808,2,36.62144700000002,37.0,1.0,0.0,4.0,200807,1000
hier_nb,LA-SV,200809,3,39.449194000000006,41.0,0.0,0.0,2.0,200807,1000
hier_nb,LA-SV,200810,1,17.857017,16.0,1.0,1.0,10.0,200810,1000
hier_nb,LA-SV,200811,2,11.272151999999998,9.5,1.0,1.0,2.0,200810,1000
hier_nb,LA-SV,200812,3,3.310212,3.0,1.0,1.0,0.0,200810,1000
hier_nb,LA-SV,200901,1,2.522663999999999,2.0,1.0,1.0,0.0,200901,1000
hier_nb,LA-SV,200902,2,0.7615140000000005,1.0,1.0,1.0,0.0,200901,1000
hier_nb,LA-SV,200903,3,1.3022630000000008,1.0,1.0,1.0,0.0,200901,1000
hier_nb,LA-SV,200904,1,3.2013870000000004,3.0,1.0,1.0,0.0,200904,1000
hier_nb,LA-SV,200905,2,14.71944700000001,13.5,1.0,0.0,0.0,200904,1000
hier_nb,LA-SV,200906,3,22.253899000000004,23.0,1.0,0.0,1.0,200904,1000
hier_nb,LA-SV,200907,1,25.361490000000018,19.0,1.0,1.0,13.0,200907,1000
hier_nb,LA-SV,200908,2,23.09617700000001,4.0,1.0,1.0,34.0,200907,1000
hier_nb,LA-SV,200909,3,22.644266999999985,16.0,1.0,1.0,48.0,200907,1000
hier_nb,LA-SV,200910,1,15.825994000000009,5.0,1.0,1.0,16.0,200910,1000
hier_nb,LA-SV,200911,2,13.431921000000003,19.0,1.0,1.0,33.0,200910,1000
hier_nb,LA-SV,200912,3,4.490780999999998,2.0,1.0,1.0,4.0,200910,1000
hier_nb,LA-VT,200801,1,13.033230999999994,4.0,1.0,1.0,29.0,200801,1000
hier_nb,LA-VT,200802,2,5.939017,1.0,1.0,1.0,12.0,200801,1000
hier_nb,LA-VT,200803,3,9.173607,14.0,1.0,1.0,26.0,200801,1000
hier_nb,LA-VT,200804,1,19.43354800000001,22.0,1.0,0.0,4.0,200804,1000
hier_nb,LA-VT,200805,2,24.572525999999996,20.0,1.0,1.0,17.0,200804,1000
hier_nb,LA-VT,200806,3,65.80224799999996,52.0,1.0,1.0,60.0,200804,1000
hier_nb,LA-VT,200807,1,117.85935499999994,66.0,1.0,1.0,132.0,200807,1000
hier_nb,LA-VT,200808,2,116.06985799999995,53.0,1.0,1.0,144.0,200807,1000
hier_nb,LA-VT,200809,3,100.10959200000002,20.5,1.0,1.0,158.0,200807,1000
hier_nb,LA-VT,200810,1,64.313717,27.0,1.0,1.0,95.0,200810,1000
hier_nb,LA-VT,200811,2,57.618213999999966,28.5,1.0,1.0,129.0,200810,1000
hier_nb,LA-VT,200812,3,33.731509,55.5,1.0,1.0,91.0,200810,1000
hier_nb,LA-VT,200901,1,13.770060999999998,22.0,1.0,1.0,38.0,200901,1000
hier_nb,LA-VT,200902,2,7.745375000000003,13.0,1.0,1.0,20.0,200901,1000
hier_nb,LA-VT,200903,3,8.867355000000003,3.0,1.0,1.0,19.0,200901,1000
hier_nb,LA-VT,200904,1,14.971799000000004,8.0,1.0,1.0,33.0,200904,1000
hier_nb,LA-VT,200905,2,73.62876399999999,61.5,1.0,1.0,54.0,200904,1000
hier_nb,LA-VT,200906,3,85.568893,51.0,1.0,1.0,104.0,200904,1000
hier_nb,LA-VT,200907,1,138.16504899999995,88.5,1.0,1.0,302.0,200907,1000
hier_nb,LA-VT,200908,2,141.37928,167.0,1.0,1.0,356.0,200907,1000
hier_nb,LA-VT,200909,3,182.60493399999996,280.0,1.0,1.0,470.0,200907,1000
hier_nb,LA-VT,200910,1,209.369098,350.0,1.0,0.0,527.0,200910,1000
hier_nb,LA-VT,200911,2,227.09040499999998,398.5,1.0,0.0,521.0,200910,1000
hier_nb,LA-VT,200912,3,215.40420600000002,328.0,0.0,0.0,366.0,200910,1000
hier_nb,LA-XA,200801,1,0.3209549999999999,0.0,1.0,1.0,0.0,200801,1000
hier_nb,LA-XA,200802,2,0.12238400000000005,0.0,1.0,1.0,0.0,200801,1000
hier_nb,LA-XA,200803,3,0.367494,0.0,1.0,1.0,0.0,200801,1000
hier_nb,LA-XA,200804,1,0.47259399999999996,0.0,1.0,1.0,0.0,200804,1000
hier_nb,LA-XA,200805,2,1.2528129999999997,1.0,1.0,1.0,2.0,200804,1000
hier_nb,LA-XA,200806,3,3.3790229999999983,2.0,1.0,1.0,6.0,200804,1000
hier_nb,LA-XA,200807,1,7.837216000000005,12.0,1.0,1.0,19.0,200807,1000
hier_nb,LA-XA,200808,2,5.740732000000001,2.0,1.0,1.0,7.0,200807,1000
hier_nb,LA-XA,200809,3,6.759945000000002,8.0,1.0,0.0,1.0,200807,1000
hier_nb,LA-XA,200810,1,3.8536479999999997,2.0,1.0,1.0,3.0,200810,1000
hier_nb,LA-XA,200811,2,1.9359330000000003,0.0,1.0,1.0,2.0,200810,1000
hier_nb,LA-XA,200812,3,0.6378979999999999,1.0,1.0,1.0,1.0,200810,1000
hier_nb,LA-XA,200901,1,0.24167899999999998,0.0,1.0,1.0,0.0,200901,1000
hier_nb,LA-XA,200902,2,0.14104800000000006,0.0,1.0,1.0,0.0,200901,1000
hier_nb,LA-XA,200903,3,0.22670499999999993,0.0,1.0,1.0,0.0,200901,1000
hier_nb,LA-XA,200904,1,0.44391500000000006,0.0,1.0,1.0,0.0,200904,1000
hier_nb,LA-XA,200905,2,2.2980029999999996,1.0,1.0,1.0,1.0,200904,1000
hier_nb,LA-XA,200906,3,6.1353159999999995,10.0,1.0,1.0,14.0,200904,1000
hier_nb,LA-XA,200907,1,6.565190999999999,3.0,1.0,1.0,11.0,200907,1000
hier_nb,LA-XA,200908,2,16.182455,29.0,1.0,0.0,37.0,200907,1000
hier_nb,LA-XA,200909,3,6.430068999999996,1.0,1.0,1.0,11.0,200907,1000
hier_nb,LA-XA,200910,1,4.280716000000002,1.0,1.0,1.0,5.0,200910,1000
hier_nb,LA-XA,200911,2,3.104635,0.0,1.0,1.0,5.0,200910,1000
hier_nb,LA-XA,200912,3,0.9609130000000006,1.0,1.0,1.0,0.0,200910,1000
hier_nb,LA-XE,200801,1,0.010202000000000003,0.0,1.0,1.0,0.0,200801,1000
hier_nb,LA-XE,200802,2,0.005140999999999993,0.0,1.0,1.0,0.0,200801,1000
hier_nb,LA-XE,200803,3,0.02083399999999999,0.0,1.0,1.0,0.0,200801,1000
hier_nb,LA-XE,200804,1,0.024160000000000015,0.0,1.0,1.0,0.0,200804,1000
hier_nb,LA-XE,200805,2,0.06619900000000001,0.0,1.0,1.0,0.0,200804,1000
hier_nb,LA-XE,200806,3,3.7466749999999998,5.0,0.0,0.0,5.0,200804,1000
hier_nb,LA-XE,200807,1,0.5437930000000004,0.0,1.0,1.0,0.0,200807,1000
hier_nb,LA-XE,200808,2,0.5860919999999998,0.0,1.0,1.0,0.0,200807,1000
hier_nb,LA-XE,200809,3,0.6273530000000003,0.0,1.0,1.0,1.0,200807,1000
hier_nb,LA-XE,200810,1,0.1499649999999999,0.0,1.0,1.0,0.0,200810,1000
hier_nb,LA-XE,200811,2,0.05236200000000002,0.0,1.0,1.0,0.0,200810,1000
hier_nb,LA-XE,200812,3,0.761476,1.0,1.0,0.0,1.0,200810,1000
hier_nb,LA-XE,200901,1,0.007644999999999985,0.0,1.0,1.0,0.0,200901,1000
hier_nb,LA-XE,200902,2,1.84625,2.0,0.0,0.0,2.0,200901,1000
hier_nb,LA-XE,200903,3,1.694906,2.0,0.0,0.0,2.0,200901,1000
hier_nb,LA-XE,200904,1,0.620799,1.0,1.0,0.0,1.0,200904,1000
hier_nb,LA-XE,200905,2,1.018865,2.0,1.0,0.0,2.0,200904,1000
hier_nb,LA-XE,200906,3,6.128362000000001,9.0,0.0,0.0,9.0,200904,1000
hier_nb,LA-XE,200907,1,23.051554000000003,28.0,0.0,0.0,29.0,200907,1000
hier_nb,LA-XE,200908,2,20.912827,26.0,0.0,0.0,27.0,200907,1000
hier_nb,LA-XE,200909,3,2.901687,5.0,1.0,0.0,6.0,200907,1000
hier_nb,LA-XE,200910,1,4.686522,7.0,0.0,0.0,7.0,200910,1000
hier_nb,LA-XE,200911,2,1.7783360000000001,3.0,1.0,0.0,3.0,200910,1000
hier_nb,LA-XE,200912,3,6.0941540000000005,7.0,0.0,0.0,7.0,200910,1000
hier_nb,LA-XI,200801,1,0.00036399999999999974,0.0,1.0,1.0,0.0,200801,1000
hier_nb,LA-XI,200802,2,3.600000000000044e-05,0.0,1.0,1.0,0.0,200801,1000
hier_nb,LA-XI,200803,3,0.0002249999999999995,0.0,1.0,1.0,0.0,200801,1000
hier_nb,LA-XI,200804,1,0.0006690000000000029,0.0,1.0,1.0,0.0,200804,1000
hier_nb,LA-XI,200805,2,0.0032900000000000013,0.0,1.0,1.0,0.0,200804,1000
hier_nb,LA-XI,200806,3,0.8550689999999999,1.0,0.0,0.0,1.0,200804,1000
hier_nb,LA-XI,200807,1,0.03907099999999997,0.0,1.0,1.0,0.0,200807,1000
hier_nb,LA-XI,200808,2,0.03850399999999998,0.0,1.0,1.0,0.0,200807,1000
hier_nb,LA-XI,200809,3,0.041574,0.0,1.0,1.0,0.0,200807,1000
hier_nb,LA-XI,200810,1,0.010263000000000022,0.0,1.0,1.0,0.0,200810,1000
hier_nb,LA-XI,200811,2,0.0027379999999999904,0.0,1.0,1.0,0.0,200810,1000
hier_nb,LA-XI,200812,3,0.00018199999999999814,0.0,1.0,1.0,0.0,200810,1000
hier_nb,LA-XI,200901,1,0.00012200000000000058,0.0,1.0,1.0,0.0,200901,1000
hier_nb,LA-XI,200902,2,0.00012099999999999958,0.0,1.0,1.0,0.0,200901,1000
hier_nb,LA-XI,200903,3,0.00017,0.0,1.0,1.0,0.0,200901,1000
hier_nb,LA-XI,200904,1,0.0008270000000000013,0.0,1.0,1.0,0.0,200904,1000
hier_nb,LA-XI,200905,2,38.419736,39.0,0.0,0.0,39.0,200904,1000
hier_nb,LA-XI,200906,3,32.294451,33.0,0.0,0.0,33.0,200904,1000
hier_nb,LA-XI,200907,1,0.7391299999999998,1.0,1.0,0.0,1.0,200907,1000
hier_nb,LA-XI,200908,2,6.572605,10.0,1.0,0.0,10.0,200907,1000
hier_nb,LA-XI,200909,3,0.386247,0.0,1.0,1.0,0.0,200907,1000
hier_nb,LA-XI,200910,1,0.04172399999999998,0.0,1.0,1.0,0.0,200910,1000
hier_nb,LA-XI,200911,2,0.03288900000000006,0.0,1.0,1.0,0.0,200910,1000
hier_nb,LA-XI,200912,3,0.0012280000000000069,0.0,1.0,1.0,0.0,200910,1000
persistence,LA-AT,200801,1,3.4171139999999998,4.0,0.0,0.0,4.0,200801,1000
persistence,LA-AT,200802,2,1.554761,2.0,1.0,0.0,2.0,200801,1000
persistence,LA-AT,200803,3,0.07196899999999973,0.0,1.0,1.0,0.0,200801,1000
persistence,LA-AT,200804,1,0.04711399999999988,0.0,1.0,1.0,0.0,200804,1000
persistence,LA-AT,200805,2,3.342761,4.0,0.0,0.0,4.0,200804,1000
persistence,LA-AT,200806,3,8.929969,10.0,0.0,0.0,10.0,200804,1000
persistence,LA-AT,200807,1,3.450605,4.0,0.0,0.0,6.0,200807,1000
persistence,LA-AT,200808,2,0.8260830000000001,1.0,1.0,0.0,11.0,200807,1000
persistence,LA-AT,200809,3,12.807471999999999,14.0,0.0,0.0,24.0,200807,1000
persistence,LA-AT,200810,1,21.839211000000002,23.0,0.0,0.0,47.0,200810,1000
persistence,LA-AT,200811,2,17.716617,19.0,0.0,0.0,43.0,200810,1000
persistence,LA-AT,200812,3,0.8262919999999996,1.0,1.0,0.0,23.0,200810,1000
persistence,LA-AT,200901,1,4.403041999999999,5.0,0.0,0.0,18.0,200901,1000
persistence,LA-AT,200902,2,21.580327999999998,23.0,0.0,0.0,46.0,200901,1000
persistence,LA-AT,200903,3,51.660003,54.0,0.0,0.0,77.0,200901,1000
persistence,LA-AT,200904,1,20.870388000000002,22.0,0.0,0.0,99.0,200904,1000
persistence,LA-AT,200905,2,74.407714,77.0,0.0,0.0,0.0,200904,1000
persistence,LA-AT,200906,3,50.686121,53.0,0.0,0.0,24.0,200904,1000
persistence,LA-AT,200907,1,38.397211,40.0,0.0,0.0,64.0,200907,1000
persistence,LA-AT,200908,2,2.492617,3.0,0.0,0.0,21.0,200907,1000
persistence,LA-AT,200909,3,6.1402920000000005,7.0,0.0,0.0,17.0,200907,1000
persistence,LA-AT,200910,1,12.098028,13.0,0.0,0.0,4.0,200910,1000
persistence,LA-AT,200911,2,0.8285939999999998,1.0,1.0,0.0,16.0,200910,1000
persistence,LA-AT,200912,3,9.930269000000001,11.0,0.0,0.0,6.0,200910,1000
persistence,LA-BK,200801,1,0.702799,1.0,1.0,0.0,1.0,200801,1000
persistence,LA-BK,200802,2,0.044157999999999975,0.0,1.0,1.0,0.0,200801,1000
persistence,LA-BK,200803,3,0.04958000000000001,0.0,1.0,1.0,0.0,200801,1000
persistence,LA-BK,200804,1,0.03879899999999997,0.0,1.0,1.0,0.0,200804,1000
persistence,LA-BK,200805,2,11.132158,12.0,0.0,0.0,12.0,200804,1000
persistence,LA-BK,200806,3,51.985580000000006,53.0,0.0,0.0,53.0,200804,1000
persistence,LA-BK,200807,1,50.223598,51.0,0.0,0.0,2.0,200807,1000
persistence,LA-BK,200808,2,43.128316,44.0,0.0,0.0,9.0,200807,1000
persistence,LA-BK,200809,3,19.03516,20.0,0.0,0.0,33.0,200807,1000
persistence,LA-BK,200810,1,14.223597999999999,15.0,0.0,0.0,48.0,200810,1000
persistence,LA-BK,200811,2,21.128316,22.0,0.0,0.0,55.0,200810,1000
persistence,LA-BK,200812,3,27.03516,28.0,0.0,0.0,5.0,200810,1000
persistence,LA-BK,200901,1,3.438492,4.0,0.0,0.0,1.0,200901,1000
persistence,LA-BK,200902,2,4.3407670000000005,5.0,0.0,0.0,0.0,200901,1000
persistence,LA-BK,200903,3,3.355307,4.0,0.0,0.0,1.0,200901,1000
persistence,LA-BK,200904,1,1.589023,2.0,0.0,0.0,3.0,200904,1000
persistence,LA-BK,200905,2,72.11584199999999,73.0,0.0,0.0,74.0,200904,1000
persistence,LA-BK,200906,3,214.01943599999998,215.0,0.0,0.0,216.0,200904,1000
persistence,LA-BK,200907,1,3.439598,4.0,0.0,0.0,212.0,200907,1000
persistence,LA-BK,200908,2,105.128316,106.0,0.0,0.0,110.0,200907,1000
persistence,LA-BK,200909,3,163.03516,164.0,0.0,0.0,52.0,200907,1000
persistence,LA-BK,200910,1,20.223598,21.0,0.0,0.0,31.0,200910,1000
persistence,LA-BK,200911,2,46.128316,47.0,0.0,0.0,5.0,200910,1000
persistence,LA-BK,200912,3,47.03516,48.0,0.0,0.0,4.0,200910,1000
persistence,LA-BL,200801,1,5.383502,9.0,1.0,1.0,10.0,200801,1000
persistence,LA-BL,200802,2,4.609445999999998,6.0,1.0,1.0,7.0,200801,1000
persistence,LA-BL,200803,3,4.952254,0.0,1.0,1.0,1.0,200801,1000
persistence,LA-BL,200804,1,2.695502000000001,2.0,1.0,1.0,3.0,200804,1000
persistence,LA-BL,200805,2,7.897445999999999,14.0,1.0,1.0,15.0,200804,1000
persistence,LA-BL,200806,3,9.692254000000002,18.0,1.0,1.0,19.0,200804,1000
persistence,LA-BL,200807,1,8.23891,12.0,1.0,0.0,31.0,200807,1000
persistence,LA-BL,200808,2,9.221346999999998,13.0,1.0,1.0,32.0,200807,1000
persistence,LA-BL,200809,3,9.298677000000001,11.0,1.0,1.0,30.0,200807,1000
persistence,LA-BL,200810,1,16.470322000000003,25.0,1.0,0.0,5.0,200810,1000
persistence,LA-BL,200811,2,12.262498,18.0,1.0,0.0,12.0,200810,1000
persistence,LA-BL,200812,3,17.99097,29.0,1.0,0.0,1.0,200810,1000
persistence,LA-BL,200901,1,2.511502,1.0,1.0,1.0,2.0,200901,1000
persistence,LA-BL,200902,2,3.6934460000000016,2.0,1.0,1.0,3.0,200901,1000
persistence,LA-BL,200903,3,4.9942540000000015,1.0,1.0,1.0,0.0,200901,1000
persistence,LA-BL,200904,1,2.5010209999999997,2.0,1.0,1.0,2.0,200904,1000
persistence,LA-BL,200905,2,3.323820999999999,0.0,1.0,1.0,0.0,200904,1000
persistence,LA-BL,200906,3,5.582812999999998,7.0,1.0,1.0,7.0,200904,1000
persistence,LA-BL,200907,1,17.514046,28.0,1.0,0.0,35.0,200907,1000
persistence,LA-BL,200908,2,4.609358000000002,2.0,1.0,1.0,9.0,200907,1000
persistence,LA-BL,200909,3,6.933896999999998,7.0,1.0,1.0,0.0,200907,1000
persistence,LA-BL,200910,1,2.3170210000000004,1.0,1.0,1.0,1.0,200910,1000
persistence,LA-BL,200911,2,3.4678210000000007,2.0,1.0,1.0,2.0,200910,1000
persistence,LA-BL,200912,3,4.764813,1.0,1.0,1.0,1.0,200910,1000
persistence,LA-CH,200801,1,9.094472000000003,9.0,1.0,1.0,73.0,200801,1000
persistence,LA-CH,200802,2,19.277769,26.0,1.0,0.0,90.0,200801,1000
persistence,LA-CH,200803,3,22.452036999999997,28.0,1.0,1.0,92.0,200801,1000
persistence,LA-CH,200804,1,16.585575000000002,23.0,1.0,0.0,69.0,200804,1000
persistence,LA-CH,200805,2,17.207692,21.0,1.0,1.0,113.0,200804,1000
persistence,LA-CH,200806,3,145.733314,203.0,0.0,0.0,295.0,200804,1000
persistence,LA-CH,200807,1,103.949944,133.0,0.0,0.0,162.0,200807,1000
persistence,LA-CH,200808,2,112.64280199999999,152.0,0.0,0.0,143.0,200807,1000
persistence,LA-CH,200809,3,73.553239,110.0,1.0,0.0,185.0,200807,1000
persistence,LA-CH,200810,1,31.000921000000005,45.0,1.0,0.0,140.0,200810,1000
persistence,LA-CH,200811,2,58.287541,83.0,1.0,0.0,102.0,200810,1000
persistence,LA-CH,200812,3,74.65110700000001,112.0,1.0,0.0,73.0,200810,1000
persistence,LA-CH,200901,1,28.518953000000003,42.0,1.0,0.0,31.0,200901,1000
persistence,LA-CH,200902,2,18.940767,25.0,1.0,0.0,48.0,200901,1000
persistence,LA-CH,200903,3,16.500345000000003,13.0,1.0,1.0,60.0,200901,1000
persistence,LA-CH,200904,1,28.357395999999998,42.0,1.0,0.0,102.0,200904,1000
persistence,LA-CH,200905,2,10.360133000000005,6.0,1.0,1.0,66.0,200904,1000
persistence,LA-CH,200906,3,41.64690100000001,64.0,1.0,0.0,124.0,200904,1000
persistence,LA-CH,200907,1,7.347732000000001,2.0,1.0,1.0,122.0,200907,1000
persistence,LA-CH,200908,2,14.241996999999998,14.0,1.0,1.0,110.0,200907,1000
persistence,LA-CH,200909,3,20.237555999999998,19.0,1.0,1.0,105.0,200907,1000
persistence,LA-CH,200910,1,31.559768,46.0,1.0,0.0,59.0,200910,1000
persistence,LA-CH,200911,2,48.322561,70.0,1.0,0.0,35.0,200910,1000
persistence,LA-CH,200912,3,48.408425,73.0,1.0,0.0,32.0,200910,1000
persistence,LA-HO,200801,1,0.8303219999999999,1.0,0.0,0.0,0.0,200801,1000
persistence,LA-HO,200802,2,0.8292019999999999,1.0,0.0,0.0,0.0,200801,1000
persistence,LA-HO,200803,3,0.820377,1.0,1.0,0.0,0.0,200801,1000
persistence,LA-HO,200804,1,0.014912999999999982,0.0,1.0,1.0,0.0,200804,1000
persistence,LA-HO,200805,2,0.013793,0.0,1.0,1.0,0.0,200804,1000
persistence,LA-HO,200806,3,0.015768000000000004,0.0,1.0,1.0,0.0,200804,1000
persistence,LA-HO,200807,1,0.014912999999999982,0.0,1.0,1.0,0.0,200807,1000
persistence,LA-HO,200808,2,0.013793,0.0,1.0,1.0,0.0,200807,1000
persistence,LA-HO,200809,3,0.809768,1.0,1.0,0.0,1.0,200807,1000
persistence,LA-HO,200810,1,0.8303219999999999,1.0,0.0,0.0,0.0,200810,1000
persistence,LA-HO,200811,2,0.8292019999999999,1.0,0.0,0.0,0.0,200810,1000
persistence,LA-HO,200812,3,0.026376999999999984,0.0,1.0,1.0,1.0,200810,1000
persistence,LA-HO,200901,1,0.8303219999999999,1.0,0.0,0.0,0.0,200901,1000
persistence,LA-HO,200902,2,0.8292019999999999,1.0,0.0,0.0,0.0,200901,1000
persistence,LA-HO,200903,3,0.820377,1.0,1.0,0.0,0.0,200901,1000
persistence,LA-HO,200904,1,0.014912999999999982,0.0,1.0,1.0,0.0,200904,1000
persistence,LA-HO,200905,2,0.013793,0.0,1.0,1.0,0.0,200904,1000
persistence,LA-HO,200906,3,0.015768000000000004,0.0,1.0,1.0,0.0,200904,1000
persistence,LA-HO,200907,1,0.014912999999999982,0.0,1.0,1.0,0.0,200907,1000
persistence,LA-HO,200908,2,0.013793,0.0,1.0,1.0,0.0,200907,1000
persistence,LA-HO,200909,3,0.809768,1.0,1.0,0.0,1.0,200907,1000
persistence,LA-HO,200910,1,0.02432200000000001,0.0,1.0,1.0,1.0,200910,1000
persistence,LA-HO,200911,2,0.023202,0.0,1.0,1.0,1.0,200910,1000
persistence,LA-HO,200912,3,0.026376999999999984,0.0,1.0,1.0,1.0,200910,1000
persistence,LA-KH,200801,1,1.3149230000000003,0.0,1.0,1.0,0.0,200801,1000
persistence,LA-KH,200802,2,2.0702239999999996,0.0,1.0,1.0,0.0,200801,1000
persistence,LA-KH,200803,3,2.6522299999999994,0.0,1.0,1.0,0.0,200801,1000
persistence,LA-KH,200804,1,1.3149230000000003,0.0,1.0,1.0,0.0,200804,1000
persistence,LA-KH,200805,2,2.0702239999999996,0.0,1.0,1.0,0.0,200804,1000
persistence,LA-KH,200806,3,3.0462299999999978,1.0,1.0,1.0,1.0,200804,1000
persistence,LA-KH,200807,1,2.403284000000001,2.0,1.0,0.0,3.0,200807,1000
persistence,LA-KH,200808,2,2.5886239999999994,1.0,1.0,1.0,0.0,200807,1000
persistence,LA-KH,200809,3,4.036038999999999,3.0,1.0,1.0,4.0,200807,1000
persistence,LA-KH,200810,1,3.125885000000002,3.0,1.0,0.0,1.0,200810,1000
persistence,LA-KH,200811,2,2.7576459999999976,1.0,1.0,1.0,3.0,200810,1000
persistence,LA-KH,200812,3,2.9661490000000015,0.0,1.0,1.0,4.0,200810,1000
persistence,LA-KH,200901,1,3.7138849999999994,4.0,1.0,0.0,0.0,200901,1000
persistence,LA-KH,200902,2,4.333645999999998,4.0,1.0,0.0,0.0,200901,1000
persistence,LA-KH,200903,3,3.7961489999999998,2.0,1.0,1.0,6.0,200901,1000
persistence,LA-KH,200904,1,4.995498000000001,6.0,1.0,0.0,0.0,200904,1000
persistence,LA-KH,200905,2,2.422528,0.0,1.0,1.0,6.0,200904,1000
persistence,LA-KH,200906,3,54.16718900000001,74.0,0.0,0.0,80.0,200904,1000
persistence,LA-KH,200907,1,60.490204000000006,75.0,0.0,0.0,155.0,200907,1000
persistence,LA-KH,200908,2,191.18032499999998,223.0,0.0,0.0,303.0,200907,1000
persistence,LA-KH,200909,3,163.22992399999998,197.0,0.0,0.0,277.0,200907,1000
persistence,LA-KH,200910,1,169.74701399999998,192.0,0.0,0.0,85.0,200910,1000
persistence,LA-KH,200911,2,185.115734,216.0,0.0,0.0,61.0,200910,1000
persistence,LA-KH,200912,3,175.88018300000002,210.0,0.0,0.0,67.0,200910,1000
persistence,LA-LM,200801,1,0.006301999999999974,0.0,1.0,1.0,0.0,200801,1000
persistence,LA-LM,200802,2,0.007978000000000013,0.0,1.0,1.0,0.0,200801,1000
persistence,LA-LM,200803,3,0.008063000000000015,0.0,1.0,1.0,0.0,200801,1000
persistence,LA-LM,200804,1,0.006301999999999974,0.0,1.0,1.0,0.0,200804,1000
persistence,LA-LM,200805,2,0.007978000000000013,0.0,1.0,1.0,0.0,200804,1000
persistence,LA-LM,200806,3,0.008063000000000015,0.0,1.0,1.0,0.0,200804,1000
persistence,LA-LM,200807,1,0.006301999999999974,0.0,1.0,1.0,0.0,200807,1000
persistence,LA-LM,200808,2,0.007978000000000013,0.0,1.0,1.0,0.0,200807,1000
persistence,LA-LM,200809,3,0.008063000000000015,0.0,1.0,1.0,0.0,200807,1000
persistence,LA-LM,200810,1,0.006301999999999974,0.0,1.0,1.0,0.0,200810,1000
persistence,LA-LM,200811,2,0.007978000000000013,0.0,1.0,1.0,0.0,200810,1000
persistence,LA-LM,200812,3,0.008063000000000015,0.0,1.0,1.0,0.0,200810,1000
persistence,LA-LM,200901,1,0.006301999999999974,0.0,1.0,1.0,0.0,200901,1000
persistence,LA-LM,200902,2,0.007978000000000013,0.0,1.0,1.0,0.0,200901,1000
persistence,LA-LM,200903,3,0.008063000000000015,0.0,1.0,1.0,0.0,200901,1000
persistence,LA-LM,200904,1,0.880302,1.0,0.0,0.0,1.0,200904,1000
persistence,LA-LM,200905,2,0.007978000000000013,0.0,1.0,1.0,0.0,200904,1000
persistence,LA-LM,200906,3,1.770063,2.0,0.0,0.0,2.0,200904,1000
persistence,LA-LM,200907,1,0.886035,1.0,0.0,0.0,1.0,200907,1000
persistence,LA-LM,200908,2,1.7772029999999999,2.0,0.0,0.0,0.0,200907,1000
persistence,LA-LM,200909,3,1.777288,2.0,0.0,0.0,4.0,200907,1000
persistence,LA-LM,200910,1,0.8865399999999999,1.0,0.0,0.0,5.0,200910,1000
persistence,LA-LM,200911,2,1.7778919999999998,2.0,0.0,0.0,6.0,200910,1000
persistence,LA-LM,200912,3,0.01604500000000003,0.0,1.0,1.0,4.0,200910,1000
persistence,LA-LP,200801,1,3.4616930000000004,5.0,1.0,1.0,0.0,200801,1000
persistence,LA-LP,200802,2,6.91244,11.0,1.0,0.0,16.0,200801,1000
persistence,LA-LP,200803,3,10.133757000000001,17.0,1.0,0.0,22.0,200801,1000
persistence,LA-LP,200804,1,7.5871960000000005,11.0,1.0,0.0,33.0,200804,1000
persistence,LA-LP,200805,2,77.70587800000001,94.0,0.0,0.0,116.0,200804,1000
persistence,LA-LP,200806,3,116.670978,138.0,0.0,0.0,160.0,200804,1000
persistence,LA-LP,200807,1,129.93954599999998,144.0,0.0,0.0,16.0,200807,1000
persistence,LA-LP,200808,2,128.21567000000002,147.0,0.0,0.0,13.0,200807,1000
persistence,LA-LP,200809,3,124.816253,146.0,0.0,0.0,14.0,200807,1000
persistence,LA-LP,200810,1,13.347094,19.0,1.0,0.0,33.0,200810,1000
persistence,LA-LP,200811,2,84.94253,102.0,0.0,0.0,116.0,200810,1000
persistence,LA-LP,200812,3,124.888534,147.0,0.0,0.0,161.0,200810,1000
persistence,LA-LP,200901,1,146.497715,161.0,0.0,0.0,0.0,200901,1000
persistence,LA-LP,200902,2,141.643959,161.0,0.0,0.0,0.0,200901,1000
persistence,LA-LP,200903,3,139.126542,161.0,0.0,0.0,0.0,200901,1000
persistence,LA-LP,200904,1,1.1242739999999998,0.0,1.0,1.0,0.0,200904,1000
persistence,LA-LP,200905,2,1.7111450000000001,0.0,1.0,1.0,0.0,200904,1000
persistence,LA-LP,200906,3,5.2004459999999995,9.0,1.0,1.0,9.0,200904,1000
persistence,LA-LP,200907,1,14.802083,21.0,1.0,0.0,30.0,200907,1000
persistence,LA-LP,200908,2,15.036038999999999,23.0,1.0,0.0,32.0,200907,1000
persistence,LA-LP,200909,3,278.002476,304.0,0.0,0.0,313.0,200907,1000
persistence,LA-LP,200910,1,133.848548,148.0,0.0,0.0,165.0,200910,1000
persistence,LA-LP,200911,2,204.57629,226.0,0.0,0.0,87.0,200910,1000
persistence,LA-LP,200912,3,288.208892,313.0,0.0,0.0,0.0,200910,1000
persistence,LA-OU,200801,1,0.006034999999999999,0.0,1.0,1.0,0.0,200801,1000
persistence,LA-OU,200802,2,0.004123000000000002,0.0,1.0,1.0,0.0,200801,1000
persistence,LA-OU,200803,3,0.00800999999999999,0.0,1.0,1.0,0.0,200801,1000
persistence,LA-OU,200804,1,0.006034999999999999,0.0,1.0,1.0,0.0,200804,1000
persistence,LA-OU,200805,2,0.004123000000000002,0.0,1.0,1.0,0.0,200804,1000
persistence,LA-OU,200806,3,0.00800999999999999,0.0,1.0,1.0,0.0,200804,1000
persistence,LA-OU,200807,1,0.006034999999999999,0.0,1.0,1.0,0.0,200807,1000
persistence,LA-OU,200808,2,0.004123000000000002,0.0,1.0,1.0,0.0,200807,1000
persistence,LA-OU,200809,3,0.00800999999999999,0.0,1.0,1.0,0.0,200807,1000
persistence,LA-OU,200810,1,0.006034999999999999,0.0,1.0,1.0,0.0,200810,1000
persistence,LA-OU,200811,2,0.004123000000000002,0.0,1.0,1.0,0.0,200810,1000
persistence,LA-OU,200812,3,0.00800999999999999,0.0,1.0,1.0,0.0,200810,1000
persistence,LA-OU,200901,1,0.006034999999999999,0.0,1.0,1.0,0.0,200901,1000
persistence,LA-OU,200902,2,0.004123000000000002,0.0,1.0,1.0,0.0,200901,1000
persistence,LA-OU,200903,3,0.00800999999999999,0.0,1.0,1.0,0.0,200901,1000
persistence,LA-OU,200904,1,0.006034999999999999,0.0,1.0,1.0,0.0,200904,1000
persistence,LA-OU,200905,2,0.004123000000000002,0.0,1.0,1.0,0.0,200904,1000
persistence,LA-OU,200906,3,0.00800999999999999,0.0,1.0,1.0,0.0,200904,1000
persistence,LA-OU,200907,1,0.006034999999999999,0.0,1.0,1.0,0.0,200907,1000
persistence,LA-OU,200908,2,0.886123,1.0,0.0,0.0,1.0,200907,1000
persistence,LA-OU,200909,3,14.716009999999999,15.0,0.0,0.0,15.0,200907,1000
persistence,LA-OU,200910,1,8.76207,9.0,0.0,0.0,6.0,200910,1000
persistence,LA-OU,200911,2,1.8482459999999998,2.0,0.0,0.0,13.0,200910,1000
persistence,LA-OU,200912,3,2.7500199999999997,3.0,0.0,0.0,18.0,200910,1000
persistence,LA-PH,200901,1,0.0002559999999999993,0.0,1.0,1.0,0.0,200901,1000
persistence,LA-PH,200902,2,0.0002559999999999993,0.0,1.0,1.0,0.0,200901,1000
persistence,LA-PH,200903,3,0.0003239999999999979,0.0,1.0,1.0,0.0,200901,1000
persistence,LA-PH,200904,1,0.0002559999999999993,0.0,1.0,1.0,0.0,200904,1000
persistence,LA-PH,200905,2,0.0002559999999999993,0.0,1.0,1.0,0.0,200904,1000
persistence,LA-PH,200906,3,0.0003239999999999979,0.0,1.0,1.0,0.0,200904,1000
persistence,LA-PH,200907,1,0.0002559999999999993,0.0,1.0,1.0,0.0,200907,1000
persistence,LA-PH,200909,3,0.0003239999999999979,0.0,1.0,1.0,0.0,200907,1000
persistence,LA-PH,200910,1,0.0002559999999999993,0.0,1.0,1.0,0.0,200910,1000
persistence,LA-PH,200911,2,0.0002559999999999993,0.0,1.0,1.0,0.0,200910,1000
persistence,LA-PH,200912,3,0.0003239999999999979,0.0,1.0,1.0,0.0,200910,1000
persistence,LA-SL,200801,1,5.888300000000001,7.0,0.0,0.0,0.0,200801,1000
persistence,LA-SL,200802,2,4.932642,6.0,0.0,0.0,1.0,200801,1000
persistence,LA-SL,200803,3,1.538814,2.0,1.0,0.0,5.0,200801,1000
persistence,LA-SL,200804,1,2.4083299999999994,3.0,0.0,0.0,2.0,200804,1000
persistence,LA-SL,200805,2,94.77106500000001,100.0,0.0,0.0,105.0,200804,1000
persistence,LA-SL,200806,3,215.529118,221.0,0.0,0.0,226.0,200804,1000
persistence,LA-SL,200807,1,144.638988,148.0,0.0,0.0,78.0,200807,1000
persistence,LA-SL,200808,2,157.654794,163.0,0.0,0.0,63.0,200807,1000
persistence,LA-SL,200809,3,135.591742,141.0,0.0,0.0,85.0,200807,1000
persistence,LA-SL,200810,1,5.024252000000001,6.0,0.0,0.0,91.0,200810,1000
persistence,LA-SL,200811,2,59.913664,64.0,0.0,0.0,21.0,200810,1000
persistence,LA-SL,200812,3,72.336984,77.0,0.0,0.0,8.0,200810,1000
persistence,LA-SL,200901,1,5.890064000000001,7.0,0.0,0.0,1.0,200901,1000
persistence,LA-SL,200902,2,14.107242999999999,16.0,0.0,0.0,24.0,200901,1000
persistence,LA-SL,200903,3,14.945415000000002,17.0,0.0,0.0,25.0,200901,1000
persistence,LA-SL,200904,1,5.018927,6.0,0.0,0.0,19.0,200904,1000
persistence,LA-SL,200905,2,91.851327,97.0,0.0,0.0,122.0,200904,1000
persistence,LA-SL,200906,3,14.970665,17.0,0.0,0.0,42.0,200904,1000
persistence,LA-SL,200907,1,118.6355,122.0,0.0,0.0,164.0,200907,1000
persistence,LA-SL,200908,2,80.18723700000001,85.0,0.0,0.0,127.0,200907,1000
persistence,LA-SL,200909,3,45.277277,49.0,0.0,0.0,91.0,200907,1000
persistence,LA-SL,200910,1,2.4346360000000002,3.0,0.0,0.0,94.0,200910,1000
persistence,LA-SL,200911,2,43.493157999999994,47.0,0.0,0.0,44.0,200910,1000
persistence,LA-SL,200912,3,69.439998,74.0,0.0,0.0,17.0,200910,1000
persistence,LA-SV,200801,1,4.8442229999999995,1.0,1.0,1.0,1.0,200801,1000
persistence,LA-SV,200802,2,8.673057,1.0,1.0,1.0,1.0,200801,1000
persistence,LA-SV,200803,3,12.976106999999999,1.0,1.0,1.0,1.0,200801,1000
persistence,LA-SV,200804,1,5.031711999999999,1.0,1.0,1.0,0.0,200804,1000
persistence,LA-SV,200805,2,8.798821000000004,0.0,1.0,1.0,1.0,200804,1000
persistence,LA-SV,200806,3,14.938783,9.0,1.0,1.0,10.0,200804,1000
persistence,LA-SV,200807,1,5.993041000000005,1.0,1.0,1.0,11.0,200807,1000
persistence,LA-SV,200808,2,11.269002999999998,6.0,1.0,1.0,4.0,200807,1000
persistence,LA-SV,200809,3,16.011347999999998,8.0,1.0,1.0,2.0,200807,1000
persistence,LA-SV,200810,1,7.473481,8.0,1.0,1.0,10.0,200810,1000
persistence,LA-SV,200811,2,8.967742000000001,0.0,1.0,1.0,2.0,200810,1000
persistence,LA-SV,200812,3,13.509918999999996,2.0,1.0,1.0,0.0,200810,1000
persistence,LA-SV,200901,1,4.710222999999999,0.0,1.0,1.0,0.0,200901,1000
persistence,LA-SV,200902,2,8.589056999999997,0.0,1.0,1.0,0.0,200901,1000
persistence,LA-SV,200903,3,12.924106999999992,0.0,1.0,1.0,0.0,200901,1000
persistence,LA-SV,200904,1,4.710222999999999,0.0,1.0,1.0,0.0,200904,1000
persistence,LA-SV,200905,2,8.589056999999997,0.0,1.0,1.0,0.0,200904,1000
persistence,LA-SV,200906,3,12.976106999999999,1.0,1.0,1.0,1.0,200904,1000
persistence,LA-SV,200907,1,9.081712000000003,12.0,1.0,1.0,13.0,200907,1000
persistence,LA-SV,200908,2,21.414821000000003,33.0,1.0,1.0,34.0,200907,1000
persistence,LA-SV,200909,3,29.858783000000003,47.0,1.0,1.0,48.0,200907,1000
persistence,LA-SV,200910,1,22.608721999999993,32.0,1.0,0.0,16.0,200910,1000
persistence,LA-SV,200911,2,17.216891000000004,15.0,1.0,1.0,33.0,200910,1000
persistence,LA-SV,200912,3,33.27619299999999,44.0,1.0,1.0,4.0,200910,1000
persistence,LA-VT,200801,1,43.562509000000006,69.0,1.0,0.0,29.0,200801,1000
persistence,LA-VT,200802,2,53.531439000000006,86.0,1.0,1.0,12.0,200801,1000
persistence,LA-VT,200803,3,53.29954199999999,72.0,1.0,1.0,26.0,200801,1000
persistence,LA-VT,200804,1,17.354836999999996,22.0,1.0,1.0,4.0,200804,1000
persistence,LA-VT,200805,2,23.829443999999995,9.0,1.0,1.0,17.0,200804,1000
persistence,LA-VT,200806,3,34.40855599999999,34.0,1.0,1.0,60.0,200804,1000
persistence,LA-VT,200807,1,44.285050999999996,72.0,1.0,0.0,132.0,200807,1000
persistence,LA-VT,200808,2,49.550028999999995,84.0,1.0,1.0,144.0,200807,1000
persistence,LA-VT,200809,3,57.28912399999999,98.0,1.0,1.0,158.0,200807,1000
persistence,LA-VT,200810,1,40.699749000000004,63.0,1.0,0.0,95.0,200810,1000
persistence,LA-VT,200811,2,36.577602999999996,29.0,1.0,1.0,129.0,200810,1000
persistence,LA-VT,200812,3,56.08934400000001,67.0,1.0,1.0,91.0,200810,1000
persistence,LA-VT,200901,1,33.955966000000004,53.0,1.0,0.0,38.0,200901,1000
persistence,LA-VT,200902,2,46.578158000000016,71.0,1.0,1.0,20.0,200901,1000
persistence,LA-VT,200903,3,52.60918800000002,72.0,1.0,1.0,19.0,200901,1000
persistence,LA-VT,200904,1,14.502862999999998,14.0,1.0,1.0,33.0,200904,1000
persistence,LA-VT,200905,2,26.674568000000008,35.0,1.0,1.0,54.0,200904,1000
persistence,LA-VT,200906,3,45.832223,85.0,1.0,1.0,104.0,200904,1000
persistence,LA-VT,200907,1,142.69739800000002,198.0,0.0,0.0,302.0,200907,1000
persistence,LA-VT,200908,2,166.135237,252.0,0.0,0.0,356.0,200907,1000
persistence,LA-VT,200909,3,238.83145099999996,366.0,0.0,0.0,470.0,200907,1000
persistence,LA-VT,200910,1,37.81561000000001,57.0,1.0,0.0,527.0,200910,1000
persistence,LA-VT,200911,2,44.86481699999999,51.0,1.0,1.0,521.0,200910,1000
persistence,LA-VT,200912,3,73.67705999999998,104.0,1.0,1.0,366.0,200910,1000
persistence,LA-XA,200801,1,1.370140000000001,1.0,1.0,1.0,0.0,200801,1000
persistence,LA-XA,200802,2,1.726794,1.0,1.0,1.0,0.0,200801,1000
persistence,LA-XA,200803,3,2.4291660000000004,1.0,1.0,1.0,0.0,200801,1000
persistence,LA-XA,200804,1,0.9566909999999993,0.0,1.0,1.0,0.0,200804,1000
persistence,LA-XA,200805,2,2.003665,2.0,1.0,1.0,2.0,200804,1000
persistence,LA-XA,200806,3,4.741557,6.0,1.0,0.0,6.0,200804,1000
persistence,LA-XA,200807,1,9.660272,13.0,1.0,0.0,19.0,200807,1000
persistence,LA-XA,200808,2,1.9991069999999986,1.0,1.0,1.0,7.0,200807,1000
persistence,LA-XA,200809,3,4.655937,5.0,1.0,0.0,1.0,200807,1000
persistence,LA-XA,200810,1,1.8581400000000006,2.0,1.0,1.0,3.0,200810,1000
persistence,LA-XA,200811,2,1.726794,1.0,1.0,1.0,2.0,200810,1000
persistence,LA-XA,200812,3,2.223166000000001,0.0,1.0,1.0,1.0,200810,1000
persistence,LA-XA,200901,1,1.370140000000001,1.0,1.0,1.0,0.0,200901,1000
persistence,LA-XA,200902,2,1.726794,1.0,1.0,1.0,0.0,200901,1000
persistence,LA-XA,200903,3,2.4291660000000004,1.0,1.0,1.0,0.0,200901,1000
persistence,LA-XA,200904,1,0.9566909999999993,0.0,1.0,1.0,0.0,200904,1000
persistence,LA-XA,200905,2,1.5876649999999994,1.0,1.0,1.0,1.0,200904,1000
persistence,LA-XA,200906,3,9.675557000000001,14.0,1.0,0.0,14.0,200904,1000
persistence,LA-XA,200907,1,2.7803690000000003,3.0,1.0,0.0,11.0,200907,1000
persistence,LA-XA,200908,2,17.094084000000002,23.0,1.0,0.0,37.0,200907,1000
persistence,LA-XA,200909,3,3.863987999999999,3.0,1.0,1.0,11.0,200907,1000
persistence,LA-XA,200910,1,4.720613,6.0,1.0,0.0,5.0,200910,1000
persistence,LA-XA,200911,2,4.825930999999999,6.0,1.0,0.0,5.0,200910,1000
persistence,LA-XA,200912,3,8.469738999999999,11.0,1.0,0.0,0.0,200910,1000
persistence,LA-XE,200801,1,0.6979409999999999,1.0,1.0,0.0,0.0,200801,1000
persistence,LA-XE,200802,2,0.6954600000000001,1.0,1.0,0.0,0.0,200801,1000
persistence,LA-XE,200803,3,0.6880539999999999,1.0,1.0,0.0,0.0,200801,1000
persistence,LA-XE,200804,1,0.06750500000000004,0.0,1.0,1.0,0.0,200804,1000
persistence,LA-XE,200805,2,0.07135999999999998,0.0,1.0,1.0,0.0,200804,1000
persistence,LA-XE,200806,3,4.053398,5.0,0.0,0.0,5.0,200804,1000
persistence,LA-XE,200807,1,4.160576,5.0,0.0,0.0,0.0,200807,1000
persistence,LA-XE,200808,2,4.131926999999999,5.0,0.0,0.0,0.0,200807,1000
persistence,LA-XE,200809,3,3.2153919999999996,4.0,0.0,0.0,1.0,200807,1000
persistence,LA-XE,200810,1,0.6979409999999999,1.0,1.0,0.0,0.0,200810,1000
persistence,LA-XE,200811,2,0.6954600000000001,1.0,1.0,0.0,0.0,200810,1000
persistence,LA-XE,200812,3,0.120054,0.0,1.0,1.0,1.0,200810,1000
persistence,LA-XE,200901,1,0.6979409999999999,1.0,1.0,0.0,0.0,200901,1000
persistence,LA-XE,200902,2,0.6954600000000001,1.0,1.0,0.0,2.0,200901,1000
persistence,LA-XE,200903,3,0.6880539999999999,1.0,1.0,0.0,2.0,200901,1000
persistence,LA-XE,200904,1,0.71307,1.0,1.0,0.0,1.0,200904,1000
persistence,LA-XE,200905,2,0.13210100000000002,0.0,1.0,1.0,2.0,200904,1000
persistence,LA-XE,200906,3,6.022938,7.0,0.0,0.0,9.0,200904,1000
persistence,LA-XE,200907,1,19.060946,20.0,0.0,0.0,29.0,200907,1000
persistence,LA-XE,200908,2,16.974494,18.0,0.0,0.0,27.0,200907,1000
persistence,LA-XE,200909,3,2.3166710000000004,3.0,0.0,0.0,6.0,200907,1000
persistence,LA-XE,200910,1,0.722745,1.0,1.0,0.0,7.0,200910,1000
persistence,LA-XE,200911,2,2.3122510000000003,3.0,0.0,0.0,3.0,200910,1000
persistence,LA-XE,200912,3,0.713921,1.0,1.0,0.0,7.0,200910,1000
persistence,LA-XI,200801,1,0.0006890000000000021,0.0,1.0,1.0,0.0,200801,1000
persistence,LA-XI,200802,2,0.0006890000000000021,0.0,1.0,1.0,0.0,200801,1000
persistence,LA-XI,200803,3,0.0007570000000000007,0.0,1.0,1.0,0.0,200801,1000
persistence,LA-XI,200804,1,0.0006890000000000021,0.0,1.0,1.0,0.0,200804,1000
persistence,LA-XI,200805,2,0.0006890000000000021,0.0,1.0,1.0,0.0,200804,1000
persistence,LA-XI,200806,3,0.948757,1.0,0.0,0.0,1.0,200804,1000
persistence,LA-XI,200807,1,0.951314,1.0,0.0,0.0,0.0,200807,1000
persistence,LA-XI,200808,2,0.951314,1.0,0.0,0.0,0.0,200807,1000
persistence,LA-XI,200809,3,0.9494329999999999,1.0,0.0,0.0,0.0,200807,1000
persistence,LA-XI,200810,1,0.0006890000000000021,0.0,1.0,1.0,0.0,200810,1000
persistence,LA-XI,200811,2,0.0006890000000000021,0.0,1.0,1.0,0.0,200810,1000
persistence,LA-XI,200812,3,0.0007570000000000007,0.0,1.0,1.0,0.0,200810,1000
persistence,LA-XI,200901,1,0.0006890000000000021,0.0,1.0,1.0,0.0,200901,1000
persistence,LA-XI,200902,2,0.0006890000000000021,0.0,1.0,1.0,0.0,200901,1000
persistence,LA-XI,200903,3,0.0007570000000000007,0.0,1.0,1.0,0.0,200901,1000
persistence,LA-XI,200904,1,0.0006890000000000021,0.0,1.0,1.0,0.0,200904,1000
persistence,LA-XI,200905,2,38.934689,39.0,0.0,0.0,39.0,200904,1000
persistence,LA-XI,200906,3,32.93075700000001,33.0,0.0,0.0,33.0,200904,1000
persistence,LA-XI,200907,1,31.935378,32.0,0.0,0.0,1.0,200907,1000
persistence,LA-XI,200908,2,22.935378,23.0,0.0,0.0,10.0,200907,1000
persistence,LA-XI,200909,3,32.931514,33.0,0.0,0.0,0.0,200907,1000
persistence,LA-XI,200910,1,0.0006890000000000021,0.0,1.0,1.0,0.0,200910,1000
persistence,LA-XI,200911,2,0.0006890000000000021,0.0,1.0,1.0,0.0,200910,1000
persistence,LA-XI,200912,3,0.0007570000000000007,0.0,1.0,1.0,0.0,200910,1000
reference,LA-AT,200801,1,2.8567204999999998,4.0,0.0,0.0,4.0,200801,4000
reference,LA-AT,200802,2,1.2271735000000001,2.0,1.0,0.0,2.0,200801,4000
reference,LA-AT,200803,3,0.07830275000000002,0.0,1.0,1.0,0.0,200801,4000
reference,LA-AT,200804,1,0.50567575,0.75,1.0,1.0,0.0,200804,4000
reference,LA-AT,200805,2,1.56358275,2.75,1.0,1.0,4.0,200804,4000
reference,LA-AT,200806,3,4.13374575,7.5,1.0,0.0,10.0,200804,4000
reference,LA-AT,200807,1,3.5250217500000014,5.0,1.0,0.5,6.0,200807,4000
reference,LA-AT,200808,2,6.766005999999999,10.5,1.0,0.0,11.0,200807,4000
reference,LA-AT,200809,3,17.3033775,23.75,0.0,0.0,24.0,200807,4000
reference,LA-AT,200810,1,30.770417750000004,42.375,0.0,0.0,47.0,200810,4000
reference,LA-AT,200811,2,33.719483249999996,40.75,0.0,0.0,43.0,200810,4000
reference,LA-AT,200812,3,17.15468825,21.75,0.0,0.0,23.0,200810,4000
reference,LA-AT,200901,1,8.29974025,14.0,1.0,0.0,18.0,200901,4000
reference,LA-AT,200902,2,38.76478525,43.75,0.0,0.0,46.0,200901,4000
reference,LA-AT,200903,3,58.793637249999996,71.5,0.0,0.0,77.0,200901,4000
reference,LA-AT,200904,1,50.53175225,79.75,0.5,0.0,99.0,200904,4000
reference,LA-AT,200905,2,48.449870499999996,63.0,0.0,0.0,0.0,200904,4000
reference,LA-AT,200906,3,39.38997125,48.25,1.0,0.75,24.0,200904,4000
reference,LA-AT,200907,1,48.98766975,63.25,0.0,0.0,64.0,200907,4000
reference,LA-AT,200908,2,14.9626135,21.0,0.0,0.0,21.0,200907,4000
reference,LA-AT,200909,3,10.221228499999999,16.25,1.0,0.0,17.0,200907,4000
reference,LA-AT,200910,1,6.4422120000000005,6.0,1.0,1.0,4.0,200910,4000
reference,LA-AT,200911,2,6.16758375,6.75,1.0,1.0,16.0,200910,4000
reference,LA-AT,200912,3,5.693875249999999,3.75,1.0,1.0,6.0,200910,4000
reference,LA-BK,200801,1,0.95601925,1.0,0.0,0.0,1.0,200801,4000
reference,LA-BK,200802,2,4.6500000000000046e-05,0.0,1.0,1.0,0.0,200801,4000
reference,LA-BK,200803,3,2.8000000000000247e-05,0.0,1.0,1.0,0.0,200801,4000
reference,LA-BK,200804,1,0.0264175,0.0,1.0,1.0,0.0,200804,4000
reference,LA-BK,200805,2,10.713214999999998,12.0,0.0,0.0,12.0,200804,4000
reference,LA-BK,200806,3,50.8679235,53.0,0.0,0.0,53.0,200804,4000
reference,LA-BK,200807,1,1.96930125,1.0,1.0,1.0,2.0,200807,4000
reference,LA-BK,200808,2,5.856817999999999,9.0,1.0,0.0,9.0,200807,4000
reference,LA-BK,200809,3,21.435879749999998,32.0,1.0,0.0,33.0,200807,4000
reference,LA-BK,200810,1,21.940763500000003,20.125,1.0,1.0,48.0,200810,4000
reference,LA-BK,200811,2,47.66615875,53.375,0.0,0.0,55.0,200810,4000
reference,LA-BK,200812,3,2.97199575,4.75,0.75,0.0,5.0,200810,4000
reference,LA-BK,200901,1,0.45439075,0.0,1.0,1.0,1.0,200901,4000
reference,LA-BK,200902,2,0.30116375,0.0,1.0,1.0,0.0,200901,4000
reference,LA-BK,200903,3,0.6673817500000001,0.25,1.0,1.0,1.0,200901,4000
reference,LA-BK,200904,1,1.287469,0.0,1.0,1.0,3.0,200904,4000
reference,LA-BK,200905,2,43.308491000000004,62.75,0.0,0.0,74.0,200904,4000
reference,LA-BK,200906,3,146.54898674999998,192.625,0.0,0.0,216.0,200904,4000
reference,LA-BK,200907,1,188.15685825,211.25,0.0,0.0,212.0,200907,4000
reference,LA-BK,200908,2,90.8190615,109.25,0.0,0.0,110.0,200907,4000
reference,LA-BK,200909,3,38.901625249999995,51.25,0.0,0.0,52.0,200907,4000
reference,LA-BK,200910,1,20.581325999999997,11.375,1.0,1.0,31.0,200910,4000
reference,LA-BK,200911,2,12.810468749999998,15.75,1.0,0.5,5.0,200910,4000
reference,LA-BK,200912,3,4.833049750000001,4.75,1.0,1.0,4.0,200910,4000
reference,LA-BL,200801,1,5.3708495,8.25,0.75,0.0,10.0,200801,4000
reference,LA-BL,200802,2,5.84484275,7.0,0.0,0.0,7.0,200801,4000
reference,LA-BL,200803,3,0.42230275,1.0,1.0,1.0,1.0,200801,4000
reference,LA-BL,200804,1,1.6217134999999998,1.0,1.0,0.75,3.0,200804,4000
reference,LA-BL,200805,2,6.6790910000000006,10.75,0.75,0.5,15.0,200804,4000
reference,LA-BL,200806,3,7.5752820000000005,9.5,1.0,0.75,19.0,200804,4000
reference,LA-BL,200807,1,20.087886249999997,30.0,0.75,0.0,31.0,200807,4000
reference,LA-BL,200808,2,20.6089715,30.75,1.0,0.0,32.0,200807,4000
reference,LA-BL,200809,3,18.523956,28.25,1.0,0.0,30.0,200807,4000
reference,LA-BL,200810,1,9.729708250000002,11.5,1.0,0.75,5.0,200810,4000
reference,LA-BL,200811,2,4.276498999999999,5.75,1.0,1.0,12.0,200810,4000
reference,LA-BL,200812,3,0.9770205,1.0,1.0,1.0,1.0,200810,4000
reference,LA-BL,200901,1,0.7456575000000001,1.0,1.0,1.0,2.0,200901,4000
reference,LA-BL,200902,2,1.68273325,3.0,1.0,0.0,3.0,200901,4000
reference,LA-BL,200903,3,1.1302832499999997,1.25,1.0,1.0,0.0,200901,4000
reference,LA-BL,200904,1,0.8048480000000001,0.375,1.0,1.0,2.0,200904,4000
reference,LA-BL,200905,2,3.8291610000000005,5.25,1.0,0.0,0.0,200904,4000
reference,LA-BL,200906,3,5.61813075,5.0,1.0,1.0,7.0,200904,4000
reference,LA-BL,200907,1,21.985704500000004,33.5,0.75,0.0,35.0,200907,4000
reference,LA-BL,200908,2,6.174969249999998,7.25,1.0,0.75,9.0,200907,4000
reference,LA-BL,200909,3,4.862042999999998,2.25,1.0,1.0,0.0,200907,4000
reference,LA-BL,200910,1,5.49467175,6.5,1.0,0.0,1.0,200910,4000
reference,LA-BL,200911,2,2.1073274999999994,1.5,1.0,1.0,2.0,200910,4000
reference,LA-BL,200912,3,0.712077,0.0,1.0,1.0,1.0,200910,4000
reference,LA-CH,200801,1,29.3396385,52.375,1.0,0.0,73.0,200801,4000
reference,LA-CH,200802,2,43.54995375,71.75,0.75,0.0,90.0,200801,4000
reference,LA-CH,200803,3,50.399487500000006,77.0,0.0,0.0,92.0,200801,4000
reference,LA-CH,200804,1,27.6368465,24.875,1.0,0.75,69.0,200804,4000
reference,LA-CH,200805,2,52.862192500000006,33.5,1.0,0.75,113.0,200804,4000
reference,LA-CH,200806,3,122.00080949999999,105.5,1.0,0.75,295.0,200804,4000
reference,LA-CH,200807,1,96.85658924999997,150.75,1.0,0.0,162.0,200807,4000
reference,LA-CH,200808,2,88.99043875000001,135.0,1.0,0.0,143.0,200807,4000
reference,LA-CH,200809,3,120.46265224999999,178.25,1.0,0.0,185.0,200807,4000
reference,LA-CH,200810,1,47.67266175,84.25,1.0,0.75,140.0,200810,4000
reference,LA-CH,200811,2,44.33711,72.375,1.0,0.25,102.0,200810,4000
reference,LA-CH,200812,3,32.772664750000004,56.75,1.0,0.0,73.0,200810,4000
reference,LA-CH,200901,1,10.049703000000001,13.75,1.0,1.0,31.0,200901,4000
reference,LA-CH,200902,2,25.96861525,39.75,0.25,0.0,48.0,200901,4000
reference,LA-CH,200903,3,21.53617675,38.75,1.0,0.0,60.0,200901,4000
reference,LA-CH,200904,1,36.957363,67.375,1.0,0.0,102.0,200904,4000
reference,LA-CH,200905,2,75.32216250000002,80.25,1.0,1.0,66.0,200904,4000
reference,LA-CH,200906,3,79.6897195,55.875,1.0,1.0,124.0,200904,4000
reference,LA-CH,200907,1,71.15796999999995,109.25,1.0,0.0,122.0,200907,4000
reference,LA-CH,200908,2,65.9228705,102.625,1.0,0.0,110.0,200907,4000
reference,LA-CH,200909,3,61.406306249999965,96.25,1.0,0.0,105.0,200907,4000
reference,LA-CH,200910,1,20.148328999999997,29.875,1.0,1.0,59.0,200910,4000
reference,LA-CH,200911,2,16.137065750000005,10.5,1.0,1.0,35.0,200910,4000
reference,LA-CH,200912,3,12.705397000000001,7.5,1.0,1.0,32.0,200910,4000
reference,LA-HO,200801,1,0.0033932499999999987,0.0,1.0,1.0,0.0,200801,4000
reference,LA-HO,200802,2,0.0009387500000000021,0.0,1.0,1.0,0.0,200801,4000
reference,LA-HO,200803,3,0.008531499999999994,0.0,1.0,1.0,0.0,200801,4000
reference,LA-HO,200804,1,0.013471,0.0,1.0,1.0,0.0,200804,4000
reference,LA-HO,200805,2,0.022683000000000002,0.0,1.0,1.0,0.0,200804,4000
reference,LA-HO,200806,3,0.03302,0.0,1.0,1.0,0.0,200804,4000
reference,LA-HO,200807,1,0.3769914999999997,0.0,1.0,1.0,0.0,200807,4000
reference,LA-HO,200808,2,0.4492542499999994,0.0,1.0,1.0,0.0,200807,4000
reference,LA-HO,200809,3,0.7446340000000005,1.0,1.0,1.0,1.0,200807,4000
reference,LA-HO,200810,1,0.06861625000000002,0.0,1.0,1.0,0.0,200810,4000
reference,LA-HO,200811,2,0.00963075,0.0,1.0,1.0,0.0,200810,4000
reference,LA-HO,200812,3,0.8974147499999999,1.0,0.0,0.0,1.0,200810,4000
reference,LA-HO,200901,1,0.01626049999999999,0.0,1.0,1.0,0.0,200901,4000
reference,LA-HO,200902,2,0.024491999999999993,0.0,1.0,1.0,0.0,200901,4000
reference,LA-HO,200903,3,0.02520025,0.0,1.0,1.0,0.0,200901,4000
reference,LA-HO,200904,1,0.005362250000000002,0.0,1.0,1.0,0.0,200904,4000
reference,LA-HO,200905,2,0.011925000000000005,0.0,1.0,1.0,0.0,200904,4000
reference,LA-HO,200906,3,0.043111749999999976,0.0,1.0,1.0,0.0,200904,4000
reference,LA-HO,200907,1,0.2975690000000003,0.0,1.0,1.0,0.0,200907,4000
reference,LA-HO,200908,2,0.4700382500000002,0.0,1.0,1.0,0.0,200907,4000
reference,LA-HO,200909,3,0.7268472499999997,1.0,1.0,1.0,1.0,200907,4000
reference,LA-HO,200910,1,0.5777009999999999,1.0,1.0,0.5,1.0,200910,4000
reference,LA-HO,200911,2,0.78325125,1.0,0.5,0.0,1.0,200910,4000
reference,LA-HO,200912,3,0.87533575,1.0,0.0,0.0,1.0,200910,4000
reference,LA-KH,200801,1,0.7769425,1.0,1.0,1.0,0.0,200801,4000
reference,LA-KH,200802,2,0.0899645,0.0,1.0,1.0,0.0,200801,4000
reference,LA-KH,200803,3,0.08083225000000001,0.0,1.0,1.0,0.0,200801,4000
reference,LA-KH,200804,1,0.50089525,0.75,1.0,1.0,0.0,200804,4000
reference,LA-KH,200805,2,1.0987155,1.25,1.0,1.0,0.0,200804,4000
reference,LA-KH,200806,3,2.6191885000000004,2.75,1.0,1.0,1.0,200804,4000
reference,LA-KH,200807,1,4.206672750000001,1.0,1.0,1.0,3.0,200807,4000
reference,LA-KH,200808,2,4.554646249999996,2.25,1.0,1.0,0.0,200807,4000
reference,LA-KH,200809,3,4.605022999999997,2.0,1.0,1.0,4.0,200807,4000
reference,LA-KH,200810,1,0.7503565,0.0,1.0,1.0,1.0,200810,4000
reference,LA-KH,200811,2,1.5314975000000002,2.75,1.0,0.25,3.0,200810,4000
reference,LA-KH,200812,3,3.205132,4.0,0.0,0.0,4.0,200810,4000
reference,LA-KH,200901,1,0.07891150000000001,0.0,1.0,1.0,0.0,200901,4000
reference,LA-KH,200902,2,0.018485999999999995,0.0,1.0,1.0,0.0,200901,4000
reference,LA-KH,200903,3,4.757184,6.0,0.0,0.0,6.0,200901,4000
reference,LA-KH,200904,1,0.36157825000000005,0.0,1.0,1.0,0.0,200904,4000
reference,LA-KH,200905,2,2.211093,4.0,1.0,0.5,6.0,200904,4000
reference,LA-KH,200906,3,64.847896,75.75,0.0,0.0,80.0,200904,4000
reference,LA-KH,200907,1,116.86190074999999,152.75,0.0,0.0,155.0,200907,4000
reference,LA-KH,200908,2,248.8047135,300.5,0.0,0.0,303.0,200907,4000
reference,LA-KH,200909,3,223.44451925,274.25,0.0,0.0,277.0,200907,4000
reference,LA-KH,200910,1,43.194995,8.0,1.0,1.0,85.0,200910,4000
reference,LA-KH,200911,2,21.677693499999997,21.25,1.0,1.0,61.0,200910,4000
reference,LA-KH,200912,3,29.364558000000002,50.875,1.0,0.0,67.0,200910,4000
reference,LA-LM,200801,1,0.00018699999999999967,0.0,1.0,1.0,0.0,200801,4000
reference,LA-LM,200802,2,6.124999999999989e-05,0.0,1.0,1.0,0.0,200801,4000
reference,LA-LM,200803,3,2.3000000000000342e-05,0.0,1.0,1.0,0.0,200801,4000
reference,LA-LM,200804,1,0.007683249999999992,0.0,1.0,1.0,0.0,200804,4000
reference,LA-LM,200805,2,0.05071850000000001,0.0,1.0,1.0,0.0,200804,4000
reference,LA-LM,200806,3,0.07468125,0.0,1.0,1.0,0.0,200804,4000
reference,LA-LM,200807,1,0.9505770000000009,0.0,1.0,1.0,0.0,200807,4000
reference,LA-LM,200808,2,0.5011180000000002,0.0,1.0,1.0,0.0,200807,4000
reference,LA-LM,200809,3,0.7134750000000003,0.0,1.0,1.0,0.0,200807,4000
reference,LA-LM,200810,1,0.02528225,0.0,1.0,1.0,0.0,200810,4000
reference,LA-LM,200811,2,0.0032117500000000045,0.0,1.0,1.0,0.0,200810,4000
reference,LA-LM,200812,3,0.0007694999999999998,0.0,1.0,1.0,0.0,200810,4000
reference,LA-LM,200901,1,0.0001122499999999995,0.0,1.0,1.0,0.0,200901,4000
reference,LA-LM,200902,2,0.00011099999999999955,0.0,1.0,1.0,0.0,200901,4000
reference,LA-LM,200903,3,0.00045524999999999906,0.0,1.0,1.0,0.0,200901,4000
reference,LA-LM,200904,1,0.95552225,1.0,0.0,0.0,1.0,200904,4000
reference,LA-LM,200905,2,0.003897249999999998,0.0,1.0,1.0,0.0,200904,4000
reference,LA-LM,200906,3,1.775661,2.0,0.0,0.0,2.0,200904,4000
reference,LA-LM,200907,1,0.9371352500000001,1.0,1.0,1.0,1.0,200907,4000
reference,LA-LM,200908,2,1.1261882500000011,0.25,1.0,1.0,0.0,200907,4000
reference,LA-LM,200909,3,2.3978117500000007,4.0,1.0,0.5,4.0,200907,4000
reference,LA-LM,200910,1,2.7532057500000002,4.0,1.0,0.0,5.0,200910,4000
reference,LA-LM,200911,2,4.56897925,6.0,0.0,0.0,6.0,200910,4000
reference,LA-LM,200912,3,3.36008825,4.0,0.0,0.0,4.0,200910,4000
reference,LA-LP,200801,1,0.82532475,1.0,1.0,1.0,0.0,200801,4000
reference,LA-LP,200802,2,14.229039,16.0,0.0,0.0,16.0,200801,4000
reference,LA-LP,200803,3,20.42374125,22.0,0.0,0.0,22.0,200801,4000
reference,LA-LP,200804,1,20.079706,28.0,0.75,0.0,33.0,200804,4000
reference,LA-LP,200805,2,82.12704175,105.5,0.0,0.0,116.0,200804,4000
reference,LA-LP,200806,3,104.643518,140.25,0.0,0.0,160.0,200804,4000
reference,LA-LP,200807,1,9.964950000000002,15.0,1.0,0.0,16.0,200807,4000
reference,LA-LP,200808,2,8.36418425,12.75,1.0,0.0,13.0,200807,4000
reference,LA-LP,200809,3,8.916167,13.5,1.0,0.0,14.0,200807,4000
reference,LA-LP,200810,1,17.1979405,27.25,0.75,0.0,33.0,200810,4000
reference,LA-LP,200811,2,107.75294699999999,114.0,0.0,0.0,116.0,200810,4000
reference,LA-LP,200812,3,157.80555925,160.0,0.0,0.0,161.0,200810,4000
reference,LA-LP,200901,1,7.926249,10.5,1.0,0.0,0.0,200901,4000
reference,LA-LP,200902,2,5.34566875,7.0,1.0,0.0,0.0,200901,4000
reference,LA-LP,200903,3,12.5922905,15.75,0.0,0.0,0.0,200901,4000
reference,LA-LP,200904,1,11.6730205,15.0,0.0,0.0,0.0,200904,4000
reference,LA-LP,200905,2,34.6189255,45.0,0.0,0.0,0.0,200904,4000
reference,LA-LP,200906,3,71.9808455,94.625,1.0,0.0,9.0,200904,4000
reference,LA-LP,200907,1,20.95936,29.25,0.75,0.0,30.0,200907,4000
reference,LA-LP,200908,2,21.068552999999998,31.0,0.75,0.0,32.0,200907,4000
reference,LA-LP,200909,3,284.7330325,312.25,0.0,0.0,313.0,200907,4000
reference,LA-LP,200910,1,69.28776425,121.5,1.0,0.0,165.0,200910,4000
reference,LA-LP,200911,2,38.725322999999996,66.5,1.0,0.0,87.0,200910,4000
reference,LA-LP,200912,3,6.0545695,7.25,1.0,0.0,0.0,200910,4000
reference,LA-OU,200801,1,0.0009954999999999999,0.0,1.0,1.0,0.0,200801,4000
reference,LA-OU,200802,2,0.00018549999999999947,0.0,1.0,1.0,0.0,200801,4000
reference,LA-OU,200803,3,6.374999999999979e-05,0.0,1.0,1.0,0.0,200801,4000
reference,LA-OU,200804,1,0.021019000000000003,0.0,1.0,1.0,0.0,200804,4000
reference,LA-OU,200805,2,0.09799224999999995,0.0,1.0,1.0,0.0,200804,4000
reference,LA-OU,200806,3,0.16930900000000002,0.0,1.0,1.0,0.0,200804,4000
reference,LA-OU,200807,1,1.9330165000000017,1.0,1.0,1.0,0.0,200807,4000
reference,LA-OU,200808,2,1.2778022500000001,0.25,1.0,1.0,0.0,200807,4000
reference,LA-OU,200809,3,1.5425357500000008,0.75,1.0,1.0,0.0,200807,4000
reference,LA-OU,200810,1,0.03315824999999998,0.0,1.0,1.0,0.0,200810,4000
reference,LA-OU,200811,2,0.005772749999999993,0.0,1.0,1.0,0.0,200810,4000
reference,LA-OU,200812,3,0.0013992500000000003,0.0,1.0,1.0,0.0,200810,4000
reference,LA-OU,200901,1,0.00020724999999999954,0.0,1.0,1.0,0.0,200901,4000
reference,LA-OU,200902,2,0.00019650000000000006,0.0,1.0,1.0,0.0,200901,4000
reference,LA-OU,200903,3,0.0005602500000000009,0.0,1.0,1.0,0.0,200901,4000
reference,LA-OU,200904,1,0.0009017500000000015,0.0,1.0,1.0,0.0,200904,4000
reference,LA-OU,200905,2,0.005123999999999997,0.0,1.0,1.0,0.0,200904,4000
reference,LA-OU,200906,3,0.01647975,0.0,1.0,1.0,0.0,200904,4000
reference,LA-OU,200907,1,1.7412692500000007,0.75,1.0,1.0,0.0,200907,4000
reference,LA-OU,200908,2,2.001218249999999,0.25,1.0,1.0,1.0,200907,4000
reference,LA-OU,200909,3,9.3298065,14.25,0.75,0.0,15.0,200907,4000
reference,LA-OU,200910,1,2.2214875000000003,4.0,1.0,0.75,6.0,200910,4000
reference,LA-OU,200911,2,8.9728415,12.0,0.0,0.0,13.0,200910,4000
reference,LA-OU,200912,3,16.17595275,18.0,0.0,0.0,18.0,200910,4000
reference,LA-PH,200901,1,0.013020249999999997,0.0,1.0,1.0,0.0,200901,4000
reference,LA-PH,200902,2,0.014593750000000003,0.0,1.0,1.0,0.0,200901,4000
reference,LA-PH,200903,3,0.017472750000000023,0.0,1.0,1.0,0.0,200901,4000
reference,LA-PH,200904,1,0.0034817499999999987,0.0,1.0,1.0,0.0,200904,4000
reference,LA-PH,200905,2,0.0067925,0.0,1.0,1.0,0.0,200904,4000
reference,LA-PH,200906,3,0.027941249999999987,0.0,1.0,1.0,0.0,200904,4000
reference,LA-PH,200907,1,0.19504349999999998,0.0,1.0,1.0,0.0,200907,4000
reference,LA-PH,200909,3,0.2976595000000001,0.0,1.0,1.0,0.0,200907,4000
reference,LA-PH,200910,1,0.017025249999999992,0.0,1.0,1.0,0.0,200910,4000
reference,LA-PH,200911,2,0.0064347499999999995,0.0,1.0,1.0,0.0,200910,4000
reference,LA-PH,200912,3,0.0011549999999999998,0.0,1.0,1.0,0.0,200910,4000
reference,LA-SL,200801,1,0.944374,1.0,1.0,1.0,0.0,200801,4000
reference,LA-SL,200802,2,0.39608674999999993,0.25,1.0,1.0,1.0,200801,4000
reference,LA-SL,200803,3,3.71234675,5.0,0.0,0.0,5.0,200801,4000
reference,LA-SL,200804,1,0.9944902499999999,0.5,1.0,1.0,2.0,200804,4000
reference,LA-SL,200805,2,89.40537875,101.25,0.0,0.0,105.0,200804,4000
reference,LA-SL,200806,3,184.4246935,216.25,0.0,0.0,226.0,200804,4000
reference,LA-SL,200807,1,49.26407675,74.75,1.0,0.0,78.0,200807,4000
reference,LA-SL,200808,2,39.41688825,60.0,1.0,0.0,63.0,200807,4000
reference,LA-SL,200809,3,57.114015,82.5,1.0,0.0,85.0,200807,4000
reference,LA-SL,200810,1,37.614025,65.5,1.0,0.0,91.0,200810,4000
reference,LA-SL,200811,2,8.01930375,10.25,1.0,1.0,21.0,200810,4000
reference,LA-SL,200812,3,2.8268264999999997,3.5,1.0,1.0,8.0,200810,4000
reference,LA-SL,200901,1,1.65789525,1.75,1.0,1.0,1.0,200901,4000
reference,LA-SL,200902,2,19.796256500000002,23.0,0.0,0.0,24.0,200901,4000
reference,LA-SL,200903,3,13.1628275,20.5,0.0,0.0,25.0,200901,4000
reference,LA-SL,200904,1,5.858830749999999,8.0,1.0,1.0,19.0,200904,4000
reference,LA-SL,200905,2,45.2519755,82.375,1.0,0.0,122.0,200904,4000
reference,LA-SL,200906,3,31.8076495,27.125,1.0,1.0,42.0,200904,4000
reference,LA-SL,200907,1,118.85979425000002,160.75,0.25,0.0,164.0,200907,4000
reference,LA-SL,200908,2,91.037494,124.25,0.0,0.0,127.0,200907,4000
reference,LA-SL,200909,3,62.04129249999999,88.5,0.5,0.0,91.0,200907,4000
reference,LA-SL,200910,1,35.41509575,64.75,1.0,0.0,94.0,200910,4000
reference,LA-SL,200911,2,16.416914499999997,15.625,1.0,1.0,44.0,200910,4000
reference,LA-SL,200912,3,7.024564250000001,2.875,1.0,1.0,17.0,200910,4000
reference,LA-SV,200801,1,5.560645,7.125,1.0,0.0,1.0,200801,4000
reference,LA-SV,200802,2,1.0085315,1.0,1.0,1.0,1.0,200801,4000
reference,LA-SV,200803,3,0.49738774999999996,0.0,1.0,1.0,1.0,200801,4000
reference,LA-SV,200804,1,3.5772804999999996,4.0,1.0,0.25,0.0,200804,4000
reference,LA-SV,200805,2,6.43930125,7.5,1.0,0.25,1.0,200804,4000
reference,LA-SV,200806,3,24.488419750000002,26.875,1.0,0.25,10.0,200804,4000
reference,LA-SV,200807,1,23.12051975,1.0,1.0,1.0,11.0,200807,4000
reference,LA-SV,200808,2,21.36057074999998,6.75,1.0,1.0,4.0,200807,4000
reference,LA-SV,200809,3,23.258939499999997,9.25,1.0,1.0,2.0,200807,4000
reference,LA-SV,200810,1,3.8192022500000005,7.0,1.0,0.25,10.0,200810,4000
reference,LA-SV,200811,2,0.8241327500000002,0.75,1.0,1.0,2.0,200810,4000
reference,LA-SV,200812,3,0.3548737500000001,0.0,1.0,1.0,0.0,200810,4000
reference,LA-SV,200901,1,0.08302849999999999,0.0,1.0,1.0,0.0,200901,4000
reference,LA-SV,200902,2,0.015239499999999993,0.0,1.0,1.0,0.0,200901,4000
reference,LA-SV,200903,3,0.12601875,0.0,1.0,1.0,0.0,200901,4000
reference,LA-SV,200904,1,0.18258525000000003,0.0,1.0,1.0,0.0,200904,4000
reference,LA-SV,200905,2,1.2562635,1.75,1.0,1.0,0.0,200904,4000
reference,LA-SV,200906,3,1.6869117500000002,2.0,1.0,1.0,1.0,200904,4000
reference,LA-SV,200907,1,26.799079749999976,4.0,1.0,1.0,13.0,200907,4000
reference,LA-SV,200908,2,29.625094249999957,22.25,1.0,1.0,34.0,200907,4000
reference,LA-SV,200909,3,33.84717599999999,36.125,1.0,1.0,48.0,200907,4000
reference,LA-SV,200910,1,7.0335019999999995,2.125,1.0,1.0,16.0,200910,4000
reference,LA-SV,200911,2,15.431827,26.0,1.0,0.0,33.0,200910,4000
reference,LA-SV,200912,3,1.7666767499999998,0.75,1.0,1.0,4.0,200910,4000
reference,LA-VT,200801,1,11.116025500000001,4.0,1.0,1.0,29.0,200801,4000
reference,LA-VT,200802,2,4.1151557500000004,7.25,1.0,0.75,12.0,200801,4000
reference,LA-VT,200803,3,16.96018625,23.25,0.0,0.0,26.0,200801,4000
reference,LA-VT,200804,1,10.778354250000001,12.25,1.0,0.25,4.0,200804,4000
reference,LA-VT,200805,2,20.521471750000003,24.75,1.0,1.0,17.0,200804,4000
reference,LA-VT,200806,3,69.88104925,80.5,1.0,1.0,60.0,200804,4000
reference,LA-VT,200807,1,81.40077274999996,109.25,1.0,0.5,132.0,200807,4000
reference,LA-VT,200808,2,84.85327000000001,126.25,1.0,0.25,144.0,200807,4000
reference,LA-VT,200809,3,93.64231074999996,137.25,1.0,0.0,158.0,200807,4000
reference,LA-VT,200810,1,35.20602275,24.5,1.0,1.0,95.0,200810,4000
reference,LA-VT,200811,2,57.436028,97.625,1.0,0.25,129.0,200810,4000
reference,LA-VT,200812,3,51.8002925,77.75,0.0,0.0,91.0,200810,4000
reference,LA-VT,200901,1,20.70266475,31.5,0.25,0.0,38.0,200901,4000
reference,LA-VT,200902,2,13.901394999999999,17.875,0.0,0.0,20.0,200901,4000
reference,LA-VT,200903,3,6.35277275,11.0,1.0,1.0,19.0,200901,4000
reference,LA-VT,200904,1,10.896625499999999,8.5,1.0,1.0,33.0,200904,4000
reference,LA-VT,200905,2,109.941614,138.75,1.0,0.75,54.0,200904,4000
reference,LA-VT,200906,3,176.63849825,207.75,1.0,1.0,104.0,200904,4000
reference,LA-VT,200907,1,174.467824,267.75,1.0,0.25,302.0,200907,4000
reference,LA-VT,200908,2,205.78056974999998,323.625,1.0,0.0,356.0,200907,4000
reference,LA-VT,200909,3,278.36174550000004,439.25,1.0,0.0,470.0,200907,4000
reference,LA-VT,200910,1,197.894393,363.25,1.0,0.0,527.0,200910,4000
reference,LA-VT,200911,2,268.37443075,429.375,0.5,0.0,521.0,200910,4000
reference,LA-VT,200912,3,226.40287475000002,320.75,0.0,0.0,366.0,200910,4000
reference,LA-XA,200801,1,1.0621577500000001,1.125,1.0,1.0,0.0,200801,4000
reference,LA-XA,200802,2,0.23546250000000002,0.0,1.0,1.0,0.0,200801,4000
reference,LA-XA,200803,3,0.15566625,0.0,1.0,1.0,0.0,200801,4000
reference,LA-XA,200804,1,0.7379695000000001,0.75,1.0,1.0,0.0,200804,4000
reference,LA-XA,200805,2,1.32360175,1.0,1.0,1.0,2.0,200804,4000
reference,LA-XA,200806,3,2.3749184999999997,2.0,1.0,1.0,6.0,200804,4000
reference,LA-XA,200807,1,11.184284999999997,17.0,1.0,0.0,19.0,200807,4000
reference,LA-XA,200808,2,4.234384749999999,6.0,1.0,1.0,7.0,200807,4000
reference,LA-XA,200809,3,2.697391250000001,0.0,1.0,1.0,1.0,200807,4000
reference,LA-XA,200810,1,1.5762365,0.0,1.0,1.0,3.0,200810,4000
reference,LA-XA,200811,2,0.8232865,0.75,1.0,1.0,2.0,200810,4000
reference,LA-XA,200812,3,0.408204,1.0,1.0,1.0,1.0,200810,4000
reference,LA-XA,200901,1,0.09775275,0.0,1.0,1.0,0.0,200901,4000
reference,LA-XA,200902,2,0.03872075000000002,0.0,1.0,1.0,0.0,200901,4000
reference,LA-XA,200903,3,0.21714524999999998,0.0,1.0,1.0,0.0,200901,4000
reference,LA-XA,200904,1,0.30977675000000005,0.0,1.0,1.0,0.0,200904,4000
reference,LA-XA,200905,2,1.1146125000000002,1.0,1.0,1.0,1.0,200904,4000
reference,LA-XA,200906,3,5.670314749999999,10.0,1.0,0.0,14.0,200904,4000
reference,LA-XA,200907,1,6.406543500000003,9.25,1.0,0.75,11.0,200907,4000
reference,LA-XA,200908,2,23.106004,35.25,0.75,0.0,37.0,200907,4000
reference,LA-XA,200909,3,6.533184249999995,9.5,1.0,0.75,11.0,200907,4000
reference,LA-XA,200910,1,4.4654025,3.0,1.0,1.0,5.0,200910,4000
reference,LA-XA,200911,2,2.1824275,0.75,1.0,1.0,5.0,200910,4000
reference,LA-XA,200912,3,1.3401602499999998,1.75,1.0,1.0,0.0,200910,4000
reference,LA-XE,200801,1,0.015767249999999997,0.0,1.0,1.0,0.0,200801,4000
reference,LA-XE,200802,2,0.007282250000000004,0.0,1.0,1.0,0.0,200801,4000
reference,LA-XE,200803,3,0.004059750000000004,0.0,1.0,1.0,0.0,200801,4000
reference,LA-XE,200804,1,0.01893125,0.0,1.0,1.0,0.0,200804,4000
reference,LA-XE,200805,2,0.04903199999999999,0.0,1.0,1.0,0.0,200804,4000
reference,LA-XE,200806,3,3.8730112500000002,5.0,0.0,0.0,5.0,200804,4000
reference,LA-XE,200807,1,0.4383570000000001,0.0,1.0,1.0,0.0,200807,4000
reference,LA-XE,200808,2,0.5336115000000001,0.0,1.0,1.0,0.0,200807,4000
reference,LA-XE,200809,3,0.6918269999999999,1.0,1.0,1.0,1.0,200807,4000
reference,LA-XE,200810,1,0.04998499999999999,0.0,1.0,1.0,0.0,200810,4000
reference,LA-XE,200811,2,0.020021000000000004,0.0,1.0,1.0,0.0,200810,4000
reference,LA-XE,200812,3,0.86535475,1.0,0.0,0.0,1.0,200810,4000
reference,LA-XE,200901,1,0.0063767500000000005,0.0,1.0,1.0,0.0,200901,4000
reference,LA-XE,200902,2,1.8795005,2.0,0.0,0.0,2.0,200901,4000
reference,LA-XE,200903,3,1.7575527499999999,2.0,0.0,0.0,2.0,200901,4000
reference,LA-XE,200904,1,0.521935,1.0,1.0,1.0,1.0,200904,4000
reference,LA-XE,200905,2,0.97420275,2.0,1.0,0.0,2.0,200904,4000
reference,LA-XE,200906,3,5.86126,8.0,0.0,0.0,9.0,200904,4000
reference,LA-XE,200907,1,25.168266749999997,29.0,0.0,0.0,29.0,200907,4000
reference,LA-XE,200908,2,22.43472575,27.0,0.0,0.0,27.0,200907,4000
reference,LA-XE,200909,3,4.09308175,6.0,0.75,0.0,6.0,200907,4000
reference,LA-XE,200910,1,2.796644,3.75,1.0,1.0,7.0,200910,4000
reference,LA-XE,200911,2,5.795607750000002,4.75,1.0,1.0,3.0,200910,4000
reference,LA-XE,200912,3,6.98543275,3.125,1.0,1.0,7.0,200910,4000
reference,LA-XI,200801,1,0.0005107499999999999,0.0,1.0,1.0,0.0,200801,4000
reference,LA-XI,200802,2,0.00014449999999999966,0.0,1.0,1.0,0.0,200801,4000
reference,LA-XI,200803,3,0.0003409999999999993,0.0,1.0,1.0,0.0,200801,4000
reference,LA-XI,200804,1,0.0054780000000000054,0.0,1.0,1.0,0.0,200804,4000
reference,LA-XI,200805,2,0.014599500000000001,0.0,1.0,1.0,0.0,200804,4000
reference,LA-XI,200806,3,0.8408530000000001,1.0,0.25,0.25,1.0,200804,4000
reference,LA-XI,200807,1,0.3255652499999999,0.0,1.0,1.0,0.0,200807,4000
reference,LA-XI,200808,2,0.3256207499999999,0.0,1.0,1.0,0.0,200807,4000
reference,LA-XI,200809,3,0.3639719999999995,0.0,1.0,1.0,0.0,200807,4000
reference,LA-XI,200810,1,0.014012499999999997,0.0,1.0,1.0,0.0,200810,4000
reference,LA-XI,200811,2,0.0035425000000000022,0.0,1.0,1.0,0.0,200810,4000
reference,LA-XI,200812,3,0.0009309999999999987,0.0,1.0,1.0,0.0,200810,4000
reference,LA-XI,200901,1,0.0012537500000000014,0.0,1.0,1.0,0.0,200901,4000
reference,LA-XI,200902,2,0.0015190000000000013,0.0,1.0,1.0,0.0,200901,4000
reference,LA-XI,200903,3,0.001214999999999999,0.0,1.0,1.0,0.0,200901,4000
reference,LA-XI,200904,1,0.00037025000000000165,0.0,1.0,1.0,0.0,200904,4000
reference,LA-XI,200905,2,38.924908,39.0,0.0,0.0,39.0,200904,4000
reference,LA-XI,200906,3,32.83338475,33.0,0.0,0.0,33.0,200904,4000
reference,LA-XI,200907,1,0.6998392500000006,1.0,1.0,0.75,1.0,200907,4000
reference,LA-XI,200908,2,7.121734,10.0,0.5,0.0,10.0,200907,4000
reference,LA-XI,200909,3,0.4275137499999998,0.0,1.0,1.0,0.0,200907,4000
reference,LA-XI,200910,1,0.96271025,1.0,1.0,1.0,0.0,200910,4000
reference,LA-XI,200911,2,0.38159999999999994,0.25,1.0,1.0,0.0,200910,4000
reference,LA-XI,200912,3,0.167857,0.0,1.0,1.0,0.0,200910,4000
reference_r1,LA-AT,200801,1,2.89589,4.0,0.0,0.0,4.0,200801,1000
reference_r1,LA-AT,200802,2,1.1779190000000002,2.0,1.0,0.0,2.0,200801,1000
reference_r1,LA-AT,200803,3,0.06836600000000004,0.0,1.0,1.0,0.0,200801,1000
reference_r1,LA-AT,200804,1,0.43204,1.0,1.0,1.0,0.0,200804,1000
reference_r1,LA-AT,200805,2,1.3779979999999998,2.0,1.0,1.0,4.0,200804,1000
reference_r1,LA-AT,200806,3,4.025428,7.0,1.0,0.0,10.0,200804,1000
reference_r1,LA-AT,200807,1,3.4582960000000007,5.0,1.0,0.0,6.0,200807,1000
reference_r1,LA-AT,200808,2,6.963262,11.0,1.0,0.0,11.0,200807,1000
reference_r1,LA-AT,200809,3,17.334718000000002,23.0,0.0,0.0,24.0,200807,1000
reference_r1,LA-AT,200810,1,32.554036,43.0,0.0,0.0,47.0,200810,1000
reference_r1,LA-AT,200811,2,35.157385,41.0,0.0,0.0,43.0,200810,1000
reference_r1,LA-AT,200812,3,17.244417,22.0,0.0,0.0,23.0,200810,1000
reference_r1,LA-AT,200901,1,8.311717,14.0,1.0,0.0,18.0,200901,1000
reference_r1,LA-AT,200902,2,39.923892,44.0,0.0,0.0,46.0,200901,1000
reference_r1,LA-AT,200903,3,59.556864999999995,72.0,0.0,0.0,77.0,200901,1000
reference_r1,LA-AT,200904,1,50.321077,79.0,0.0,0.0,99.0,200904,1000
reference_r1,LA-AT,200905,2,47.70569499999999,66.0,0.0,0.0,0.0,200904,1000
reference_r1,LA-AT,200906,3,42.66392600000002,54.0,1.0,1.0,24.0,200904,1000
reference_r1,LA-AT,200907,1,47.604339,63.0,0.0,0.0,64.0,200907,1000
reference_r1,LA-AT,200908,2,14.811944,21.0,0.0,0.0,21.0,200907,1000
reference_r1,LA-AT,200909,3,10.347152999999999,16.0,1.0,0.0,17.0,200907,1000
reference_r1,LA-AT,200910,1,7.440359000000001,7.0,1.0,1.0,4.0,200910,1000
reference_r1,LA-AT,200911,2,5.397127000000001,9.0,1.0,1.0,16.0,200910,1000
reference_r1,LA-AT,200912,3,7.226236999999998,6.0,1.0,1.0,6.0,200910,1000
reference_r1,LA-BK,200801,1,0.956484,1.0,0.0,0.0,1.0,200801,1000
reference_r1,LA-BK,200802,2,9.99999999999994e-05,0.0,1.0,1.0,0.0,200801,1000
reference_r1,LA-BK,200803,3,8.999999999999894e-06,0.0,1.0,1.0,0.0,200801,1000
reference_r1,LA-BK,200804,1,0.005881999999999998,0.0,1.0,1.0,0.0,200804,1000
reference_r1,LA-BK,200805,2,11.478988999999999,12.0,0.0,0.0,12.0,200804,1000
reference_r1,LA-BK,200806,3,52.355057,53.0,0.0,0.0,53.0,200804,1000
reference_r1,LA-BK,200807,1,1.9452689999999997,1.0,1.0,1.0,2.0,200807,1000
reference_r1,LA-BK,200808,2,5.807879,9.0,1.0,0.0,9.0,200807,1000
reference_r1,LA-BK,200809,3,20.924205,32.0,1.0,0.0,33.0,200807,1000
reference_r1,LA-BK,200810,1,21.313686000000004,17.0,1.0,1.0,48.0,200810,1000
reference_r1,LA-BK,200811,2,48.309223,53.0,0.0,0.0,55.0,200810,1000
reference_r1,LA-BK,200812,3,3.017966,5.0,1.0,0.0,5.0,200810,1000
reference_r1,LA-BK,200901,1,0.44882200000000005,0.0,1.0,1.0,1.0,200901,1000
reference_r1,LA-BK,200902,2,0.256761,0.0,1.0,1.0,0.0,200901,1000
reference_r1,LA-BK,200903,3,0.6378340000000002,0.0,1.0,1.0,1.0,200901,1000
reference_r1,LA-BK,200904,1,1.3126069999999999,0.0,1.0,1.0,3.0,200904,1000
reference_r1,LA-BK,200905,2,43.105733,63.0,0.0,0.0,74.0,200904,1000
reference_r1,LA-BK,200906,3,147.57993599999998,194.0,0.0,0.0,216.0,200904,1000
reference_r1,LA-BK,200907,1,186.28512700000002,211.0,0.0,0.0,212.0,200907,1000
reference_r1,LA-BK,200908,2,88.236543,109.0,0.0,0.0,110.0,200907,1000
reference_r1,LA-BK,200909,3,37.372719999999994,51.0,0.0,0.0,52.0,200907,1000
reference_r1,LA-BK,200910,1,21.699608000000005,12.5,1.0,1.0,31.0,200910,1000
reference_r1,LA-BK,200911,2,10.195140999999996,12.0,1.0,1.0,5.0,200910,1000
reference_r1,LA-BK,200912,3,5.190629000000001,5.0,1.0,1.0,4.0,200910,1000
reference_r1,LA-BL,200801,1,5.573864,9.0,0.0,0.0,10.0,200801,1000
reference_r1,LA-BL,200802,2,5.695522,7.0,0.0,0.0,7.0,200801,1000
reference_r1,LA-BL,200803,3,0.42294699999999996,1.0,1.0,1.0,1.0,200801,1000
reference_r1,LA-BL,200804,1,1.3831619999999996,1.0,1.0,1.0,3.0,200804,1000
reference_r1,LA-BL,200805,2,4.905915,9.0,1.0,1.0,15.0,200804,1000
reference_r1,LA-BL,200806,3,6.042021999999999,6.0,1.0,1.0,19.0,200804,1000
reference_r1,LA-BL,200807,1,20.993226999999997,30.0,0.0,0.0,31.0,200807,1000
reference_r1,LA-BL,200808,2,21.226176000000002,31.0,1.0,0.0,32.0,200807,1000
reference_r1,LA-BL,200809,3,19.161669999999994,29.0,1.0,0.0,30.0,200807,1000
reference_r1,LA-BL,200810,1,10.016667000000002,12.0,1.0,0.0,5.0,200810,1000
reference_r1,LA-BL,200811,2,4.026722999999999,7.0,1.0,1.0,12.0,200810,1000
reference_r1,LA-BL,200812,3,0.8992849999999999,1.0,1.0,1.0,1.0,200810,1000
reference_r1,LA-BL,200901,1,0.729209,1.0,1.0,1.0,2.0,200901,1000
reference_r1,LA-BL,200902,2,1.7155180000000003,3.0,1.0,0.0,3.0,200901,1000
reference_r1,LA-BL,200903,3,1.093152,1.0,1.0,1.0,0.0,200901,1000
reference_r1,LA-BL,200904,1,0.8236150000000002,0.5,1.0,1.0,2.0,200904,1000
reference_r1,LA-BL,200905,2,3.883565,5.0,1.0,0.0,0.0,200904,1000
reference_r1,LA-BL,200906,3,5.475054999999999,5.0,1.0,1.0,7.0,200904,1000
reference_r1,LA-BL,200907,1,20.911504000000008,33.0,1.0,0.0,35.0,200907,1000
reference_r1,LA-BL,200908,2,7.218784999999997,7.0,1.0,1.0,9.0,200907,1000
reference_r1,LA-BL,200909,3,7.182751999999994,3.0,1.0,1.0,0.0,200907,1000
reference_r1,LA-BL,200910,1,5.4901409999999995,6.0,1.0,0.0,1.0,200910,1000
reference_r1,LA-BL,200911,2,1.8210489999999995,1.0,1.0,1.0,2.0,200910,1000
reference_r1,LA-BL,200912,3,0.7696850000000004,0.0,1.0,1.0,1.0,200910,1000
reference_r1,LA-CH,200801,1,29.687018,54.0,1.0,0.0,73.0,200801,1000
reference_r1,LA-CH,200802,2,40.304853,70.0,1.0,0.0,90.0,200801,1000
reference_r1,LA-CH,200803,3,51.106643000000005,77.0,0.0,0.0,92.0,200801,1000
reference_r1,LA-CH,200804,1,21.933435000000003,21.5,1.0,1.0,69.0,200804,1000
reference_r1,LA-CH,200805,2,52.212031000000025,7.0,1.0,1.0,113.0,200804,1000
reference_r1,LA-CH,200806,3,101.752994,67.5,1.0,1.0,295.0,200804,1000
reference_r1,LA-CH,200807,1,97.40621399999998,152.0,1.0,0.0,162.0,200807,1000
reference_r1,LA-CH,200808,2,88.11937699999999,135.0,1.0,0.0,143.0,200807,1000
reference_r1,LA-CH,200809,3,122.43827099999999,178.0,1.0,0.0,185.0,200807,1000
reference_r1,LA-CH,200810,1,47.403999,85.0,1.0,1.0,140.0,200810,1000
reference_r1,LA-CH,200811,2,47.925228000000004,80.5,1.0,0.0,102.0,200810,1000
reference_r1,LA-CH,200812,3,33.247774,56.0,1.0,0.0,73.0,200810,1000
reference_r1,LA-CH,200901,1,10.234985000000002,14.0,1.0,1.0,31.0,200901,1000
reference_r1,LA-CH,200902,2,26.421125999999997,40.0,0.0,0.0,48.0,200901,1000
reference_r1,LA-CH,200903,3,21.024416000000002,38.0,1.0,0.0,60.0,200901,1000
reference_r1,LA-CH,200904,1,35.857006000000005,66.0,1.0,0.0,102.0,200904,1000
reference_r1,LA-CH,200905,2,77.111999,92.0,1.0,1.0,66.0,200904,1000
reference_r1,LA-CH,200906,3,79.79956299999998,59.0,1.0,1.0,124.0,200904,1000
reference_r1,LA-CH,200907,1,70.88572799999997,105.0,1.0,0.0,122.0,200907,1000
reference_r1,LA-CH,200908,2,65.03535299999999,101.0,1.0,0.0,110.0,200907,1000
reference_r1,LA-CH,200909,3,61.93136199999992,94.0,1.0,0.0,105.0,200907,1000
reference_r1,LA-CH,200910,1,20.443419999999996,29.0,1.0,1.0,59.0,200910,1000
reference_r1,LA-CH,200911,2,12.404856000000002,13.0,1.0,1.0,35.0,200910,1000
reference_r1,LA-CH,200912,3,14.329564000000005,4.0,1.0,1.0,32.0,200910,1000
reference_r1,LA-HO,200801,1,0.0030659999999999993,0.0,1.0,1.0,0.0,200801,1000
reference_r1,LA-HO,200802,2,0.0009700000000000056,0.0,1.0,1.0,0.0,200801,1000
reference_r1,LA-HO,200803,3,0.005915999999999991,0.0,1.0,1.0,0.0,200801,1000
reference_r1,LA-HO,200804,1,0.007784999999999986,0.0,1.0,1.0,0.0,200804,1000
reference_r1,LA-HO,200805,2,0.014342999999999995,0.0,1.0,1.0,0.0,200804,1000
reference_r1,LA-HO,200806,3,0.008599999999999997,0.0,1.0,1.0,0.0,200804,1000
reference_r1,LA-HO,200807,1,0.22805899999999912,0.0,1.0,1.0,0.0,200807,1000
reference_r1,LA-HO,200808,2,0.36753699999999956,0.0,1.0,1.0,0.0,200807,1000
reference_r1,LA-HO,200809,3,0.6532730000000004,1.0,1.0,1.0,1.0,200807,1000
reference_r1,LA-HO,200810,1,0.07126800000000005,0.0,1.0,1.0,0.0,200810,1000
reference_r1,LA-HO,200811,2,0.00861300000000001,0.0,1.0,1.0,0.0,200810,1000
reference_r1,LA-HO,200812,3,0.9025529999999999,1.0,0.0,0.0,1.0,200810,1000
reference_r1,LA-HO,200901,1,0.01801899999999998,0.0,1.0,1.0,0.0,200901,1000
reference_r1,LA-HO,200902,2,0.021531999999999996,0.0,1.0,1.0,0.0,200901,1000
reference_r1,LA-HO,200903,3,0.024588,0.0,1.0,1.0,0.0,200901,1000
reference_r1,LA-HO,200904,1,0.005208000000000004,0.0,1.0,1.0,0.0,200904,1000
reference_r1,LA-HO,200905,2,0.012506000000000017,0.0,1.0,1.0,0.0,200904,1000
reference_r1,LA-HO,200906,3,0.04162699999999997,0.0,1.0,1.0,0.0,200904,1000
reference_r1,LA-HO,200907,1,0.3458800000000002,0.0,1.0,1.0,0.0,200907,1000
reference_r1,LA-HO,200908,2,0.6387629999999991,0.0,1.0,1.0,0.0,200907,1000
reference_r1,LA-HO,200909,3,0.7578110000000002,1.0,1.0,1.0,1.0,200907,1000
reference_r1,LA-HO,200910,1,0.559631,1.0,1.0,1.0,1.0,200910,1000
reference_r1,LA-HO,200911,2,0.824841,1.0,0.0,0.0,1.0,200910,1000
reference_r1,LA-HO,200912,3,0.865054,1.0,0.0,0.0,1.0,200910,1000
reference_r1,LA-KH,200801,1,0.7367740000000003,1.0,1.0,1.0,0.0,200801,1000
reference_r1,LA-KH,200802,2,0.104993,0.0,1.0,1.0,0.0,200801,1000
reference_r1,LA-KH,200803,3,0.07538,0.0,1.0,1.0,0.0,200801,1000
reference_r1,LA-KH,200804,1,0.45732399999999984,1.0,1.0,1.0,0.0,200804,1000
reference_r1,LA-KH,200805,2,1.3179600000000002,2.0,1.0,1.0,0.0,200804,1000
reference_r1,LA-KH,200806,3,2.6881449999999996,4.0,1.0,1.0,1.0,200804,1000
reference_r1,LA-KH,200807,1,4.0386040000000065,1.0,1.0,1.0,3.0,200807,1000
reference_r1,LA-KH,200808,2,4.381444999999999,2.0,1.0,1.0,0.0,200807,1000
reference_r1,LA-KH,200809,3,4.129304999999995,2.0,1.0,1.0,4.0,200807,1000
reference_r1,LA-KH,200810,1,0.7146050000000002,0.0,1.0,1.0,1.0,200810,1000
reference_r1,LA-KH,200811,2,1.5712550000000003,3.0,1.0,0.0,3.0,200810,1000
reference_r1,LA-KH,200812,3,3.204727,4.0,0.0,0.0,4.0,200810,1000
reference_r1,LA-KH,200901,1,0.09645300000000001,0.0,1.0,1.0,0.0,200901,1000
reference_r1,LA-KH,200902,2,0.01302600000000001,0.0,1.0,1.0,0.0,200901,1000
reference_r1,LA-KH,200903,3,4.723357,6.0,0.0,0.0,6.0,200901,1000
reference_r1,LA-KH,200904,1,0.3748060000000001,0.0,1.0,1.0,0.0,200904,1000
reference_r1,LA-KH,200905,2,2.250412,4.0,1.0,0.0,6.0,200904,1000
reference_r1,LA-KH,200906,3,66.41575,76.0,0.0,0.0,80.0,200904,1000
reference_r1,LA-KH,200907,1,115.29647399999999,153.0,0.0,0.0,155.0,200907,1000
reference_r1,LA-KH,200908,2,249.068595,300.0,0.0,0.0,303.0,200907,1000
reference_r1,LA-KH,200909,3,217.71104400000002,274.0,0.0,0.0,277.0,200907,1000
reference_r1,LA-KH,200910,1,43.99278899999999,10.0,1.0,1.0,85.0,200910,1000
reference_r1,LA-KH,200911,2,20.173246,30.0,1.0,1.0,61.0,200910,1000
reference_r1,LA-KH,200912,3,27.153737000000003,49.0,1.0,0.0,67.0,200910,1000
reference_r1,LA-LM,200801,1,0.00012099999999999958,0.0,1.0,1.0,0.0,200801,1000
reference_r1,LA-LM,200802,2,6.399999999999982e-05,0.0,1.0,1.0,0.0,200801,1000
reference_r1,LA-LM,200803,3,1.600000000000039e-05,0.0,1.0,1.0,0.0,200801,1000
reference_r1,LA-LM,200804,1,0.0001999999999999988,0.0,1.0,1.0,0.0,200804,1000
reference_r1,LA-LM,200805,2,0.001226999999999999,0.0,1.0,1.0,0.0,200804,1000
reference_r1,LA-LM,200806,3,0.0017109999999999972,0.0,1.0,1.0,0.0,200804,1000
reference_r1,LA-LM,200807,1,0.9151389999999999,0.0,1.0,1.0,0.0,200807,1000
reference_r1,LA-LM,200808,2,0.5213650000000012,0.0,1.0,1.0,0.0,200807,1000
reference_r1,LA-LM,200809,3,0.7953309999999991,0.0,1.0,1.0,0.0,200807,1000
reference_r1,LA-LM,200810,1,0.030305000000000026,0.0,1.0,1.0,0.0,200810,1000
reference_r1,LA-LM,200811,2,0.0021140000000000048,0.0,1.0,1.0,0.0,200810,1000
reference_r1,LA-LM,200812,3,0.0005739999999999981,0.0,1.0,1.0,0.0,200810,1000
reference_r1,LA-LM,200901,1,0.00012099999999999958,0.0,1.0,1.0,0.0,200901,1000
reference_r1,LA-LM,200902,2,0.00012200000000000058,0.0,1.0,1.0,0.0,200901,1000
reference_r1,LA-LM,200903,3,0.00036500000000000074,0.0,1.0,1.0,0.0,200901,1000
reference_r1,LA-LM,200904,1,0.96237,1.0,0.0,0.0,1.0,200904,1000
reference_r1,LA-LM,200905,2,0.005372000000000002,0.0,1.0,1.0,0.0,200904,1000
reference_r1,LA-LM,200906,3,1.751769,2.0,0.0,0.0,2.0,200904,1000
reference_r1,LA-LM,200907,1,1.1468290000000003,1.0,1.0,1.0,1.0,200907,1000
reference_r1,LA-LM,200908,2,1.3371250000000003,1.0,1.0,1.0,0.0,200907,1000
reference_r1,LA-LM,200909,3,2.265937000000001,4.0,1.0,1.0,4.0,200907,1000
reference_r1,LA-LM,200910,1,2.5933539999999997,4.0,1.0,0.0,5.0,200910,1000
reference_r1,LA-LM,200911,2,4.743421,6.0,0.0,0.0,6.0,200910,1000
reference_r1,LA-LM,200912,3,3.2928680000000004,4.0,0.0,0.0,4.0,200910,1000
reference_r1,LA-LP,200801,1,0.875329,1.0,1.0,1.0,0.0,200801,1000
reference_r1,LA-LP,200802,2,13.986595000000001,16.0,0.0,0.0,16.0,200801,1000
reference_r1,LA-LP,200803,3,20.378937,22.0,0.0,0.0,22.0,200801,1000
reference_r1,LA-LP,200804,1,16.986800000000002,27.0,1.0,0.0,33.0,200804,1000
reference_r1,LA-LP,200805,2,72.08313000000001,102.0,0.0,0.0,116.0,200804,1000
reference_r1,LA-LP,200806,3,86.585332,132.0,0.0,0.0,160.0,200804,1000
reference_r1,LA-LP,200807,1,10.268976000000002,15.0,1.0,0.0,16.0,200807,1000
reference_r1,LA-LP,200808,2,8.381991,12.0,1.0,0.0,13.0,200807,1000
reference_r1,LA-LP,200809,3,9.104114,13.0,1.0,0.0,14.0,200807,1000
reference_r1,LA-LP,200810,1,17.309168,27.0,1.0,0.0,33.0,200810,1000
reference_r1,LA-LP,200811,2,108.26387199999999,114.0,0.0,0.0,116.0,200810,1000
reference_r1,LA-LP,200812,3,158.113551,160.0,0.0,0.0,161.0,200810,1000
reference_r1,LA-LP,200901,1,8.092224000000002,11.0,1.0,0.0,0.0,200901,1000
reference_r1,LA-LP,200902,2,4.90015,7.0,1.0,0.0,0.0,200901,1000
reference_r1,LA-LP,200903,3,12.062924000000002,14.0,0.0,0.0,0.0,200901,1000
reference_r1,LA-LP,200904,1,11.446195,15.0,0.0,0.0,0.0,200904,1000
reference_r1,LA-LP,200905,2,32.951622,41.0,0.0,0.0,0.0,200904,1000
reference_r1,LA-LP,200906,3,75.091924,98.5,1.0,0.0,9.0,200904,1000
reference_r1,LA-LP,200907,1,20.167692000000002,29.0,1.0,0.0,30.0,200907,1000
reference_r1,LA-LP,200908,2,20.986515999999995,31.0,1.0,0.0,32.0,200907,1000
reference_r1,LA-LP,200909,3,277.10956699999997,312.0,0.0,0.0,313.0,200907,1000
reference_r1,LA-LP,200910,1,65.535988,116.0,1.0,0.0,165.0,200910,1000
reference_r1,LA-LP,200911,2,42.4217,71.0,1.0,0.0,87.0,200910,1000
reference_r1,LA-LP,200912,3,6.162929,8.0,1.0,0.0,0.0,200910,1000
reference_r1,LA-OU,200801,1,0.000905000000000003,0.0,1.0,1.0,0.0,200801,1000
reference_r1,LA-OU,200802,2,0.0002559999999999993,0.0,1.0,1.0,0.0,200801,1000
reference_r1,LA-OU,200803,3,4.900000000000043e-05,0.0,1.0,1.0,0.0,200801,1000
reference_r1,LA-OU,200804,1,0.000905000000000003,0.0,1.0,1.0,0.0,200804,1000
reference_r1,LA-OU,200805,2,0.005827000000000013,0.0,1.0,1.0,0.0,200804,1000
reference_r1,LA-OU,200806,3,0.014101999999999976,0.0,1.0,1.0,0.0,200804,1000
reference_r1,LA-OU,200807,1,1.6279299999999992,1.0,1.0,1.0,0.0,200807,1000
reference_r1,LA-OU,200808,2,1.1273920000000004,0.0,1.0,1.0,0.0,200807,1000
reference_r1,LA-OU,200809,3,1.3167809999999989,0.0,1.0,1.0,0.0,200807,1000
reference_r1,LA-OU,200810,1,0.04037999999999997,0.0,1.0,1.0,0.0,200810,1000
reference_r1,LA-OU,200811,2,0.004297999999999996,0.0,1.0,1.0,0.0,200810,1000
reference_r1,LA-OU,200812,3,0.0008219999999999963,0.0,1.0,1.0,0.0,200810,1000
reference_r1,LA-OU,200901,1,0.00028900000000000106,0.0,1.0,1.0,0.0,200901,1000
reference_r1,LA-OU,200902,2,3.600000000000044e-05,0.0,1.0,1.0,0.0,200901,1000
reference_r1,LA-OU,200903,3,0.0006850000000000016,0.0,1.0,1.0,0.0,200901,1000
reference_r1,LA-OU,200904,1,0.0010379999999999973,0.0,1.0,1.0,0.0,200904,1000
reference_r1,LA-OU,200905,2,0.005312999999999998,0.0,1.0,1.0,0.0,200904,1000
reference_r1,LA-OU,200906,3,0.01566999999999999,0.0,1.0,1.0,0.0,200904,1000
reference_r1,LA-OU,200907,1,2.364044,1.0,1.0,1.0,0.0,200907,1000
reference_r1,LA-OU,200908,2,2.6968359999999976,0.0,1.0,1.0,1.0,200907,1000
reference_r1,LA-OU,200909,3,8.770896999999998,14.0,1.0,0.0,15.0,200907,1000
reference_r1,LA-OU,200910,1,2.1991160000000005,4.0,1.0,1.0,6.0,200910,1000
reference_r1,LA-OU,200911,2,9.566518,12.0,0.0,0.0,13.0,200910,1000
reference_r1,LA-OU,200912,3,16.101063,18.0,0.0,0.0,18.0,200910,1000
reference_r1,LA-PH,200901,1,0.014678999999999998,0.0,1.0,1.0,0.0,200901,1000
reference_r1,LA-PH,200902,2,0.01933600000000002,0.0,1.0,1.0,0.0,200901,1000
reference_r1,LA-PH,200903,3,0.021245000000000014,0.0,1.0,1.0,0.0,200901,1000
reference_r1,LA-PH,200904,1,0.0038929999999999937,0.0,1.0,1.0,0.0,200904,1000
reference_r1,LA-PH,200905,2,0.0069210000000000105,0.0,1.0,1.0,0.0,200904,1000
reference_r1,LA-PH,200906,3,0.030276000000000025,0.0,1.0,1.0,0.0,200904,1000
reference_r1,LA-PH,200907,1,0.20149499999999954,0.0,1.0,1.0,0.0,200907,1000
reference_r1,LA-PH,200909,3,0.2726230000000003,0.0,1.0,1.0,0.0,200907,1000
reference_r1,LA-PH,200910,1,0.01815900000000001,0.0,1.0,1.0,0.0,200910,1000
reference_r1,LA-PH,200911,2,0.0057829999999999965,0.0,1.0,1.0,0.0,200910,1000
reference_r1,LA-PH,200912,3,0.0010329999999999992,0.0,1.0,1.0,0.0,200910,1000
reference_r1,LA-SL,200801,1,0.9359600000000001,1.0,1.0,1.0,0.0,200801,1000
reference_r1,LA-SL,200802,2,0.3921460000000001,0.0,1.0,1.0,1.0,200801,1000
reference_r1,LA-SL,200803,3,3.692026,5.0,0.0,0.0,5.0,200801,1000
reference_r1,LA-SL,200804,1,0.8494930000000003,0.0,1.0,1.0,2.0,200804,1000
reference_r1,LA-SL,200805,2,89.52403,100.0,0.0,0.0,105.0,200804,1000
reference_r1,LA-SL,200806,3,188.157378,214.0,0.0,0.0,226.0,200804,1000
reference_r1,LA-SL,200807,1,49.670201000000006,75.0,1.0,0.0,78.0,200807,1000
reference_r1,LA-SL,200808,2,39.471311,60.0,1.0,0.0,63.0,200807,1000
reference_r1,LA-SL,200809,3,56.592414000000005,83.0,1.0,0.0,85.0,200807,1000
reference_r1,LA-SL,200810,1,39.311372,69.0,1.0,0.0,91.0,200810,1000
reference_r1,LA-SL,200811,2,7.296982000000002,13.0,1.0,1.0,21.0,200810,1000
reference_r1,LA-SL,200812,3,2.8325199999999997,4.0,1.0,1.0,8.0,200810,1000
reference_r1,LA-SL,200901,1,1.774387,2.0,1.0,1.0,1.0,200901,1000
reference_r1,LA-SL,200902,2,19.839352,23.0,0.0,0.0,24.0,200901,1000
reference_r1,LA-SL,200903,3,13.149506,20.0,0.0,0.0,25.0,200901,1000
reference_r1,LA-SL,200904,1,5.698871999999998,8.0,1.0,1.0,19.0,200904,1000
reference_r1,LA-SL,200905,2,46.334151999999996,84.0,1.0,0.0,122.0,200904,1000
reference_r1,LA-SL,200906,3,28.172700000000006,20.0,1.0,1.0,42.0,200904,1000
reference_r1,LA-SL,200907,1,114.07736200000002,160.0,1.0,0.0,164.0,200907,1000
reference_r1,LA-SL,200908,2,88.702064,124.0,0.0,0.0,127.0,200907,1000
reference_r1,LA-SL,200909,3,62.36598299999997,88.0,1.0,0.0,91.0,200907,1000
reference_r1,LA-SL,200910,1,34.802546,65.0,1.0,0.0,94.0,200910,1000
reference_r1,LA-SL,200911,2,15.498442,26.0,1.0,1.0,44.0,200910,1000
reference_r1,LA-SL,200912,3,7.528991000000001,1.0,1.0,1.0,17.0,200910,1000
reference_r1,LA-SV,200801,1,5.547417000000001,7.0,1.0,0.0,1.0,200801,1000
reference_r1,LA-SV,200802,2,1.0893490000000003,1.0,1.0,1.0,1.0,200801,1000
reference_r1,LA-SV,200803,3,0.48614,0.0,1.0,1.0,1.0,200801,1000
reference_r1,LA-SV,200804,1,3.2795360000000002,4.0,1.0,0.0,0.0,200804,1000
reference_r1,LA-SV,200805,2,7.876780999999999,11.0,1.0,0.0,1.0,200804,1000
reference_r1,LA-SV,200806,3,28.380983999999998,35.0,1.0,0.0,10.0,200804,1000
reference_r1,LA-SV,200807,1,23.881301000000008,2.0,1.0,1.0,11.0,200807,1000
reference_r1,LA-SV,200808,2,21.63117299999999,6.0,1.0,1.0,4.0,200807,1000
reference_r1,LA-SV,200809,3,22.400266999999985,10.0,1.0,1.0,2.0,200807,1000
reference_r1,LA-SV,200810,1,3.8406100000000007,7.0,1.0,0.0,10.0,200810,1000
reference_r1,LA-SV,200811,2,0.7682600000000002,1.0,1.0,1.0,2.0,200810,1000
reference_r1,LA-SV,200812,3,0.34063600000000016,0.0,1.0,1.0,0.0,200810,1000
reference_r1,LA-SV,200901,1,0.08596599999999999,0.0,1.0,1.0,0.0,200901,1000
reference_r1,LA-SV,200902,2,0.013481999999999994,0.0,1.0,1.0,0.0,200901,1000
reference_r1,LA-SV,200903,3,0.11032000000000003,0.0,1.0,1.0,0.0,200901,1000
reference_r1,LA-SV,200904,1,0.17468300000000003,0.0,1.0,1.0,0.0,200904,1000
reference_r1,LA-SV,200905,2,1.249162,2.0,1.0,1.0,0.0,200904,1000
reference_r1,LA-SV,200906,3,1.7302809999999997,2.0,1.0,1.0,1.0,200904,1000
reference_r1,LA-SV,200907,1,30.152889999999957,2.0,1.0,1.0,13.0,200907,1000
reference_r1,LA-SV,200908,2,30.933273999999983,22.0,1.0,1.0,34.0,200907,1000
reference_r1,LA-SV,200909,3,36.888075999999955,31.5,1.0,1.0,48.0,200907,1000
reference_r1,LA-SV,200910,1,6.586860999999999,2.0,1.0,1.0,16.0,200910,1000
reference_r1,LA-SV,200911,2,16.811281,27.0,1.0,0.0,33.0,200910,1000
reference_r1,LA-SV,200912,3,1.8371329999999997,0.0,1.0,1.0,4.0,200910,1000
reference_r1,LA-VT,200801,1,10.714584000000002,4.0,1.0,1.0,29.0,200801,1000
reference_r1,LA-VT,200802,2,3.996601000000001,7.0,1.0,1.0,12.0,200801,1000
reference_r1,LA-VT,200803,3,16.522857000000002,23.0,0.0,0.0,26.0,200801,1000
reference_r1,LA-VT,200804,1,11.819135,15.0,1.0,0.0,4.0,200804,1000
reference_r1,LA-VT,200805,2,25.304015999999997,27.0,1.0,1.0,17.0,200804,1000
reference_r1,LA-VT,200806,3,72.77900499999998,78.0,1.0,1.0,60.0,200804,1000
reference_r1,LA-VT,200807,1,79.62387999999999,100.0,1.0,1.0,132.0,200807,1000
reference_r1,LA-VT,200808,2,84.09198400000002,120.0,1.0,1.0,144.0,200807,1000
reference_r1,LA-VT,200809,3,96.71268599999996,134.5,1.0,0.0,158.0,200807,1000
reference_r1,LA-VT,200810,1,35.38703000000001,24.0,1.0,1.0,95.0,200810,1000
reference_r1,LA-VT,200811,2,61.523733,104.0,1.0,0.0,129.0,200810,1000
reference_r1,LA-VT,200812,3,53.204702,78.0,0.0,0.0,91.0,200810,1000
reference_r1,LA-VT,200901,1,19.474863,31.0,1.0,0.0,38.0,200901,1000
reference_r1,LA-VT,200902,2,14.463068,18.0,0.0,0.0,20.0,200901,1000
reference_r1,LA-VT,200903,3,6.282218,11.0,1.0,1.0,19.0,200901,1000
reference_r1,LA-VT,200904,1,10.609373999999999,8.0,1.0,1.0,33.0,200904,1000
reference_r1,LA-VT,200905,2,108.37036799999998,134.5,1.0,0.0,54.0,200904,1000
reference_r1,LA-VT,200906,3,166.441737,177.5,1.0,1.0,104.0,200904,1000
reference_r1,LA-VT,200907,1,180.23592699999995,260.0,1.0,0.0,302.0,200907,1000
reference_r1,LA-VT,200908,2,206.06989199999998,317.0,1.0,0.0,356.0,200907,1000
reference_r1,LA-VT,200909,3,279.660473,435.0,1.0,0.0,470.0,200907,1000
reference_r1,LA-VT,200910,1,193.724737,349.0,1.0,0.0,527.0,200910,1000
reference_r1,LA-VT,200911,2,279.928436,440.0,0.0,0.0,521.0,200910,1000
reference_r1,LA-VT,200912,3,210.73643700000002,311.0,0.0,0.0,366.0,200910,1000
reference_r1,LA-XA,200801,1,1.1126930000000002,1.5,1.0,1.0,0.0,200801,1000
reference_r1,LA-XA,200802,2,0.23480100000000004,0.0,1.0,1.0,0.0,200801,1000
reference_r1,LA-XA,200803,3,0.139513,0.0,1.0,1.0,0.0,200801,1000
reference_r1,LA-XA,200804,1,0.7268720000000002,1.0,1.0,1.0,0.0,200804,1000
reference_r1,LA-XA,200805,2,1.3175499999999998,1.0,1.0,1.0,2.0,200804,1000
reference_r1,LA-XA,200806,3,2.1461239999999995,1.0,1.0,1.0,6.0,200804,1000
reference_r1,LA-XA,200807,1,10.850281999999993,17.0,1.0,0.0,19.0,200807,1000
reference_r1,LA-XA,200808,2,4.105643000000001,6.0,1.0,1.0,7.0,200807,1000
reference_r1,LA-XA,200809,3,2.502944999999997,0.0,1.0,1.0,1.0,200807,1000
reference_r1,LA-XA,200810,1,1.5478009999999998,0.0,1.0,1.0,3.0,200810,1000
reference_r1,LA-XA,200811,2,0.7231389999999998,1.0,1.0,1.0,2.0,200810,1000
reference_r1,LA-XA,200812,3,0.39412100000000005,1.0,1.0,1.0,1.0,200810,1000
reference_r1,LA-XA,200901,1,0.09753799999999996,0.0,1.0,1.0,0.0,200901,1000
reference_r1,LA-XA,200902,2,0.03093600000000002,0.0,1.0,1.0,0.0,200901,1000
reference_r1,LA-XA,200903,3,0.212916,0.0,1.0,1.0,0.0,200901,1000
reference_r1,LA-XA,200904,1,0.27451000000000014,0.0,1.0,1.0,0.0,200904,1000
reference_r1,LA-XA,200905,2,1.0569640000000002,1.0,1.0,1.0,1.0,200904,1000
reference_r1,LA-XA,200906,3,5.6558589999999995,10.0,1.0,0.0,14.0,200904,1000
reference_r1,LA-XA,200907,1,6.654525,9.0,1.0,1.0,11.0,200907,1000
reference_r1,LA-XA,200908,2,22.004283,35.0,1.0,0.0,37.0,200907,1000
reference_r1,LA-XA,200909,3,6.667822999999991,9.0,1.0,1.0,11.0,200907,1000
reference_r1,LA-XA,200910,1,4.262353999999998,3.0,1.0,1.0,5.0,200910,1000
reference_r1,LA-XA,200911,2,1.7879880000000004,1.0,1.0,1.0,5.0,200910,1000
reference_r1,LA-XA,200912,3,1.54066,2.0,1.0,1.0,0.0,200910,1000
reference_r1,LA-XE,200801,1,0.014126,0.0,1.0,1.0,0.0,200801,1000
reference_r1,LA-XE,200802,2,0.00859,0.0,1.0,1.0,0.0,200801,1000
reference_r1,LA-XE,200803,3,0.0034140000000000004,0.0,1.0,1.0,0.0,200801,1000
reference_r1,LA-XE,200804,1,0.00885699999999999,0.0,1.0,1.0,0.0,200804,1000
reference_r1,LA-XE,200805,2,0.037743000000000027,0.0,1.0,1.0,0.0,200804,1000
reference_r1,LA-XE,200806,3,4.076605000000001,5.0,0.0,0.0,5.0,200804,1000
reference_r1,LA-XE,200807,1,0.2786010000000001,0.0,1.0,1.0,0.0,200807,1000
reference_r1,LA-XE,200808,2,0.34082399999999957,0.0,1.0,1.0,0.0,200807,1000
reference_r1,LA-XE,200809,3,0.646874,1.0,1.0,1.0,1.0,200807,1000
reference_r1,LA-XE,200810,1,0.047312999999999994,0.0,1.0,1.0,0.0,200810,1000
reference_r1,LA-XE,200811,2,0.012679999999999997,0.0,1.0,1.0,0.0,200810,1000
reference_r1,LA-XE,200812,3,0.896913,1.0,0.0,0.0,1.0,200810,1000
reference_r1,LA-XE,200901,1,0.006713999999999998,0.0,1.0,1.0,0.0,200901,1000
reference_r1,LA-XE,200902,2,1.873414,2.0,0.0,0.0,2.0,200901,1000
reference_r1,LA-XE,200903,3,1.755445,2.0,0.0,0.0,2.0,200901,1000
reference_r1,LA-XE,200904,1,0.534985,1.0,1.0,1.0,1.0,200904,1000
reference_r1,LA-XE,200905,2,0.9246190000000001,2.0,1.0,0.0,2.0,200904,1000
reference_r1,LA-XE,200906,3,5.835069,8.0,0.0,0.0,9.0,200904,1000
reference_r1,LA-XE,200907,1,24.722913999999996,29.0,0.0,0.0,29.0,200907,1000
reference_r1,LA-XE,200908,2,22.169992999999998,27.0,0.0,0.0,27.0,200907,1000
reference_r1,LA-XE,200909,3,4.003242999999999,6.0,1.0,0.0,6.0,200907,1000
reference_r1,LA-XE,200910,1,2.638095999999999,4.0,1.0,1.0,7.0,200910,1000
reference_r1,LA-XE,200911,2,2.4022140000000007,1.0,1.0,1.0,3.0,200910,1000
reference_r1,LA-XE,200912,3,6.235538999999999,2.0,1.0,1.0,7.0,200910,1000
reference_r1,LA-XI,200801,1,0.00044500000000000095,0.0,1.0,1.0,0.0,200801,1000
reference_r1,LA-XI,200802,2,0.0002260000000000005,0.0,1.0,1.0,0.0,200801,1000
reference_r1,LA-XI,200803,3,0.000449999999999999,0.0,1.0,1.0,0.0,200801,1000
reference_r1,LA-XI,200804,1,0.00029799999999999965,0.0,1.0,1.0,0.0,200804,1000
reference_r1,LA-XI,200805,2,0.001346,0.0,1.0,1.0,0.0,200804,1000
reference_r1,LA-XI,200806,3,0.935106,1.0,0.0,0.0,1.0,200804,1000
reference_r1,LA-XI,200807,1,0.2479899999999997,0.0,1.0,1.0,0.0,200807,1000
reference_r1,LA-XI,200808,2,0.24075299999999977,0.0,1.0,1.0,0.0,200807,1000
reference_r1,LA-XI,200809,3,0.247541,0.0,1.0,1.0,0.0,200807,1000
reference_r1,LA-XI,200810,1,0.01053599999999999,0.0,1.0,1.0,0.0,200810,1000
reference_r1,LA-XI,200811,2,0.0017099999999999962,0.0,1.0,1.0,0.0,200810,1000
reference_r1,LA-XI,200812,3,0.0007599999999999968,0.0,1.0,1.0,0.0,200810,1000
reference_r1,LA-XI,200901,1,0.000902,0.0,1.0,1.0,0.0,200901,1000
reference_r1,LA-XI,200902,2,0.0010510000000000033,0.0,1.0,1.0,0.0,200901,1000
reference_r1,LA-XI,200903,3,0.0015239999999999976,0.0,1.0,1.0,0.0,200901,1000
reference_r1,LA-XI,200904,1,0.0002669999999999999,0.0,1.0,1.0,0.0,200904,1000
reference_r1,LA-XI,200905,2,38.934754999999996,39.0,0.0,0.0,39.0,200904,1000
reference_r1,LA-XI,200906,3,32.807079,33.0,0.0,0.0,33.0,200904,1000
reference_r1,LA-XI,200907,1,0.7653860000000012,1.0,1.0,1.0,1.0,200907,1000
reference_r1,LA-XI,200908,2,6.952957999999999,10.0,1.0,0.0,10.0,200907,1000
reference_r1,LA-XI,200909,3,0.5359949999999998,0.0,1.0,1.0,0.0,200907,1000
reference_r1,LA-XI,200910,1,1.1083820000000002,1.0,1.0,1.0,0.0,200910,1000
reference_r1,LA-XI,200911,2,0.3309709999999999,0.0,1.0,1.0,0.0,200910,1000
reference_r1,LA-XI,200912,3,0.18000800000000006,0.0,1.0,1.0,0.0,200910,1000
reference_r2,LA-AT,200801,1,2.870029,4.0,0.0,0.0,4.0,200801,1000
reference_r2,LA-AT,200802,2,1.166247,2.0,1.0,0.0,2.0,200801,1000
reference_r2,LA-AT,200803,3,0.07794099999999998,0.0,1.0,1.0,0.0,200801,1000
reference_r2,LA-AT,200804,1,0.49658099999999994,0.0,1.0,1.0,0.0,200804,1000
reference_r2,LA-AT,200805,2,2.053591,4.0,1.0,1.0,4.0,200804,1000
reference_r2,LA-AT,200806,3,5.099836,9.0,1.0,0.0,10.0,200804,1000
reference_r2,LA-AT,200807,1,3.6795430000000096,5.0,1.0,1.0,6.0,200807,1000
reference_r2,LA-AT,200808,2,6.903518999999996,11.0,1.0,0.0,11.0,200807,1000
reference_r2,LA-AT,200809,3,17.34541,24.0,0.0,0.0,24.0,200807,1000
reference_r2,LA-AT,200810,1,30.636712000000003,42.0,0.0,0.0,47.0,200810,1000
reference_r2,LA-AT,200811,2,36.745142,42.0,0.0,0.0,43.0,200810,1000
reference_r2,LA-AT,200812,3,17.612139,22.0,0.0,0.0,23.0,200810,1000
reference_r2,LA-AT,200901,1,8.47136,14.0,1.0,0.0,18.0,200901,1000
reference_r2,LA-AT,200902,2,39.265982,44.0,0.0,0.0,46.0,200901,1000
reference_r2,LA-AT,200903,3,59.574331,72.0,0.0,0.0,77.0,200901,1000
reference_r2,LA-AT,200904,1,49.116268,79.0,1.0,0.0,99.0,200904,1000
reference_r2,LA-AT,200905,2,51.268833999999984,63.0,0.0,0.0,0.0,200904,1000
reference_r2,LA-AT,200906,3,35.279944,43.0,1.0,1.0,24.0,200904,1000
reference_r2,LA-AT,200907,1,47.680179,63.0,0.0,0.0,64.0,200907,1000
reference_r2,LA-AT,200908,2,14.664608,21.0,0.0,0.0,21.0,200907,1000
reference_r2,LA-AT,200909,3,9.823124,16.0,1.0,0.0,17.0,200907,1000
reference_r2,LA-AT,200910,1,5.629828,5.0,1.0,1.0,4.0,200910,1000
reference_r2,LA-AT,200911,2,7.106491000000002,4.0,1.0,1.0,16.0,200910,1000
reference_r2,LA-AT,200912,3,4.375648999999999,2.0,1.0,1.0,6.0,200910,1000
reference_r2,LA-BK,200801,1,0.948692,1.0,0.0,0.0,1.0,200801,1000
reference_r2,LA-BK,200802,2,9.999999999999159e-07,0.0,1.0,1.0,0.0,200801,1000
reference_r2,LA-BK,200803,3,5.00000000000023e-06,0.0,1.0,1.0,0.0,200801,1000
reference_r2,LA-BK,200804,1,0.09193899999999999,0.0,1.0,1.0,0.0,200804,1000
reference_r2,LA-BK,200805,2,8.282046999999999,12.0,0.0,0.0,12.0,200804,1000
reference_r2,LA-BK,200806,3,46.60701,53.0,0.0,0.0,53.0,200804,1000
reference_r2,LA-BK,200807,1,1.8842029999999994,1.0,1.0,1.0,2.0,200807,1000
reference_r2,LA-BK,200808,2,5.801938,9.0,1.0,0.0,9.0,200807,1000
reference_r2,LA-BK,200809,3,21.645176,32.0,1.0,0.0,33.0,200807,1000
reference_r2,LA-BK,200810,1,22.942771000000008,15.5,1.0,1.0,48.0,200810,1000
reference_r2,LA-BK,200811,2,48.272275,53.5,0.0,0.0,55.0,200810,1000
reference_r2,LA-BK,200812,3,2.9151080000000005,4.0,1.0,0.0,5.0,200810,1000
reference_r2,LA-BK,200901,1,0.46379400000000004,0.0,1.0,1.0,1.0,200901,1000
reference_r2,LA-BK,200902,2,0.26910200000000006,0.0,1.0,1.0,0.0,200901,1000
reference_r2,LA-BK,200903,3,0.586875,0.0,1.0,1.0,1.0,200901,1000
reference_r2,LA-BK,200904,1,1.318219,0.0,1.0,1.0,3.0,200904,1000
reference_r2,LA-BK,200905,2,43.200038,64.0,0.0,0.0,74.0,200904,1000
reference_r2,LA-BK,200906,3,146.591438,192.0,0.0,0.0,216.0,200904,1000
reference_r2,LA-BK,200907,1,184.315415,211.0,0.0,0.0,212.0,200907,1000
reference_r2,LA-BK,200908,2,90.20895200000001,109.0,0.0,0.0,110.0,200907,1000
reference_r2,LA-BK,200909,3,39.497511,51.0,0.0,0.0,52.0,200907,1000
reference_r2,LA-BK,200910,1,21.675027,13.0,1.0,1.0,31.0,200910,1000
reference_r2,LA-BK,200911,2,16.155339999999995,20.0,1.0,0.0,5.0,200910,1000
reference_r2,LA-BK,200912,3,4.625311999999999,4.0,1.0,1.0,4.0,200910,1000
reference_r2,LA-BL,200801,1,5.211004,8.0,1.0,0.0,10.0,200801,1000
reference_r2,LA-BL,200802,2,5.742271,7.0,0.0,0.0,7.0,200801,1000
reference_r2,LA-BL,200803,3,0.39354999999999996,1.0,1.0,1.0,1.0,200801,1000
reference_r2,LA-BL,200804,1,1.801488,3.0,1.0,0.0,3.0,200804,1000
reference_r2,LA-BL,200805,2,11.091016,15.0,0.0,0.0,15.0,200804,1000
reference_r2,LA-BL,200806,3,11.807714,19.0,1.0,0.0,19.0,200804,1000
reference_r2,LA-BL,200807,1,19.489928999999997,30.0,1.0,0.0,31.0,200807,1000
reference_r2,LA-BL,200808,2,20.422767,30.0,1.0,0.0,32.0,200807,1000
reference_r2,LA-BL,200809,3,18.832101999999992,28.0,1.0,0.0,30.0,200807,1000
reference_r2,LA-BL,200810,1,10.138714000000004,12.0,1.0,1.0,5.0,200810,1000
reference_r2,LA-BL,200811,2,3.9841699999999998,7.0,1.0,1.0,12.0,200810,1000
reference_r2,LA-BL,200812,3,0.9679320000000002,1.0,1.0,1.0,1.0,200810,1000
reference_r2,LA-BL,200901,1,0.727095,1.0,1.0,1.0,2.0,200901,1000
reference_r2,LA-BL,200902,2,1.7457879999999997,3.0,1.0,0.0,3.0,200901,1000
reference_r2,LA-BL,200903,3,0.9977959999999997,1.0,1.0,1.0,0.0,200901,1000
reference_r2,LA-BL,200904,1,0.7688329999999999,1.0,1.0,1.0,2.0,200904,1000
reference_r2,LA-BL,200905,2,4.063975000000001,6.0,1.0,0.0,0.0,200904,1000
reference_r2,LA-BL,200906,3,5.191542999999999,4.0,1.0,1.0,7.0,200904,1000
reference_r2,LA-BL,200907,1,21.442379000000003,33.0,1.0,0.0,35.0,200907,1000
reference_r2,LA-BL,200908,2,5.833576000000001,7.0,1.0,1.0,9.0,200907,1000
reference_r2,LA-BL,200909,3,5.436509999999998,3.0,1.0,1.0,0.0,200907,1000
reference_r2,LA-BL,200910,1,5.468042999999998,7.0,1.0,0.0,1.0,200910,1000
reference_r2,LA-BL,200911,2,2.460592,2.0,1.0,1.0,2.0,200910,1000
reference_r2,LA-BL,200912,3,0.6904659999999998,0.0,1.0,1.0,1.0,200910,1000
reference_r2,LA-CH,200801,1,29.400878,52.0,1.0,0.0,73.0,200801,1000
reference_r2,LA-CH,200802,2,41.710931,71.0,1.0,0.0,90.0,200801,1000
reference_r2,LA-CH,200803,3,48.63571,76.0,0.0,0.0,92.0,200801,1000
reference_r2,LA-CH,200804,1,36.551064,65.0,1.0,0.0,69.0,200804,1000
reference_r2,LA-CH,200805,2,61.931813000000005,105.0,1.0,0.0,113.0,200804,1000
reference_r2,LA-CH,200806,3,169.26722999999998,279.0,1.0,0.0,295.0,200804,1000
reference_r2,LA-CH,200807,1,95.311037,150.0,1.0,0.0,162.0,200807,1000
reference_r2,LA-CH,200808,2,91.33428900000001,135.0,1.0,0.0,143.0,200807,1000
reference_r2,LA-CH,200809,3,123.56388700000002,179.0,1.0,0.0,185.0,200807,1000
reference_r2,LA-CH,200810,1,48.776076,89.0,1.0,0.0,140.0,200810,1000
reference_r2,LA-CH,200811,2,49.353605,82.0,1.0,0.0,102.0,200810,1000
reference_r2,LA-CH,200812,3,34.683201999999994,58.0,1.0,0.0,73.0,200810,1000
reference_r2,LA-CH,200901,1,10.119243,13.0,1.0,1.0,31.0,200901,1000
reference_r2,LA-CH,200902,2,27.214198000000003,41.0,0.0,0.0,48.0,200901,1000
reference_r2,LA-CH,200903,3,22.387956999999997,40.0,1.0,0.0,60.0,200901,1000
reference_r2,LA-CH,200904,1,39.571918000000004,71.0,1.0,0.0,102.0,200904,1000
reference_r2,LA-CH,200905,2,77.67261800000003,84.0,1.0,1.0,66.0,200904,1000
reference_r2,LA-CH,200906,3,71.83555600000003,39.5,1.0,1.0,124.0,200904,1000
reference_r2,LA-CH,200907,1,72.095211,107.0,1.0,0.0,122.0,200907,1000
reference_r2,LA-CH,200908,2,64.89548500000001,101.0,1.0,0.0,110.0,200907,1000
reference_r2,LA-CH,200909,3,60.58468499999998,95.0,1.0,0.0,105.0,200907,1000
reference_r2,LA-CH,200910,1,20.648829,32.0,1.0,1.0,59.0,200910,1000
reference_r2,LA-CH,200911,2,20.115042000000003,7.0,1.0,1.0,35.0,200910,1000
reference_r2,LA-CH,200912,3,11.842319999999994,12.0,1.0,1.0,32.0,200910,1000
reference_r2,LA-HO,200801,1,0.002808999999999999,0.0,1.0,1.0,0.0,200801,1000
reference_r2,LA-HO,200802,2,0.0010240000000000006,0.0,1.0,1.0,0.0,200801,1000
reference_r2,LA-HO,200803,3,0.006184999999999996,0.0,1.0,1.0,0.0,200801,1000
reference_r2,LA-HO,200804,1,0.016990000000000005,0.0,1.0,1.0,0.0,200804,1000
reference_r2,LA-HO,200805,2,0.05053099999999999,0.0,1.0,1.0,0.0,200804,1000
reference_r2,LA-HO,200806,3,0.10675400000000002,0.0,1.0,1.0,0.0,200804,1000
reference_r2,LA-HO,200807,1,0.4200189999999999,0.0,1.0,1.0,0.0,200807,1000
reference_r2,LA-HO,200808,2,0.4557479999999998,0.0,1.0,1.0,0.0,200807,1000
reference_r2,LA-HO,200809,3,0.8657190000000003,1.0,1.0,1.0,1.0,200807,1000
reference_r2,LA-HO,200810,1,0.07379000000000002,0.0,1.0,1.0,0.0,200810,1000
reference_r2,LA-HO,200811,2,0.007235000000000005,0.0,1.0,1.0,0.0,200810,1000
reference_r2,LA-HO,200812,3,0.8987419999999999,1.0,0.0,0.0,1.0,200810,1000
reference_r2,LA-HO,200901,1,0.016895999999999994,0.0,1.0,1.0,0.0,200901,1000
reference_r2,LA-HO,200902,2,0.028368999999999978,0.0,1.0,1.0,0.0,200901,1000
reference_r2,LA-HO,200903,3,0.023804999999999993,0.0,1.0,1.0,0.0,200901,1000
reference_r2,LA-HO,200904,1,0.005960000000000007,0.0,1.0,1.0,0.0,200904,1000
reference_r2,LA-HO,200905,2,0.014989000000000002,0.0,1.0,1.0,0.0,200904,1000
reference_r2,LA-HO,200906,3,0.041537999999999964,0.0,1.0,1.0,0.0,200904,1000
reference_r2,LA-HO,200907,1,0.34861500000000056,0.0,1.0,1.0,0.0,200907,1000
reference_r2,LA-HO,200908,2,0.568760000000001,0.0,1.0,1.0,0.0,200907,1000
reference_r2,LA-HO,200909,3,0.782449999999999,1.0,1.0,1.0,1.0,200907,1000
reference_r2,LA-HO,200910,1,0.5915029999999999,1.0,1.0,0.0,1.0,200910,1000
reference_r2,LA-HO,200911,2,0.7675,1.0,1.0,0.0,1.0,200910,1000
reference_r2,LA-HO,200912,3,0.88176,1.0,0.0,0.0,1.0,200910,1000
reference_r2,LA-KH,200801,1,0.8436089999999998,1.0,1.0,1.0,0.0,200801,1000
reference_r2,LA-KH,200802,2,0.10065799999999997,0.0,1.0,1.0,0.0,200801,1000
reference_r2,LA-KH,200803,3,0.084513,0.0,1.0,1.0,0.0,200801,1000
reference_r2,LA-KH,200804,1,0.34750000000000014,0.0,1.0,1.0,0.0,200804,1000
reference_r2,LA-KH,200805,2,0.8777169999999996,0.0,1.0,1.0,0.0,200804,1000
reference_r2,LA-KH,200806,3,2.284251000000001,0.0,1.0,1.0,1.0,200804,1000
reference_r2,LA-KH,200807,1,4.221245999999994,1.0,1.0,1.0,3.0,200807,1000
reference_r2,LA-KH,200808,2,4.132339000000002,2.0,1.0,1.0,0.0,200807,1000
reference_r2,LA-KH,200809,3,4.838402000000002,2.0,1.0,1.0,4.0,200807,1000
reference_r2,LA-KH,200810,1,0.712469,0.0,1.0,1.0,1.0,200810,1000
reference_r2,LA-KH,200811,2,1.6994600000000002,3.0,1.0,0.0,3.0,200810,1000
reference_r2,LA-KH,200812,3,3.2335190000000003,4.0,0.0,0.0,4.0,200810,1000
reference_r2,LA-KH,200901,1,0.09567300000000001,0.0,1.0,1.0,0.0,200901,1000
reference_r2,LA-KH,200902,2,0.01489399999999999,0.0,1.0,1.0,0.0,200901,1000
reference_r2,LA-KH,200903,3,4.787865,6.0,0.0,0.0,6.0,200901,1000
reference_r2,LA-KH,200904,1,0.319434,0.0,1.0,1.0,0.0,200904,1000
reference_r2,LA-KH,200905,2,2.2428190000000003,4.0,1.0,0.0,6.0,200904,1000
reference_r2,LA-KH,200906,3,63.818406,75.0,0.0,0.0,80.0,200904,1000
reference_r2,LA-KH,200907,1,113.18095100000001,152.0,0.0,0.0,155.0,200907,1000
reference_r2,LA-KH,200908,2,238.57449300000002,300.0,0.0,0.0,303.0,200907,1000
reference_r2,LA-KH,200909,3,223.8797,274.0,0.0,0.0,277.0,200907,1000
reference_r2,LA-KH,200910,1,42.39027300000001,3.0,1.0,1.0,85.0,200910,1000
reference_r2,LA-KH,200911,2,22.924324999999996,13.0,1.0,1.0,61.0,200910,1000
reference_r2,LA-KH,200912,3,30.880674000000003,53.0,1.0,0.0,67.0,200910,1000
reference_r2,LA-LM,200801,1,0.0002260000000000005,0.0,1.0,1.0,0.0,200801,1000
reference_r2,LA-LM,200802,2,8.099999999999948e-05,0.0,1.0,1.0,0.0,200801,1000
reference_r2,LA-LM,200803,3,4.000000000000097e-06,0.0,1.0,1.0,0.0,200801,1000
reference_r2,LA-LM,200804,1,0.03016399999999997,0.0,1.0,1.0,0.0,200804,1000
reference_r2,LA-LM,200805,2,0.19809500000000002,0.0,1.0,1.0,0.0,200804,1000
reference_r2,LA-LM,200806,3,0.292751,0.0,1.0,1.0,0.0,200804,1000
reference_r2,LA-LM,200807,1,1.0682200000000002,0.0,1.0,1.0,0.0,200807,1000
reference_r2,LA-LM,200808,2,0.5533980000000005,0.0,1.0,1.0,0.0,200807,1000
reference_r2,LA-LM,200809,3,0.5952210000000004,0.0,1.0,1.0,0.0,200807,1000
reference_r2,LA-LM,200810,1,0.023826999999999987,0.0,1.0,1.0,0.0,200810,1000
reference_r2,LA-LM,200811,2,0.002683000000000005,0.0,1.0,1.0,0.0,200810,1000
reference_r2,LA-LM,200812,3,0.00014800000000000056,0.0,1.0,1.0,0.0,200810,1000
reference_r2,LA-LM,200901,1,0.00010199999999999966,0.0,1.0,1.0,0.0,200901,1000
reference_r2,LA-LM,200902,2,9.99999999999994e-05,0.0,1.0,1.0,0.0,200901,1000
reference_r2,LA-LM,200903,3,0.0004839999999999983,0.0,1.0,1.0,0.0,200901,1000
reference_r2,LA-LM,200904,1,0.94868,1.0,0.0,0.0,1.0,200904,1000
reference_r2,LA-LM,200905,2,0.003374999999999989,0.0,1.0,1.0,0.0,200904,1000
reference_r2,LA-LM,200906,3,1.778816,2.0,0.0,0.0,2.0,200904,1000
reference_r2,LA-LM,200907,1,0.9425129999999999,1.0,1.0,1.0,1.0,200907,1000
reference_r2,LA-LM,200908,2,1.34788,0.0,1.0,1.0,0.0,200907,1000
reference_r2,LA-LM,200909,3,2.340674,4.0,1.0,0.0,4.0,200907,1000
reference_r2,LA-LM,200910,1,2.816205,4.0,1.0,0.0,5.0,200910,1000
reference_r2,LA-LM,200911,2,4.455114999999999,6.0,0.0,0.0,6.0,200910,1000
reference_r2,LA-LM,200912,3,3.353251,4.0,0.0,0.0,4.0,200910,1000
reference_r2,LA-LP,200801,1,0.7571660000000002,1.0,1.0,1.0,0.0,200801,1000
reference_r2,LA-LP,200802,2,14.267759,16.0,0.0,0.0,16.0,200801,1000
reference_r2,LA-LP,200803,3,20.295906,22.0,0.0,0.0,22.0,200801,1000
reference_r2,LA-LP,200804,1,31.738872000000004,33.0,0.0,0.0,33.0,200804,1000
reference_r2,LA-LP,200805,2,112.771204,116.0,0.0,0.0,116.0,200804,1000
reference_r2,LA-LP,200806,3,153.205867,160.0,0.0,0.0,160.0,200804,1000
reference_r2,LA-LP,200807,1,9.993556000000005,15.0,1.0,0.0,16.0,200807,1000
reference_r2,LA-LP,200808,2,8.205945999999997,13.0,1.0,0.0,13.0,200807,1000
reference_r2,LA-LP,200809,3,8.876618,14.0,1.0,0.0,14.0,200807,1000
reference_r2,LA-LP,200810,1,16.71071,27.0,1.0,0.0,33.0,200810,1000
reference_r2,LA-LP,200811,2,108.873379,114.0,0.0,0.0,116.0,200810,1000
reference_r2,LA-LP,200812,3,157.84191199999998,160.0,0.0,0.0,161.0,200810,1000
reference_r2,LA-LP,200901,1,8.096719,11.0,1.0,0.0,0.0,200901,1000
reference_r2,LA-LP,200902,2,4.327036,5.0,1.0,0.0,0.0,200901,1000
reference_r2,LA-LP,200903,3,11.661655999999997,15.0,0.0,0.0,0.0,200901,1000
reference_r2,LA-LP,200904,1,11.652033,15.0,0.0,0.0,0.0,200904,1000
reference_r2,LA-LP,200905,2,35.67989000000001,47.0,0.0,0.0,0.0,200904,1000
reference_r2,LA-LP,200906,3,70.77148200000002,95.0,1.0,0.0,9.0,200904,1000
reference_r2,LA-LP,200907,1,20.486870999999997,29.0,1.0,0.0,30.0,200907,1000
reference_r2,LA-LP,200908,2,20.185861999999997,31.0,1.0,0.0,32.0,200907,1000
reference_r2,LA-LP,200909,3,283.036426,312.0,0.0,0.0,313.0,200907,1000
reference_r2,LA-LP,200910,1,73.503249,127.0,1.0,0.0,165.0,200910,1000
reference_r2,LA-LP,200911,2,35.459931,62.0,1.0,0.0,87.0,200910,1000
reference_r2,LA-LP,200912,3,5.855303000000001,7.0,1.0,0.0,0.0,200910,1000
reference_r2,LA-OU,200801,1,0.001240999999999999,0.0,1.0,1.0,0.0,200801,1000
reference_r2,LA-OU,200802,2,6.399999999999982e-05,0.0,1.0,1.0,0.0,200801,1000
reference_r2,LA-OU,200803,3,8.099999999999948e-05,0.0,1.0,1.0,0.0,200801,1000
reference_r2,LA-OU,200804,1,0.08094400000000002,0.0,1.0,1.0,0.0,200804,1000
reference_r2,LA-OU,200805,2,0.3718069999999998,0.0,1.0,1.0,0.0,200804,1000
reference_r2,LA-OU,200806,3,0.6405690000000002,0.0,1.0,1.0,0.0,200804,1000
reference_r2,LA-OU,200807,1,1.9579360000000001,1.0,1.0,1.0,0.0,200807,1000
reference_r2,LA-OU,200808,2,1.3450399999999991,1.0,1.0,1.0,0.0,200807,1000
reference_r2,LA-OU,200809,3,1.5896340000000002,1.0,1.0,1.0,0.0,200807,1000
reference_r2,LA-OU,200810,1,0.03358599999999995,0.0,1.0,1.0,0.0,200810,1000
reference_r2,LA-OU,200811,2,0.0034440000000000026,0.0,1.0,1.0,0.0,200810,1000
reference_r2,LA-OU,200812,3,0.0006350000000000001,0.0,1.0,1.0,0.0,200810,1000
reference_r2,LA-OU,200901,1,0.0002339999999999981,0.0,1.0,1.0,0.0,200901,1000
reference_r2,LA-OU,200902,2,0.0002249999999999995,0.0,1.0,1.0,0.0,200901,1000
reference_r2,LA-OU,200903,3,0.0002339999999999981,0.0,1.0,1.0,0.0,200901,1000
reference_r2,LA-OU,200904,1,0.0007300000000000015,0.0,1.0,1.0,0.0,200904,1000
reference_r2,LA-OU,200905,2,0.006519999999999998,0.0,1.0,1.0,0.0,200904,1000
reference_r2,LA-OU,200906,3,0.014677999999999997,0.0,1.0,1.0,0.0,200904,1000
reference_r2,LA-OU,200907,1,1.6200480000000006,1.0,1.0,1.0,0.0,200907,1000
reference_r2,LA-OU,200908,2,2.1309520000000006,0.0,1.0,1.0,1.0,200907,1000
reference_r2,LA-OU,200909,3,9.051423,14.0,1.0,0.0,15.0,200907,1000
reference_r2,LA-OU,200910,1,2.2599080000000002,4.0,1.0,1.0,6.0,200910,1000
reference_r2,LA-OU,200911,2,8.562932,12.0,0.0,0.0,13.0,200910,1000
reference_r2,LA-OU,200912,3,16.293002,18.0,0.0,0.0,18.0,200910,1000
reference_r2,LA-PH,200901,1,0.017178000000000027,0.0,1.0,1.0,0.0,200901,1000
reference_r2,LA-PH,200902,2,0.011623999999999968,0.0,1.0,1.0,0.0,200901,1000
reference_r2,LA-PH,200903,3,0.015307000000000015,0.0,1.0,1.0,0.0,200901,1000
reference_r2,LA-PH,200904,1,0.0035339999999999955,0.0,1.0,1.0,0.0,200904,1000
reference_r2,LA-PH,200905,2,0.008212999999999998,0.0,1.0,1.0,0.0,200904,1000
reference_r2,LA-PH,200906,3,0.026865000000000028,0.0,1.0,1.0,0.0,200904,1000
reference_r2,LA-PH,200907,1,0.24637799999999999,0.0,1.0,1.0,0.0,200907,1000
reference_r2,LA-PH,200909,3,0.4324589999999997,0.0,1.0,1.0,0.0,200907,1000
reference_r2,LA-PH,200910,1,0.013547000000000003,0.0,1.0,1.0,0.0,200910,1000
reference_r2,LA-PH,200911,2,0.007989999999999997,0.0,1.0,1.0,0.0,200910,1000
reference_r2,LA-PH,200912,3,0.0016540000000000027,0.0,1.0,1.0,0.0,200910,1000
reference_r2,LA-SL,200801,1,0.9609960000000002,1.0,1.0,1.0,0.0,200801,1000
reference_r2,LA-SL,200802,2,0.4065709999999998,0.0,1.0,1.0,1.0,200801,1000
reference_r2,LA-SL,200803,3,3.6184849999999997,5.0,0.0,0.0,5.0,200801,1000
reference_r2,LA-SL,200804,1,1.2881089999999995,2.0,1.0,1.0,2.0,200804,1000
reference_r2,LA-SL,200805,2,88.681095,104.0,0.0,0.0,105.0,200804,1000
reference_r2,LA-SL,200806,3,182.102189,224.0,0.0,0.0,226.0,200804,1000
reference_r2,LA-SL,200807,1,48.087969999999984,74.0,1.0,0.0,78.0,200807,1000
reference_r2,LA-SL,200808,2,37.69212300000001,59.0,1.0,0.0,63.0,200807,1000
reference_r2,LA-SL,200809,3,56.927234999999996,82.0,1.0,0.0,85.0,200807,1000
reference_r2,LA-SL,200810,1,38.914912,66.0,1.0,0.0,91.0,200810,1000
reference_r2,LA-SL,200811,2,7.517941000000002,14.0,1.0,1.0,21.0,200810,1000
reference_r2,LA-SL,200812,3,2.700215,4.0,1.0,1.0,8.0,200810,1000
reference_r2,LA-SL,200901,1,1.8186020000000003,2.0,1.0,1.0,1.0,200901,1000
reference_r2,LA-SL,200902,2,19.869148000000003,23.0,0.0,0.0,24.0,200901,1000
reference_r2,LA-SL,200903,3,13.274758,21.0,0.0,0.0,25.0,200901,1000
reference_r2,LA-SL,200904,1,6.034967999999999,8.0,1.0,1.0,19.0,200904,1000
reference_r2,LA-SL,200905,2,45.707485,83.0,1.0,0.0,122.0,200904,1000
reference_r2,LA-SL,200906,3,34.25086399999999,33.0,1.0,1.0,42.0,200904,1000
reference_r2,LA-SL,200907,1,115.54182300000001,160.0,0.0,0.0,164.0,200907,1000
reference_r2,LA-SL,200908,2,87.82631500000001,124.0,0.0,0.0,127.0,200907,1000
reference_r2,LA-SL,200909,3,61.209676,88.0,0.0,0.0,91.0,200907,1000
reference_r2,LA-SL,200910,1,34.766141000000005,64.0,1.0,0.0,94.0,200910,1000
reference_r2,LA-SL,200911,2,17.021496,3.5,1.0,1.0,44.0,200910,1000
reference_r2,LA-SL,200912,3,6.997938000000001,5.0,1.0,1.0,17.0,200910,1000
reference_r2,LA-SV,200801,1,5.727430999999999,7.5,1.0,0.0,1.0,200801,1000
reference_r2,LA-SV,200802,2,1.0720569999999996,1.0,1.0,1.0,1.0,200801,1000
reference_r2,LA-SV,200803,3,0.49596700000000005,0.0,1.0,1.0,1.0,200801,1000
reference_r2,LA-SV,200804,1,2.4851609999999997,1.0,1.0,1.0,0.0,200804,1000
reference_r2,LA-SV,200805,2,4.594252000000001,1.0,1.0,1.0,1.0,200804,1000
reference_r2,LA-SV,200806,3,16.320681000000008,3.5,1.0,1.0,10.0,200804,1000
reference_r2,LA-SV,200807,1,22.10757099999998,1.0,1.0,1.0,11.0,200807,1000
reference_r2,LA-SV,200808,2,18.885549999999967,6.0,1.0,1.0,4.0,200807,1000
reference_r2,LA-SV,200809,3,26.240959999999973,9.0,1.0,1.0,2.0,200807,1000
reference_r2,LA-SV,200810,1,3.883800000000001,7.0,1.0,0.0,10.0,200810,1000
reference_r2,LA-SV,200811,2,0.775015,1.0,1.0,1.0,2.0,200810,1000
reference_r2,LA-SV,200812,3,0.35477000000000003,0.0,1.0,1.0,0.0,200810,1000
reference_r2,LA-SV,200901,1,0.09351499999999996,0.0,1.0,1.0,0.0,200901,1000
reference_r2,LA-SV,200902,2,0.016758999999999996,0.0,1.0,1.0,0.0,200901,1000
reference_r2,LA-SV,200903,3,0.11692399999999997,0.0,1.0,1.0,0.0,200901,1000
reference_r2,LA-SV,200904,1,0.183268,0.0,1.0,1.0,0.0,200904,1000
reference_r2,LA-SV,200905,2,1.158766,1.0,1.0,1.0,0.0,200904,1000
reference_r2,LA-SV,200906,3,1.7325730000000004,2.0,1.0,1.0,1.0,200904,1000
reference_r2,LA-SV,200907,1,30.679626999999982,5.0,1.0,1.0,13.0,200907,1000
reference_r2,LA-SV,200908,2,34.536985999999956,18.0,1.0,1.0,34.0,200907,1000
reference_r2,LA-SV,200909,3,37.720864000000006,33.0,1.0,1.0,48.0,200907,1000
reference_r2,LA-SV,200910,1,7.350740000000002,2.0,1.0,1.0,16.0,200910,1000
reference_r2,LA-SV,200911,2,14.811204,25.0,1.0,0.0,33.0,200910,1000
reference_r2,LA-SV,200912,3,1.6037339999999993,2.0,1.0,1.0,4.0,200910,1000
reference_r2,LA-VT,200801,1,11.966943,2.0,1.0,1.0,29.0,200801,1000
reference_r2,LA-VT,200802,2,3.921690000000001,7.0,1.0,1.0,12.0,200801,1000
reference_r2,LA-VT,200803,3,16.988966,23.0,0.0,0.0,26.0,200801,1000
reference_r2,LA-VT,200804,1,5.232127000000002,1.0,1.0,1.0,4.0,200804,1000
reference_r2,LA-VT,200805,2,11.074110000000005,13.0,1.0,1.0,17.0,200804,1000
reference_r2,LA-VT,200806,3,33.82941000000001,37.0,1.0,1.0,60.0,200804,1000
reference_r2,LA-VT,200807,1,82.810205,113.0,1.0,1.0,132.0,200807,1000
reference_r2,LA-VT,200808,2,84.79809499999999,128.0,1.0,0.0,144.0,200807,1000
reference_r2,LA-VT,200809,3,88.43824000000001,137.5,1.0,0.0,158.0,200807,1000
reference_r2,LA-VT,200810,1,34.23430500000002,26.0,1.0,1.0,95.0,200810,1000
reference_r2,LA-VT,200811,2,63.076217,104.0,1.0,0.0,129.0,200810,1000
reference_r2,LA-VT,200812,3,52.983022000000005,79.0,0.0,0.0,91.0,200810,1000
reference_r2,LA-VT,200901,1,19.981765000000003,31.0,0.0,0.0,38.0,200901,1000
reference_r2,LA-VT,200902,2,13.921714999999999,18.0,0.0,0.0,20.0,200901,1000
reference_r2,LA-VT,200903,3,6.318354999999999,11.0,1.0,1.0,19.0,200901,1000
reference_r2,LA-VT,200904,1,11.171109999999999,8.0,1.0,1.0,33.0,200904,1000
reference_r2,LA-VT,200905,2,106.849626,145.5,1.0,1.0,54.0,200904,1000
reference_r2,LA-VT,200906,3,173.583861,193.0,1.0,1.0,104.0,200904,1000
reference_r2,LA-VT,200907,1,173.3183140000001,267.5,1.0,0.0,302.0,200907,1000
reference_r2,LA-VT,200908,2,208.28285299999993,321.0,1.0,0.0,356.0,200907,1000
reference_r2,LA-VT,200909,3,270.50272200000006,436.0,1.0,0.0,470.0,200907,1000
reference_r2,LA-VT,200910,1,192.92886800000002,361.5,1.0,0.0,527.0,200910,1000
reference_r2,LA-VT,200911,2,246.434299,417.0,1.0,0.0,521.0,200910,1000
reference_r2,LA-VT,200912,3,232.33493500000003,322.0,0.0,0.0,366.0,200910,1000
reference_r2,LA-XA,200801,1,1.087205,1.0,1.0,1.0,0.0,200801,1000
reference_r2,LA-XA,200802,2,0.24797500000000006,0.0,1.0,1.0,0.0,200801,1000
reference_r2,LA-XA,200803,3,0.158262,0.0,1.0,1.0,0.0,200801,1000
reference_r2,LA-XA,200804,1,0.4294739999999999,0.0,1.0,1.0,0.0,200804,1000
reference_r2,LA-XA,200805,2,1.258622,2.0,1.0,1.0,2.0,200804,1000
reference_r2,LA-XA,200806,3,2.9524669999999995,5.0,1.0,1.0,6.0,200804,1000
reference_r2,LA-XA,200807,1,10.835366,17.0,1.0,0.0,19.0,200807,1000
reference_r2,LA-XA,200808,2,3.851817999999998,6.0,1.0,1.0,7.0,200807,1000
reference_r2,LA-XA,200809,3,2.27628,0.0,1.0,1.0,1.0,200807,1000
reference_r2,LA-XA,200810,1,1.5993110000000001,0.0,1.0,1.0,3.0,200810,1000
reference_r2,LA-XA,200811,2,0.7601170000000002,1.0,1.0,1.0,2.0,200810,1000
reference_r2,LA-XA,200812,3,0.440991,1.0,1.0,1.0,1.0,200810,1000
reference_r2,LA-XA,200901,1,0.10459000000000002,0.0,1.0,1.0,0.0,200901,1000
reference_r2,LA-XA,200902,2,0.03759500000000002,0.0,1.0,1.0,0.0,200901,1000
reference_r2,LA-XA,200903,3,0.212144,0.0,1.0,1.0,0.0,200901,1000
reference_r2,LA-XA,200904,1,0.30185000000000006,0.0,1.0,1.0,0.0,200904,1000
reference_r2,LA-XA,200905,2,1.2287720000000002,1.0,1.0,1.0,1.0,200904,1000
reference_r2,LA-XA,200906,3,5.806432999999999,10.0,1.0,0.0,14.0,200904,1000
reference_r2,LA-XA,200907,1,6.875187000000011,9.0,1.0,1.0,11.0,200907,1000
reference_r2,LA-XA,200908,2,22.443091999999993,35.0,1.0,0.0,37.0,200907,1000
reference_r2,LA-XA,200909,3,6.936960999999997,9.0,1.0,1.0,11.0,200907,1000
reference_r2,LA-XA,200910,1,4.572735999999999,3.0,1.0,1.0,5.0,200910,1000
reference_r2,LA-XA,200911,2,2.5080670000000005,0.0,1.0,1.0,5.0,200910,1000
reference_r2,LA-XA,200912,3,1.1685249999999998,1.0,1.0,1.0,0.0,200910,1000
reference_r2,LA-XE,200801,1,0.013484999999999997,0.0,1.0,1.0,0.0,200801,1000
reference_r2,LA-XE,200802,2,0.007958000000000007,0.0,1.0,1.0,0.0,200801,1000
reference_r2,LA-XE,200803,3,0.004571000000000006,0.0,1.0,1.0,0.0,200801,1000
reference_r2,LA-XE,200804,1,0.02523600000000001,0.0,1.0,1.0,0.0,200804,1000
reference_r2,LA-XE,200805,2,0.06770999999999994,0.0,1.0,1.0,0.0,200804,1000
reference_r2,LA-XE,200806,3,3.5174279999999998,5.0,0.0,0.0,5.0,200804,1000
reference_r2,LA-XE,200807,1,0.46437600000000057,0.0,1.0,1.0,0.0,200807,1000
reference_r2,LA-XE,200808,2,0.5777359999999998,0.0,1.0,1.0,0.0,200807,1000
reference_r2,LA-XE,200809,3,0.6821890000000002,1.0,1.0,1.0,1.0,200807,1000
reference_r2,LA-XE,200810,1,0.04633900000000002,0.0,1.0,1.0,0.0,200810,1000
reference_r2,LA-XE,200811,2,0.008706999999999993,0.0,1.0,1.0,0.0,200810,1000
reference_r2,LA-XE,200812,3,0.878037,1.0,0.0,0.0,1.0,200810,1000
reference_r2,LA-XE,200901,1,0.008175000000000002,0.0,1.0,1.0,0.0,200901,1000
reference_r2,LA-XE,200902,2,1.89434,2.0,0.0,0.0,2.0,200901,1000
reference_r2,LA-XE,200903,3,1.77034,2.0,0.0,0.0,2.0,200901,1000
reference_r2,LA-XE,200904,1,0.515199,1.0,1.0,1.0,1.0,200904,1000
reference_r2,LA-XE,200905,2,1.009627,2.0,1.0,0.0,2.0,200904,1000
reference_r2,LA-XE,200906,3,5.777077,8.0,0.0,0.0,9.0,200904,1000
reference_r2,LA-XE,200907,1,24.536406,29.0,0.0,0.0,29.0,200907,1000
reference_r2,LA-XE,200908,2,21.610439999999997,27.0,0.0,0.0,27.0,200907,1000
reference_r2,LA-XE,200909,3,3.856923,6.0,1.0,0.0,6.0,200907,1000
reference_r2,LA-XE,200910,1,2.772753,4.0,1.0,1.0,7.0,200910,1000
reference_r2,LA-XE,200911,2,9.009448000000006,8.0,1.0,1.0,3.0,200910,1000
reference_r2,LA-XE,200912,3,6.752690000000001,3.5,1.0,1.0,7.0,200910,1000
reference_r2,LA-XI,200801,1,0.0005310000000000002,0.0,1.0,1.0,0.0,200801,1000
reference_r2,LA-XI,200802,2,9.99999999999994e-05,0.0,1.0,1.0,0.0,200801,1000
reference_r2,LA-XI,200803,3,0.0001539999999999979,0.0,1.0,1.0,0.0,200801,1000
reference_r2,LA-XI,200804,1,0.02019800000000002,0.0,1.0,1.0,0.0,200804,1000
reference_r2,LA-XI,200805,2,0.054979,0.0,1.0,1.0,0.0,200804,1000
reference_r2,LA-XI,200806,3,0.5715620000000001,1.0,1.0,1.0,1.0,200804,1000
reference_r2,LA-XI,200807,1,0.4480550000000001,0.0,1.0,1.0,0.0,200807,1000
reference_r2,LA-XI,200808,2,0.35965699999999945,0.0,1.0,1.0,0.0,200807,1000
reference_r2,LA-XI,200809,3,0.43863899999999845,0.0,1.0,1.0,0.0,200807,1000
reference_r2,LA-XI,200810,1,0.015991000000000005,0.0,1.0,1.0,0.0,200810,1000
reference_r2,LA-XI,200811,2,0.002603000000000008,0.0,1.0,1.0,0.0,200810,1000
reference_r2,LA-XI,200812,3,0.0004049999999999991,0.0,1.0,1.0,0.0,200810,1000
reference_r2,LA-XI,200901,1,0.0018670000000000006,0.0,1.0,1.0,0.0,200901,1000
reference_r2,LA-XI,200902,2,0.0017180000000000042,0.0,1.0,1.0,0.0,200901,1000
reference_r2,LA-XI,200903,3,0.001335999999999997,0.0,1.0,1.0,0.0,200901,1000
reference_r2,LA-XI,200904,1,0.0005390000000000048,0.0,1.0,1.0,0.0,200904,1000
reference_r2,LA-XI,200905,2,38.92053,39.0,0.0,0.0,39.0,200904,1000
reference_r2,LA-XI,200906,3,32.853654999999996,33.0,0.0,0.0,33.0,200904,1000
reference_r2,LA-XI,200907,1,0.7331480000000008,1.0,1.0,1.0,1.0,200907,1000
reference_r2,LA-XI,200908,2,6.875860999999999,10.0,0.0,0.0,10.0,200907,1000
reference_r2,LA-XI,200909,3,0.5530080000000002,0.0,1.0,1.0,0.0,200907,1000
reference_r2,LA-XI,200910,1,0.7758910000000001,1.0,1.0,1.0,0.0,200910,1000
reference_r2,LA-XI,200911,2,0.397899,0.0,1.0,1.0,0.0,200910,1000
reference_r2,LA-XI,200912,3,0.15029099999999995,0.0,1.0,1.0,0.0,200910,1000
reference_r3,LA-AT,200801,1,2.720357,4.0,0.0,0.0,4.0,200801,1000
reference_r3,LA-AT,200802,2,1.307112,2.0,1.0,0.0,2.0,200801,1000
reference_r3,LA-AT,200803,3,0.08633800000000003,0.0,1.0,1.0,0.0,200801,1000
reference_r3,LA-AT,200804,1,0.599758,1.0,1.0,1.0,0.0,200804,1000
reference_r3,LA-AT,200805,2,1.4779870000000002,3.0,1.0,1.0,4.0,200804,1000
reference_r3,LA-AT,200806,3,3.699967000000001,7.0,1.0,0.0,10.0,200804,1000
reference_r3,LA-AT,200807,1,3.4457489999999993,5.0,1.0,0.0,6.0,200807,1000
reference_r3,LA-AT,200808,2,6.713205000000002,10.0,1.0,0.0,11.0,200807,1000
reference_r3,LA-AT,200809,3,17.844587,24.0,0.0,0.0,24.0,200807,1000
reference_r3,LA-AT,200810,1,28.765348,41.5,0.0,0.0,47.0,200810,1000
reference_r3,LA-AT,200811,2,27.515794,39.0,0.0,0.0,43.0,200810,1000
reference_r3,LA-AT,200812,3,16.018390999999998,21.0,0.0,0.0,23.0,200810,1000
reference_r3,LA-AT,200901,1,8.210778999999999,14.0,1.0,0.0,18.0,200901,1000
reference_r3,LA-AT,200902,2,39.230272,44.0,0.0,0.0,46.0,200901,1000
reference_r3,LA-AT,200903,3,60.195632,72.0,0.0,0.0,77.0,200901,1000
reference_r3,LA-AT,200904,1,51.80044199999999,81.0,0.0,0.0,99.0,200904,1000
reference_r3,LA-AT,200905,2,44.34508199999999,55.0,0.0,0.0,0.0,200904,1000
reference_r3,LA-AT,200906,3,40.321078,50.0,1.0,0.0,24.0,200904,1000
reference_r3,LA-AT,200907,1,52.602928,64.0,0.0,0.0,64.0,200907,1000
reference_r3,LA-AT,200908,2,15.761648000000001,21.0,0.0,0.0,21.0,200907,1000
reference_r3,LA-AT,200909,3,10.428327999999999,17.0,1.0,0.0,17.0,200907,1000
reference_r3,LA-AT,200910,1,6.254522999999999,6.0,1.0,1.0,4.0,200910,1000
reference_r3,LA-AT,200911,2,5.788535999999999,10.0,1.0,1.0,16.0,200910,1000
reference_r3,LA-AT,200912,3,6.605401999999998,5.0,1.0,1.0,6.0,200910,1000
reference_r3,LA-BK,200801,1,0.948676,1.0,0.0,0.0,1.0,200801,1000
reference_r3,LA-BK,200802,2,4.900000000000043e-05,0.0,1.0,1.0,0.0,200801,1000
reference_r3,LA-BK,200803,3,4.900000000000043e-05,0.0,1.0,1.0,0.0,200801,1000
reference_r3,LA-BK,200804,1,0.0035500000000000115,0.0,1.0,1.0,0.0,200804,1000
reference_r3,LA-BK,200805,2,11.559099999999999,12.0,0.0,0.0,12.0,200804,1000
reference_r3,LA-BK,200806,3,52.293507,53.0,0.0,0.0,53.0,200804,1000
reference_r3,LA-BK,200807,1,2.232635000000002,1.0,1.0,1.0,2.0,200807,1000
reference_r3,LA-BK,200808,2,5.803381999999996,9.0,1.0,0.0,9.0,200807,1000
reference_r3,LA-BK,200809,3,21.341335,32.0,1.0,0.0,33.0,200807,1000
reference_r3,LA-BK,200810,1,20.430597000000006,34.0,1.0,1.0,48.0,200810,1000
reference_r3,LA-BK,200811,2,45.528704000000005,53.0,0.0,0.0,55.0,200810,1000
reference_r3,LA-BK,200812,3,2.9420519999999994,5.0,1.0,0.0,5.0,200810,1000
reference_r3,LA-BK,200901,1,0.43629399999999996,0.0,1.0,1.0,1.0,200901,1000
reference_r3,LA-BK,200902,2,0.285778,0.0,1.0,1.0,0.0,200901,1000
reference_r3,LA-BK,200903,3,0.5932529999999998,0.0,1.0,1.0,1.0,200901,1000
reference_r3,LA-BK,200904,1,1.2074739999999995,0.0,1.0,1.0,3.0,200904,1000
reference_r3,LA-BK,200905,2,43.848861,62.0,0.0,0.0,74.0,200904,1000
reference_r3,LA-BK,200906,3,145.775887,191.5,0.0,0.0,216.0,200904,1000
reference_r3,LA-BK,200907,1,197.045967,212.0,0.0,0.0,212.0,200907,1000
reference_r3,LA-BK,200908,2,97.07863400000001,110.0,0.0,0.0,110.0,200907,1000
reference_r3,LA-BK,200909,3,41.781874,52.0,0.0,0.0,52.0,200907,1000
reference_r3,LA-BK,200910,1,18.651781,9.0,1.0,1.0,31.0,200910,1000
reference_r3,LA-BK,200911,2,10.574943999999999,13.0,1.0,1.0,5.0,200910,1000
reference_r3,LA-BK,200912,3,5.397960000000001,6.0,1.0,1.0,4.0,200910,1000
reference_r3,LA-BL,200801,1,5.312348,8.0,1.0,0.0,10.0,200801,1000
reference_r3,LA-BL,200802,2,6.144602,7.0,0.0,0.0,7.0,200801,1000
reference_r3,LA-BL,200803,3,0.422519,1.0,1.0,1.0,1.0,200801,1000
reference_r3,LA-BL,200804,1,1.9219150000000003,0.0,1.0,1.0,3.0,200804,1000
reference_r3,LA-BL,200805,2,5.607081000000001,10.0,1.0,0.0,15.0,200804,1000
reference_r3,LA-BL,200806,3,6.243787000000001,7.0,1.0,1.0,19.0,200804,1000
reference_r3,LA-BL,200807,1,19.772516999999997,30.0,1.0,0.0,31.0,200807,1000
reference_r3,LA-BL,200808,2,20.356723,31.0,1.0,0.0,32.0,200807,1000
reference_r3,LA-BL,200809,3,17.903394,28.0,1.0,0.0,30.0,200807,1000
reference_r3,LA-BL,200810,1,9.194311000000003,11.0,1.0,1.0,5.0,200810,1000
reference_r3,LA-BL,200811,2,5.077385,2.0,1.0,1.0,12.0,200810,1000
reference_r3,LA-BL,200812,3,1.0833199999999996,1.0,1.0,1.0,1.0,200810,1000
reference_r3,LA-BL,200901,1,0.784907,1.0,1.0,1.0,2.0,200901,1000
reference_r3,LA-BL,200902,2,1.6352959999999999,3.0,1.0,0.0,3.0,200901,1000
reference_r3,LA-BL,200903,3,1.070364,1.0,1.0,1.0,0.0,200901,1000
reference_r3,LA-BL,200904,1,0.8236380000000003,0.0,1.0,1.0,2.0,200904,1000
reference_r3,LA-BL,200905,2,3.5996620000000004,5.0,1.0,0.0,0.0,200904,1000
reference_r3,LA-BL,200906,3,6.129073,6.0,1.0,1.0,7.0,200904,1000
reference_r3,LA-BL,200907,1,24.432139999999997,35.0,0.0,0.0,35.0,200907,1000
reference_r3,LA-BL,200908,2,5.1644929999999984,8.0,1.0,0.0,9.0,200907,1000
reference_r3,LA-BL,200909,3,1.9267629999999993,1.0,1.0,1.0,0.0,200907,1000
reference_r3,LA-BL,200910,1,5.803838000000001,7.0,1.0,0.0,1.0,200910,1000
reference_r3,LA-BL,200911,2,1.6016139999999996,1.0,1.0,1.0,2.0,200910,1000
reference_r3,LA-BL,200912,3,0.7384339999999998,0.0,1.0,1.0,1.0,200910,1000
reference_r3,LA-CH,200801,1,30.117881999999998,52.0,1.0,0.0,73.0,200801,1000
reference_r3,LA-CH,200802,2,48.570685,74.0,0.0,0.0,90.0,200801,1000
reference_r3,LA-CH,200803,3,51.246465,78.0,0.0,0.0,92.0,200801,1000
reference_r3,LA-CH,200804,1,28.13525899999999,1.0,1.0,1.0,69.0,200804,1000
reference_r3,LA-CH,200805,2,45.15965300000002,7.0,1.0,1.0,113.0,200804,1000
reference_r3,LA-CH,200806,3,116.47860700000001,10.0,1.0,1.0,295.0,200804,1000
reference_r3,LA-CH,200807,1,100.65572699999996,151.0,1.0,0.0,162.0,200807,1000
reference_r3,LA-CH,200808,2,90.724118,135.0,1.0,0.0,143.0,200807,1000
reference_r3,LA-CH,200809,3,120.46804899999995,178.0,1.0,0.0,185.0,200807,1000
reference_r3,LA-CH,200810,1,46.70008299999999,77.5,1.0,1.0,140.0,200810,1000
reference_r3,LA-CH,200811,2,31.479150000000004,45.0,1.0,1.0,102.0,200810,1000
reference_r3,LA-CH,200812,3,30.016807000000004,55.0,1.0,0.0,73.0,200810,1000
reference_r3,LA-CH,200901,1,9.878589000000002,13.0,1.0,1.0,31.0,200901,1000
reference_r3,LA-CH,200902,2,27.316217,40.0,0.0,0.0,48.0,200901,1000
reference_r3,LA-CH,200903,3,21.429513,39.0,1.0,0.0,60.0,200901,1000
reference_r3,LA-CH,200904,1,37.011744,67.0,1.0,0.0,102.0,200904,1000
reference_r3,LA-CH,200905,2,76.55674200000001,78.5,1.0,1.0,66.0,200904,1000
reference_r3,LA-CH,200906,3,80.861706,44.5,1.0,1.0,124.0,200904,1000
reference_r3,LA-CH,200907,1,71.16950299999999,118.0,1.0,0.0,122.0,200907,1000
reference_r3,LA-CH,200908,2,69.797297,106.5,1.0,0.0,110.0,200907,1000
reference_r3,LA-CH,200909,3,62.769825,102.0,1.0,0.0,105.0,200907,1000
reference_r3,LA-CH,200910,1,19.448175999999997,30.0,1.0,1.0,59.0,200910,1000
reference_r3,LA-CH,200911,2,11.976567000000003,16.0,1.0,1.0,35.0,200910,1000
reference_r3,LA-CH,200912,3,12.895533,7.0,1.0,1.0,32.0,200910,1000
reference_r3,LA-HO,200801,1,0.0038910000000000056,0.0,1.0,1.0,0.0,200801,1000
reference_r3,LA-HO,200802,2,0.0007890000000000015,0.0,1.0,1.0,0.0,200801,1000
reference_r3,LA-HO,200803,3,0.014637999999999984,0.0,1.0,1.0,0.0,200801,1000
reference_r3,LA-HO,200804,1,0.022315,0.0,1.0,1.0,0.0,200804,1000
reference_r3,LA-HO,200805,2,0.01364600000000002,0.0,1.0,1.0,0.0,200804,1000
reference_r3,LA-HO,200806,3,0.008409,0.0,1.0,1.0,0.0,200804,1000
reference_r3,LA-HO,200807,1,0.44304400000000044,0.0,1.0,1.0,0.0,200807,1000
reference_r3,LA-HO,200808,2,0.5289209999999986,0.0,1.0,1.0,0.0,200807,1000
reference_r3,LA-HO,200809,3,0.7766020000000005,1.0,1.0,1.0,1.0,200807,1000
reference_r3,LA-HO,200810,1,0.064998,0.0,1.0,1.0,0.0,200810,1000
reference_r3,LA-HO,200811,2,0.016694999999999988,0.0,1.0,1.0,0.0,200810,1000
reference_r3,LA-HO,200812,3,0.874354,1.0,0.0,0.0,1.0,200810,1000
reference_r3,LA-HO,200901,1,0.017624,0.0,1.0,1.0,0.0,200901,1000
reference_r3,LA-HO,200902,2,0.021591,0.0,1.0,1.0,0.0,200901,1000
reference_r3,LA-HO,200903,3,0.021129999999999982,0.0,1.0,1.0,0.0,200901,1000
reference_r3,LA-HO,200904,1,0.004986000000000004,0.0,1.0,1.0,0.0,200904,1000
reference_r3,LA-HO,200905,2,0.008650999999999992,0.0,1.0,1.0,0.0,200904,1000
reference_r3,LA-HO,200906,3,0.048570999999999975,0.0,1.0,1.0,0.0,200904,1000
reference_r3,LA-HO,200907,1,0.10957000000000017,0.0,1.0,1.0,0.0,200907,1000
reference_r3,LA-HO,200908,2,0.16279500000000002,0.0,1.0,1.0,0.0,200907,1000
reference_r3,LA-HO,200909,3,0.6488049999999999,1.0,1.0,1.0,1.0,200907,1000
reference_r3,LA-HO,200910,1,0.582575,1.0,1.0,0.0,1.0,200910,1000
reference_r3,LA-HO,200911,2,0.828743,1.0,0.0,0.0,1.0,200910,1000
reference_r3,LA-HO,200912,3,0.893077,1.0,0.0,0.0,1.0,200910,1000
reference_r3,LA-KH,200801,1,0.798697,1.0,1.0,1.0,0.0,200801,1000
reference_r3,LA-KH,200802,2,0.058326000000000044,0.0,1.0,1.0,0.0,200801,1000
reference_r3,LA-KH,200803,3,0.07797900000000002,0.0,1.0,1.0,0.0,200801,1000
reference_r3,LA-KH,200804,1,0.7155910000000001,1.0,1.0,1.0,0.0,200804,1000
reference_r3,LA-KH,200805,2,1.0163909999999996,1.0,1.0,1.0,0.0,200804,1000
reference_r3,LA-KH,200806,3,2.8948620000000007,4.0,1.0,1.0,1.0,200804,1000
reference_r3,LA-KH,200807,1,4.980236000000005,1.0,1.0,1.0,3.0,200807,1000
reference_r3,LA-KH,200808,2,5.170608999999985,2.0,1.0,1.0,0.0,200807,1000
reference_r3,LA-KH,200809,3,5.132678999999996,2.0,1.0,1.0,4.0,200807,1000
reference_r3,LA-KH,200810,1,0.89249,0.0,1.0,1.0,1.0,200810,1000
reference_r3,LA-KH,200811,2,1.229941,2.0,1.0,1.0,3.0,200810,1000
reference_r3,LA-KH,200812,3,3.092307,4.0,0.0,0.0,4.0,200810,1000
reference_r3,LA-KH,200901,1,0.069965,0.0,1.0,1.0,0.0,200901,1000
reference_r3,LA-KH,200902,2,0.019764000000000004,0.0,1.0,1.0,0.0,200901,1000
reference_r3,LA-KH,200903,3,4.828799999999999,6.0,0.0,0.0,6.0,200901,1000
reference_r3,LA-KH,200904,1,0.41303999999999996,0.0,1.0,1.0,0.0,200904,1000
reference_r3,LA-KH,200905,2,2.1217179999999995,4.0,1.0,1.0,6.0,200904,1000
reference_r3,LA-KH,200906,3,64.896245,76.0,0.0,0.0,80.0,200904,1000
reference_r3,LA-KH,200907,1,127.28793300000001,154.0,0.0,0.0,155.0,200907,1000
reference_r3,LA-KH,200908,2,268.953178,302.0,0.0,0.0,303.0,200907,1000
reference_r3,LA-KH,200909,3,240.04923000000002,276.0,0.0,0.0,277.0,200907,1000
reference_r3,LA-KH,200910,1,44.403861000000006,8.0,1.0,1.0,85.0,200910,1000
reference_r3,LA-KH,200911,2,20.132869999999997,27.0,1.0,1.0,61.0,200910,1000
reference_r3,LA-KH,200912,3,27.96267,49.5,1.0,0.0,67.0,200910,1000
reference_r3,LA-LM,200801,1,0.0002559999999999993,0.0,1.0,1.0,0.0,200801,1000
reference_r3,LA-LM,200802,2,3.600000000000044e-05,0.0,1.0,1.0,0.0,200801,1000
reference_r3,LA-LM,200803,3,3.600000000000044e-05,0.0,1.0,1.0,0.0,200801,1000
reference_r3,LA-LM,200804,1,0.00014400000000000003,0.0,1.0,1.0,0.0,200804,1000
reference_r3,LA-LM,200805,2,0.0016349999999999976,0.0,1.0,1.0,0.0,200804,1000
reference_r3,LA-LM,200806,3,0.0013910000000000033,0.0,1.0,1.0,0.0,200804,1000
reference_r3,LA-LM,200807,1,0.8332150000000027,0.0,1.0,1.0,0.0,200807,1000
reference_r3,LA-LM,200808,2,0.40289399999999986,0.0,1.0,1.0,0.0,200807,1000
reference_r3,LA-LM,200809,3,0.6516940000000009,0.0,1.0,1.0,0.0,200807,1000
reference_r3,LA-LM,200810,1,0.01872199999999999,0.0,1.0,1.0,0.0,200810,1000
reference_r3,LA-LM,200811,2,0.005503000000000008,0.0,1.0,1.0,0.0,200810,1000
reference_r3,LA-LM,200812,3,0.0017300000000000024,0.0,1.0,1.0,0.0,200810,1000
reference_r3,LA-LM,200901,1,8.099999999999948e-05,0.0,1.0,1.0,0.0,200901,1000
reference_r3,LA-LM,200902,2,0.00010099999999999866,0.0,1.0,1.0,0.0,200901,1000
reference_r3,LA-LM,200903,3,0.0004839999999999983,0.0,1.0,1.0,0.0,200901,1000
reference_r3,LA-LM,200904,1,0.958458,1.0,0.0,0.0,1.0,200904,1000
reference_r3,LA-LM,200905,2,0.003466999999999998,0.0,1.0,1.0,0.0,200904,1000
reference_r3,LA-LM,200906,3,1.7925799999999998,2.0,0.0,0.0,2.0,200904,1000
reference_r3,LA-LM,200907,1,0.5983580000000002,1.0,1.0,1.0,1.0,200907,1000
reference_r3,LA-LM,200908,2,0.46168900000000024,0.0,1.0,1.0,0.0,200907,1000
reference_r3,LA-LM,200909,3,2.471052,4.0,1.0,0.0,4.0,200907,1000
reference_r3,LA-LM,200910,1,2.7145930000000003,4.0,1.0,0.0,5.0,200910,1000
reference_r3,LA-LM,200911,2,4.633958,6.0,0.0,0.0,6.0,200910,1000
reference_r3,LA-LM,200912,3,3.330243,4.0,0.0,0.0,4.0,200910,1000
reference_r3,LA-LP,200801,1,0.8178340000000002,1.0,1.0,1.0,0.0,200801,1000
reference_r3,LA-LP,200802,2,14.43482,16.0,0.0,0.0,16.0,200801,1000
reference_r3,LA-LP,200803,3,20.460843,22.0,0.0,0.0,22.0,200801,1000
reference_r3,LA-LP,200804,1,14.504039,25.0,1.0,0.0,33.0,200804,1000
reference_r3,LA-LP,200805,2,74.529849,104.0,0.0,0.0,116.0,200804,1000
reference_r3,LA-LP,200806,3,95.231354,137.0,0.0,0.0,160.0,200804,1000
reference_r3,LA-LP,200807,1,9.658103999999998,15.0,1.0,0.0,16.0,200807,1000
reference_r3,LA-LP,200808,2,8.347596,13.0,1.0,0.0,13.0,200807,1000
reference_r3,LA-LP,200809,3,8.784699999999999,13.0,1.0,0.0,14.0,200807,1000
reference_r3,LA-LP,200810,1,18.4312,28.0,0.0,0.0,33.0,200810,1000
reference_r3,LA-LP,200811,2,104.60802799999999,114.0,0.0,0.0,116.0,200810,1000
reference_r3,LA-LP,200812,3,157.15014399999998,160.0,0.0,0.0,161.0,200810,1000
reference_r3,LA-LP,200901,1,8.142661,10.0,1.0,0.0,0.0,200901,1000
reference_r3,LA-LP,200902,2,5.307313000000001,7.0,1.0,0.0,0.0,200901,1000
reference_r3,LA-LP,200903,3,11.867869000000002,15.0,0.0,0.0,0.0,200901,1000
reference_r3,LA-LP,200904,1,12.373787999999998,16.0,0.0,0.0,0.0,200904,1000
reference_r3,LA-LP,200905,2,34.402712,45.0,0.0,0.0,0.0,200904,1000
reference_r3,LA-LP,200906,3,71.29301699999999,94.0,1.0,0.0,9.0,200904,1000
reference_r3,LA-LP,200907,1,22.999188,30.0,0.0,0.0,30.0,200907,1000
reference_r3,LA-LP,200908,2,23.232467,32.0,0.0,0.0,32.0,200907,1000
reference_r3,LA-LP,200909,3,302.974131,313.0,0.0,0.0,313.0,200907,1000
reference_r3,LA-LP,200910,1,62.344385999999986,113.0,1.0,0.0,165.0,200910,1000
reference_r3,LA-LP,200911,2,40.208724999999994,68.0,1.0,0.0,87.0,200910,1000
reference_r3,LA-LP,200912,3,6.972092,8.0,1.0,0.0,0.0,200910,1000
reference_r3,LA-OU,200801,1,0.0013939999999999994,0.0,1.0,1.0,0.0,200801,1000
reference_r3,LA-OU,200802,2,0.00019699999999999926,0.0,1.0,1.0,0.0,200801,1000
reference_r3,LA-OU,200803,3,9.99999999999994e-05,0.0,1.0,1.0,0.0,200801,1000
reference_r3,LA-OU,200804,1,0.0012649999999999953,0.0,1.0,1.0,0.0,200804,1000
reference_r3,LA-OU,200805,2,0.005709999999999993,0.0,1.0,1.0,0.0,200804,1000
reference_r3,LA-OU,200806,3,0.011475999999999986,0.0,1.0,1.0,0.0,200804,1000
reference_r3,LA-OU,200807,1,2.004765000000006,1.0,1.0,1.0,0.0,200807,1000
reference_r3,LA-OU,200808,2,1.246016000000001,0.0,1.0,1.0,0.0,200807,1000
reference_r3,LA-OU,200809,3,1.7052740000000028,1.0,1.0,1.0,0.0,200807,1000
reference_r3,LA-OU,200810,1,0.022923,0.0,1.0,1.0,0.0,200810,1000
reference_r3,LA-OU,200811,2,0.01046999999999998,0.0,1.0,1.0,0.0,200810,1000
reference_r3,LA-OU,200812,3,0.002454000000000005,0.0,1.0,1.0,0.0,200810,1000
reference_r3,LA-OU,200901,1,0.0002249999999999995,0.0,1.0,1.0,0.0,200901,1000
reference_r3,LA-OU,200902,2,3.600000000000044e-05,0.0,1.0,1.0,0.0,200901,1000
reference_r3,LA-OU,200903,3,0.0010660000000000044,0.0,1.0,1.0,0.0,200901,1000
reference_r3,LA-OU,200904,1,0.0007460000000000036,0.0,1.0,1.0,0.0,200904,1000
reference_r3,LA-OU,200905,2,0.005153999999999992,0.0,1.0,1.0,0.0,200904,1000
reference_r3,LA-OU,200906,3,0.01839300000000002,0.0,1.0,1.0,0.0,200904,1000
reference_r3,LA-OU,200907,1,0.7790909999999993,0.0,1.0,1.0,0.0,200907,1000
reference_r3,LA-OU,200908,2,1.0595989999999995,1.0,1.0,1.0,1.0,200907,1000
reference_r3,LA-OU,200909,3,10.460322000000001,15.0,0.0,0.0,15.0,200907,1000
reference_r3,LA-OU,200910,1,2.070412,4.0,1.0,1.0,6.0,200910,1000
reference_r3,LA-OU,200911,2,9.464362,12.0,0.0,0.0,13.0,200910,1000
reference_r3,LA-OU,200912,3,16.049995,18.0,0.0,0.0,18.0,200910,1000
reference_r3,LA-PH,200901,1,0.011829999999999952,0.0,1.0,1.0,0.0,200901,1000
reference_r3,LA-PH,200902,2,0.013668000000000013,0.0,1.0,1.0,0.0,200901,1000
reference_r3,LA-PH,200903,3,0.02143000000000006,0.0,1.0,1.0,0.0,200901,1000
reference_r3,LA-PH,200904,1,0.003154000000000004,0.0,1.0,1.0,0.0,200904,1000
reference_r3,LA-PH,200905,2,0.005019999999999997,0.0,1.0,1.0,0.0,200904,1000
reference_r3,LA-PH,200906,3,0.027621999999999924,0.0,1.0,1.0,0.0,200904,1000
reference_r3,LA-PH,200907,1,0.06146600000000002,0.0,1.0,1.0,0.0,200907,1000
reference_r3,LA-PH,200909,3,0.10397699999999999,0.0,1.0,1.0,0.0,200907,1000
reference_r3,LA-PH,200910,1,0.021704999999999974,0.0,1.0,1.0,0.0,200910,1000
reference_r3,LA-PH,200911,2,0.004131999999999997,0.0,1.0,1.0,0.0,200910,1000
reference_r3,LA-PH,200912,3,0.0009749999999999967,0.0,1.0,1.0,0.0,200910,1000
reference_r3,LA-SL,200801,1,0.9900379999999998,1.0,1.0,1.0,0.0,200801,1000
reference_r3,LA-SL,200802,2,0.3865939999999999,1.0,1.0,1.0,1.0,200801,1000
reference_r3,LA-SL,200803,3,3.82775,5.0,0.0,0.0,5.0,200801,1000
reference_r3,LA-SL,200804,1,1.0171480000000002,0.0,1.0,1.0,2.0,200804,1000
reference_r3,LA-SL,200805,2,91.398675,101.0,0.0,0.0,105.0,200804,1000
reference_r3,LA-SL,200806,3,184.732684,214.0,0.0,0.0,226.0,200804,1000
reference_r3,LA-SL,200807,1,50.01057800000001,75.0,1.0,0.0,78.0,200807,1000
reference_r3,LA-SL,200808,2,40.01365999999999,60.0,1.0,0.0,63.0,200807,1000
reference_r3,LA-SL,200809,3,58.99029300000001,83.0,1.0,0.0,85.0,200807,1000
reference_r3,LA-SL,200810,1,34.767648,63.0,1.0,0.0,91.0,200810,1000
reference_r3,LA-SL,200811,2,9.607678,0.0,1.0,1.0,21.0,200810,1000
reference_r3,LA-SL,200812,3,2.9591089999999998,2.0,1.0,1.0,8.0,200810,1000
reference_r3,LA-SL,200901,1,1.6865449999999997,2.0,1.0,1.0,1.0,200901,1000
reference_r3,LA-SL,200902,2,20.128694,23.0,0.0,0.0,24.0,200901,1000
reference_r3,LA-SL,200903,3,13.088280000000001,21.0,0.0,0.0,25.0,200901,1000
reference_r3,LA-SL,200904,1,5.9089659999999995,8.0,1.0,1.0,19.0,200904,1000
reference_r3,LA-SL,200905,2,45.17947999999999,83.5,1.0,0.0,122.0,200904,1000
reference_r3,LA-SL,200906,3,32.29494699999999,30.0,1.0,1.0,42.0,200904,1000
reference_r3,LA-SL,200907,1,130.135464,163.0,0.0,0.0,164.0,200907,1000
reference_r3,LA-SL,200908,2,99.269912,126.0,0.0,0.0,127.0,200907,1000
reference_r3,LA-SL,200909,3,65.459931,90.0,0.0,0.0,91.0,200907,1000
reference_r3,LA-SL,200910,1,36.651576999999996,67.0,1.0,0.0,94.0,200910,1000
reference_r3,LA-SL,200911,2,14.467916999999996,25.0,1.0,1.0,44.0,200910,1000
reference_r3,LA-SL,200912,3,6.707491000000001,2.0,1.0,1.0,17.0,200910,1000
reference_r3,LA-SV,200801,1,5.407520999999999,7.0,1.0,0.0,1.0,200801,1000
reference_r3,LA-SV,200802,2,0.8048259999999998,1.0,1.0,1.0,1.0,200801,1000
reference_r3,LA-SV,200803,3,0.45071899999999987,0.0,1.0,1.0,1.0,200801,1000
reference_r3,LA-SV,200804,1,4.957571999999999,7.0,1.0,0.0,0.0,200804,1000
reference_r3,LA-SV,200805,2,5.260216,7.0,1.0,0.0,1.0,200804,1000
reference_r3,LA-SV,200806,3,26.585654999999996,34.0,1.0,0.0,10.0,200804,1000
reference_r3,LA-SV,200807,1,24.206484999999986,1.0,1.0,1.0,11.0,200807,1000
reference_r3,LA-SV,200808,2,22.60182199999997,7.0,1.0,1.0,4.0,200807,1000
reference_r3,LA-SV,200809,3,23.842084,10.0,1.0,1.0,2.0,200807,1000
reference_r3,LA-SV,200810,1,3.6541620000000004,7.0,1.0,1.0,10.0,200810,1000
reference_r3,LA-SV,200811,2,1.0289720000000004,0.0,1.0,1.0,2.0,200810,1000
reference_r3,LA-SV,200812,3,0.39051000000000013,0.0,1.0,1.0,0.0,200810,1000
reference_r3,LA-SV,200901,1,0.08107799999999998,0.0,1.0,1.0,0.0,200901,1000
reference_r3,LA-SV,200902,2,0.010695999999999997,0.0,1.0,1.0,0.0,200901,1000
reference_r3,LA-SV,200903,3,0.12261300000000003,0.0,1.0,1.0,0.0,200901,1000
reference_r3,LA-SV,200904,1,0.17899300000000007,0.0,1.0,1.0,0.0,200904,1000
reference_r3,LA-SV,200905,2,1.3662669999999997,2.0,1.0,1.0,0.0,200904,1000
reference_r3,LA-SV,200906,3,1.6046540000000005,2.0,1.0,1.0,1.0,200904,1000
reference_r3,LA-SV,200907,1,16.916741000000002,8.0,1.0,1.0,13.0,200907,1000
reference_r3,LA-SV,200908,2,20.36157999999999,29.0,1.0,1.0,34.0,200907,1000
reference_r3,LA-SV,200909,3,27.710908000000003,44.0,1.0,1.0,48.0,200907,1000
reference_r3,LA-SV,200910,1,6.915573999999999,3.0,1.0,1.0,16.0,200910,1000
reference_r3,LA-SV,200911,2,16.280793000000003,27.0,1.0,0.0,33.0,200910,1000
reference_r3,LA-SV,200912,3,1.9969140000000003,0.0,1.0,1.0,4.0,200910,1000
reference_r3,LA-VT,200801,1,10.977586000000002,5.0,1.0,1.0,29.0,200801,1000
reference_r3,LA-VT,200802,2,4.6070400000000005,8.0,1.0,0.0,12.0,200801,1000
reference_r3,LA-VT,200803,3,18.21255,24.0,0.0,0.0,26.0,200801,1000
reference_r3,LA-VT,200804,1,14.923139000000003,19.0,1.0,0.0,4.0,200804,1000
reference_r3,LA-VT,200805,2,20.89227900000001,27.0,1.0,1.0,17.0,200804,1000
reference_r3,LA-VT,200806,3,93.21422099999998,106.0,1.0,1.0,60.0,200804,1000
reference_r3,LA-VT,200807,1,76.15982299999996,111.0,1.0,0.0,132.0,200807,1000
reference_r3,LA-VT,200808,2,82.88120900000001,127.0,1.0,0.0,144.0,200807,1000
reference_r3,LA-VT,200809,3,91.55173200000002,139.0,1.0,0.0,158.0,200807,1000
reference_r3,LA-VT,200810,1,34.57022599999999,25.5,1.0,1.0,95.0,200810,1000
reference_r3,LA-VT,200811,2,44.964343,80.5,1.0,1.0,129.0,200810,1000
reference_r3,LA-VT,200812,3,49.84832800000001,77.0,0.0,0.0,91.0,200810,1000
reference_r3,LA-VT,200901,1,21.592998,32.0,0.0,0.0,38.0,200901,1000
reference_r3,LA-VT,200902,2,14.355336999999999,18.5,0.0,0.0,20.0,200901,1000
reference_r3,LA-VT,200903,3,6.595117,12.0,1.0,1.0,19.0,200901,1000
reference_r3,LA-VT,200904,1,10.836351,9.0,1.0,1.0,33.0,200904,1000
reference_r3,LA-VT,200905,2,114.010535,142.0,1.0,1.0,54.0,200904,1000
reference_r3,LA-VT,200906,3,196.67487699999998,251.5,1.0,1.0,104.0,200904,1000
reference_r3,LA-VT,200907,1,171.25835999999998,287.5,1.0,0.0,302.0,200907,1000
reference_r3,LA-VT,200908,2,198.76898899999998,338.0,1.0,0.0,356.0,200907,1000
reference_r3,LA-VT,200909,3,287.536237,456.0,1.0,0.0,470.0,200907,1000
reference_r3,LA-VT,200910,1,204.543601,376.5,1.0,0.0,527.0,200910,1000
reference_r3,LA-VT,200911,2,299.916196,448.0,0.0,0.0,521.0,200910,1000
reference_r3,LA-VT,200912,3,225.463204,322.0,0.0,0.0,366.0,200910,1000
reference_r3,LA-XA,200801,1,1.1108160000000002,1.0,1.0,1.0,0.0,200801,1000
reference_r3,LA-XA,200802,2,0.21304199999999995,0.0,1.0,1.0,0.0,200801,1000
reference_r3,LA-XA,200803,3,0.16827399999999992,0.0,1.0,1.0,0.0,200801,1000
reference_r3,LA-XA,200804,1,1.05403,1.0,1.0,1.0,0.0,200804,1000
reference_r3,LA-XA,200805,2,1.4987899999999996,1.0,1.0,1.0,2.0,200804,1000
reference_r3,LA-XA,200806,3,2.1744769999999995,1.0,1.0,1.0,6.0,200804,1000
reference_r3,LA-XA,200807,1,11.302290999999997,17.0,1.0,0.0,19.0,200807,1000
reference_r3,LA-XA,200808,2,4.398085999999999,6.0,1.0,1.0,7.0,200807,1000
reference_r3,LA-XA,200809,3,2.9016810000000035,0.0,1.0,1.0,1.0,200807,1000
reference_r3,LA-XA,200810,1,1.5543209999999998,0.0,1.0,1.0,3.0,200810,1000
reference_r3,LA-XA,200811,2,1.090963,0.0,1.0,1.0,2.0,200810,1000
reference_r3,LA-XA,200812,3,0.4136139999999999,1.0,1.0,1.0,1.0,200810,1000
reference_r3,LA-XA,200901,1,0.11162300000000003,0.0,1.0,1.0,0.0,200901,1000
reference_r3,LA-XA,200902,2,0.03961200000000001,0.0,1.0,1.0,0.0,200901,1000
reference_r3,LA-XA,200903,3,0.205743,0.0,1.0,1.0,0.0,200901,1000
reference_r3,LA-XA,200904,1,0.30781900000000006,0.0,1.0,1.0,0.0,200904,1000
reference_r3,LA-XA,200905,2,1.071732,1.0,1.0,1.0,1.0,200904,1000
reference_r3,LA-XA,200906,3,5.569809,10.0,1.0,0.0,14.0,200904,1000
reference_r3,LA-XA,200907,1,5.943300000000001,10.0,1.0,0.0,11.0,200907,1000
reference_r3,LA-XA,200908,2,25.179608,36.0,0.0,0.0,37.0,200907,1000
reference_r3,LA-XA,200909,3,6.306405999999999,11.0,1.0,0.0,11.0,200907,1000
reference_r3,LA-XA,200910,1,4.687617000000001,3.0,1.0,1.0,5.0,200910,1000
reference_r3,LA-XA,200911,2,1.8435689999999996,2.0,1.0,1.0,5.0,200910,1000
reference_r3,LA-XA,200912,3,1.3938480000000002,2.0,1.0,1.0,0.0,200910,1000
reference_r3,LA-XE,200801,1,0.020368999999999998,0.0,1.0,1.0,0.0,200801,1000
reference_r3,LA-XE,200802,2,0.008834000000000009,0.0,1.0,1.0,0.0,200801,1000
reference_r3,LA-XE,200803,3,0.004821000000000006,0.0,1.0,1.0,0.0,200801,1000
reference_r3,LA-XE,200804,1,0.029886999999999997,0.0,1.0,1.0,0.0,200804,1000
reference_r3,LA-XE,200805,2,0.045142000000000015,0.0,1.0,1.0,0.0,200804,1000
reference_r3,LA-XE,200806,3,3.9061429999999997,5.0,0.0,0.0,5.0,200804,1000
reference_r3,LA-XE,200807,1,0.4150019999999994,0.0,1.0,1.0,0.0,200807,1000
reference_r3,LA-XE,200808,2,0.5209220000000006,0.0,1.0,1.0,0.0,200807,1000
reference_r3,LA-XE,200809,3,0.6863719999999995,1.0,1.0,1.0,1.0,200807,1000
reference_r3,LA-XE,200810,1,0.05843299999999996,0.0,1.0,1.0,0.0,200810,1000
reference_r3,LA-XE,200811,2,0.048860000000000015,0.0,1.0,1.0,0.0,200810,1000
reference_r3,LA-XE,200812,3,0.8194619999999999,1.0,0.0,0.0,1.0,200810,1000
reference_r3,LA-XE,200901,1,0.006439,0.0,1.0,1.0,0.0,200901,1000
reference_r3,LA-XE,200902,2,1.877285,2.0,0.0,0.0,2.0,200901,1000
reference_r3,LA-XE,200903,3,1.7485199999999999,2.0,0.0,0.0,2.0,200901,1000
reference_r3,LA-XE,200904,1,0.524918,1.0,1.0,1.0,1.0,200904,1000
reference_r3,LA-XE,200905,2,0.995196,2.0,1.0,0.0,2.0,200904,1000
reference_r3,LA-XE,200906,3,6.082333,8.0,0.0,0.0,9.0,200904,1000
reference_r3,LA-XE,200907,1,27.104156,29.0,0.0,0.0,29.0,200907,1000
reference_r3,LA-XE,200908,2,24.184106,27.0,0.0,0.0,27.0,200907,1000
reference_r3,LA-XE,200909,3,4.707744999999999,6.0,0.0,0.0,6.0,200907,1000
reference_r3,LA-XE,200910,1,2.7683170000000015,4.0,1.0,1.0,7.0,200910,1000
reference_r3,LA-XE,200911,2,2.766860000000001,1.0,1.0,1.0,3.0,200910,1000
reference_r3,LA-XE,200912,3,6.505773000000005,3.0,1.0,1.0,7.0,200910,1000
reference_r3,LA-XI,200801,1,0.0005819999999999992,0.0,1.0,1.0,0.0,200801,1000
reference_r3,LA-XI,200802,2,8.099999999999948e-05,0.0,1.0,1.0,0.0,200801,1000
reference_r3,LA-XI,200803,3,0.0002899999999999986,0.0,1.0,1.0,0.0,200801,1000
reference_r3,LA-XI,200804,1,0.0010290000000000021,0.0,1.0,1.0,0.0,200804,1000
reference_r3,LA-XI,200805,2,0.0012230000000000019,0.0,1.0,1.0,0.0,200804,1000
reference_r3,LA-XI,200806,3,0.927383,1.0,0.0,0.0,1.0,200804,1000
reference_r3,LA-XI,200807,1,0.36383600000000005,0.0,1.0,1.0,0.0,200807,1000
reference_r3,LA-XI,200808,2,0.40097300000000047,0.0,1.0,1.0,0.0,200807,1000
reference_r3,LA-XI,200809,3,0.44406500000000015,0.0,1.0,1.0,0.0,200807,1000
reference_r3,LA-XI,200810,1,0.012454999999999994,0.0,1.0,1.0,0.0,200810,1000
reference_r3,LA-XI,200811,2,0.006938,0.0,1.0,1.0,0.0,200810,1000
reference_r3,LA-XI,200812,3,0.001908,0.0,1.0,1.0,0.0,200810,1000
reference_r3,LA-XI,200901,1,0.0008550000000000016,0.0,1.0,1.0,0.0,200901,1000
reference_r3,LA-XI,200902,2,0.0022000000000000006,0.0,1.0,1.0,0.0,200901,1000
reference_r3,LA-XI,200903,3,0.0011419999999999972,0.0,1.0,1.0,0.0,200901,1000
reference_r3,LA-XI,200904,1,0.000343000000000003,0.0,1.0,1.0,0.0,200904,1000
reference_r3,LA-XI,200905,2,38.913470000000004,39.0,0.0,0.0,39.0,200904,1000
reference_r3,LA-XI,200906,3,32.841024999999995,33.0,0.0,0.0,33.0,200904,1000
reference_r3,LA-XI,200907,1,0.6216379999999999,1.0,1.0,0.0,1.0,200907,1000
reference_r3,LA-XI,200908,2,7.786625000000001,10.0,0.0,0.0,10.0,200907,1000
reference_r3,LA-XI,200909,3,0.13014899999999985,0.0,1.0,1.0,0.0,200907,1000
reference_r3,LA-XI,200910,1,1.073362,1.0,1.0,1.0,0.0,200910,1000
reference_r3,LA-XI,200911,2,0.3366849999999999,0.0,1.0,1.0,0.0,200910,1000
reference_r3,LA-XI,200912,3,0.17236700000000005,0.0,1.0,1.0,0.0,200910,1000
reference_r4,LA-AT,200801,1,2.940606,4.0,0.0,0.0,4.0,200801,1000
reference_r4,LA-AT,200802,2,1.257416,2.0,1.0,0.0,2.0,200801,1000
reference_r4,LA-AT,200803,3,0.08056600000000003,0.0,1.0,1.0,0.0,200801,1000
reference_r4,LA-AT,200804,1,0.494324,1.0,1.0,1.0,0.0,200804,1000
reference_r4,LA-AT,200805,2,1.3447549999999997,2.0,1.0,1.0,4.0,200804,1000
reference_r4,LA-AT,200806,3,3.709752,7.0,1.0,0.0,10.0,200804,1000
reference_r4,LA-AT,200807,1,3.516498999999996,5.0,1.0,1.0,6.0,200807,1000
reference_r4,LA-AT,200808,2,6.484037999999998,10.0,1.0,0.0,11.0,200807,1000
reference_r4,LA-AT,200809,3,16.688795,24.0,0.0,0.0,24.0,200807,1000
reference_r4,LA-AT,200810,1,31.125575000000005,43.0,0.0,0.0,47.0,200810,1000
reference_r4,LA-AT,200811,2,35.459612,41.0,0.0,0.0,43.0,200810,1000
reference_r4,LA-AT,200812,3,17.743806,22.0,0.0,0.0,23.0,200810,1000
reference_r4,LA-AT,200901,1,8.205105,14.0,1.0,0.0,18.0,200901,1000
reference_r4,LA-AT,200902,2,36.638995,43.0,0.0,0.0,46.0,200901,1000
reference_r4,LA-AT,200903,3,55.84772099999999,70.0,0.0,0.0,77.0,200901,1000
reference_r4,LA-AT,200904,1,50.889222000000004,80.0,1.0,0.0,99.0,200904,1000
reference_r4,LA-AT,200905,2,50.47987100000002,68.0,0.0,0.0,0.0,200904,1000
reference_r4,LA-AT,200906,3,39.294937000000004,46.0,1.0,1.0,24.0,200904,1000
reference_r4,LA-AT,200907,1,48.063233,63.0,0.0,0.0,64.0,200907,1000
reference_r4,LA-AT,200908,2,14.612253999999998,21.0,0.0,0.0,21.0,200907,1000
reference_r4,LA-AT,200909,3,10.286309,16.0,1.0,0.0,17.0,200907,1000
reference_r4,LA-AT,200910,1,6.444138000000002,6.0,1.0,1.0,4.0,200910,1000
reference_r4,LA-AT,200911,2,6.378180999999998,4.0,1.0,1.0,16.0,200910,1000
reference_r4,LA-AT,200912,3,4.568213,2.0,1.0,1.0,6.0,200910,1000
reference_r4,LA-BK,200801,1,0.970225,1.0,0.0,0.0,1.0,200801,1000
reference_r4,LA-BK,200802,2,3.600000000000044e-05,0.0,1.0,1.0,0.0,200801,1000
reference_r4,LA-BK,200803,3,4.900000000000043e-05,0.0,1.0,1.0,0.0,200801,1000
reference_r4,LA-BK,200804,1,0.004298999999999997,0.0,1.0,1.0,0.0,200804,1000
reference_r4,LA-BK,200805,2,11.532724,12.0,0.0,0.0,12.0,200804,1000
reference_r4,LA-BK,200806,3,52.21612,53.0,0.0,0.0,53.0,200804,1000
reference_r4,LA-BK,200807,1,1.815097999999999,1.0,1.0,1.0,2.0,200807,1000
reference_r4,LA-BK,200808,2,6.014073000000002,9.0,1.0,0.0,9.0,200807,1000
reference_r4,LA-BK,200809,3,21.832803,32.0,1.0,0.0,33.0,200807,1000
reference_r4,LA-BK,200810,1,23.075999999999993,14.0,1.0,1.0,48.0,200810,1000
reference_r4,LA-BK,200811,2,48.554433,54.0,0.0,0.0,55.0,200810,1000
reference_r4,LA-BK,200812,3,3.0128570000000003,5.0,0.0,0.0,5.0,200810,1000
reference_r4,LA-BK,200901,1,0.468653,0.0,1.0,1.0,1.0,200901,1000
reference_r4,LA-BK,200902,2,0.393014,0.0,1.0,1.0,0.0,200901,1000
reference_r4,LA-BK,200903,3,0.8515650000000003,1.0,1.0,1.0,1.0,200901,1000
reference_r4,LA-BK,200904,1,1.3115760000000005,0.0,1.0,1.0,3.0,200904,1000
reference_r4,LA-BK,200905,2,43.079332,62.0,0.0,0.0,74.0,200904,1000
reference_r4,LA-BK,200906,3,146.248686,193.0,0.0,0.0,216.0,200904,1000
reference_r4,LA-BK,200907,1,184.98092400000002,211.0,0.0,0.0,212.0,200907,1000
reference_r4,LA-BK,200908,2,87.752117,109.0,0.0,0.0,110.0,200907,1000
reference_r4,LA-BK,200909,3,36.954395999999996,51.0,0.0,0.0,52.0,200907,1000
reference_r4,LA-BK,200910,1,20.29888799999999,11.0,1.0,1.0,31.0,200910,1000
reference_r4,LA-BK,200911,2,14.316450000000003,18.0,1.0,0.0,5.0,200910,1000
reference_r4,LA-BK,200912,3,4.118297999999999,4.0,1.0,1.0,4.0,200910,1000
reference_r4,LA-BL,200801,1,5.386182,8.0,1.0,0.0,10.0,200801,1000
reference_r4,LA-BL,200802,2,5.796976,7.0,0.0,0.0,7.0,200801,1000
reference_r4,LA-BL,200803,3,0.4501950000000001,1.0,1.0,1.0,1.0,200801,1000
reference_r4,LA-BL,200804,1,1.3802889999999994,0.0,1.0,1.0,3.0,200804,1000
reference_r4,LA-BL,200805,2,5.112352000000001,9.0,1.0,1.0,15.0,200804,1000
reference_r4,LA-BL,200806,3,6.207605000000001,6.0,1.0,1.0,19.0,200804,1000
reference_r4,LA-BL,200807,1,20.095872,30.0,1.0,0.0,31.0,200807,1000
reference_r4,LA-BL,200808,2,20.43022,31.0,1.0,0.0,32.0,200807,1000
reference_r4,LA-BL,200809,3,18.198658000000002,28.0,1.0,0.0,30.0,200807,1000
reference_r4,LA-BL,200810,1,9.569141000000002,11.0,1.0,1.0,5.0,200810,1000
reference_r4,LA-BL,200811,2,4.0177179999999995,7.0,1.0,1.0,12.0,200810,1000
reference_r4,LA-BL,200812,3,0.9575450000000001,1.0,1.0,1.0,1.0,200810,1000
reference_r4,LA-BL,200901,1,0.741419,1.0,1.0,1.0,2.0,200901,1000
reference_r4,LA-BL,200902,2,1.634331,3.0,1.0,0.0,3.0,200901,1000
reference_r4,LA-BL,200903,3,1.3598209999999997,2.0,1.0,1.0,0.0,200901,1000
reference_r4,LA-BL,200904,1,0.8033060000000001,0.0,1.0,1.0,2.0,200904,1000
reference_r4,LA-BL,200905,2,3.7694420000000006,5.0,1.0,0.0,0.0,200904,1000
reference_r4,LA-BL,200906,3,5.676852,5.0,1.0,1.0,7.0,200904,1000
reference_r4,LA-BL,200907,1,21.156795000000002,33.0,1.0,0.0,35.0,200907,1000
reference_r4,LA-BL,200908,2,6.483022999999996,7.0,1.0,1.0,9.0,200907,1000
reference_r4,LA-BL,200909,3,4.902146999999999,2.0,1.0,1.0,0.0,200907,1000
reference_r4,LA-BL,200910,1,5.2166650000000025,6.0,1.0,0.0,1.0,200910,1000
reference_r4,LA-BL,200911,2,2.546054999999999,2.0,1.0,1.0,2.0,200910,1000
reference_r4,LA-BL,200912,3,0.6497229999999998,0.0,1.0,1.0,1.0,200910,1000
reference_r4,LA-CH,200801,1,28.152776,51.5,1.0,0.0,73.0,200801,1000
reference_r4,LA-CH,200802,2,43.61334600000001,72.0,1.0,0.0,90.0,200801,1000
reference_r4,LA-CH,200803,3,50.609132,77.0,0.0,0.0,92.0,200801,1000
reference_r4,LA-CH,200804,1,23.927628000000013,12.0,1.0,1.0,69.0,200804,1000
reference_r4,LA-CH,200805,2,52.145272999999975,15.0,1.0,1.0,113.0,200804,1000
reference_r4,LA-CH,200806,3,100.50440699999996,65.5,1.0,1.0,295.0,200804,1000
reference_r4,LA-CH,200807,1,94.05337899999995,150.0,1.0,0.0,162.0,200807,1000
reference_r4,LA-CH,200808,2,85.78397100000001,135.0,1.0,0.0,143.0,200807,1000
reference_r4,LA-CH,200809,3,115.38040200000003,178.0,1.0,0.0,185.0,200807,1000
reference_r4,LA-CH,200810,1,47.810489000000004,85.5,1.0,1.0,140.0,200810,1000
reference_r4,LA-CH,200811,2,48.590457,82.0,1.0,0.0,102.0,200810,1000
reference_r4,LA-CH,200812,3,33.142876,58.0,1.0,0.0,73.0,200810,1000
reference_r4,LA-CH,200901,1,9.965995000000003,15.0,1.0,1.0,31.0,200901,1000
reference_r4,LA-CH,200902,2,22.92292,38.0,1.0,0.0,48.0,200901,1000
reference_r4,LA-CH,200903,3,21.302821,38.0,1.0,0.0,60.0,200901,1000
reference_r4,LA-CH,200904,1,35.388784,65.5,1.0,0.0,102.0,200904,1000
reference_r4,LA-CH,200905,2,69.947291,66.5,1.0,1.0,66.0,200904,1000
reference_r4,LA-CH,200906,3,86.26205299999998,80.5,1.0,1.0,124.0,200904,1000
reference_r4,LA-CH,200907,1,70.4814379999998,107.0,1.0,0.0,122.0,200907,1000
reference_r4,LA-CH,200908,2,63.963347,102.0,1.0,0.0,110.0,200907,1000
reference_r4,LA-CH,200909,3,60.33935299999996,94.0,1.0,0.0,105.0,200907,1000
reference_r4,LA-CH,200910,1,20.052890999999995,28.5,1.0,1.0,59.0,200910,1000
reference_r4,LA-CH,200911,2,20.051798000000005,6.0,1.0,1.0,35.0,200910,1000
reference_r4,LA-CH,200912,3,11.754171000000007,7.0,1.0,1.0,32.0,200910,1000
reference_r4,LA-HO,200801,1,0.003806999999999991,0.0,1.0,1.0,0.0,200801,1000
reference_r4,LA-HO,200802,2,0.0009720000000000006,0.0,1.0,1.0,0.0,200801,1000
reference_r4,LA-HO,200803,3,0.007387000000000005,0.0,1.0,1.0,0.0,200801,1000
reference_r4,LA-HO,200804,1,0.006794000000000008,0.0,1.0,1.0,0.0,200804,1000
reference_r4,LA-HO,200805,2,0.012212,0.0,1.0,1.0,0.0,200804,1000
reference_r4,LA-HO,200806,3,0.008316999999999991,0.0,1.0,1.0,0.0,200804,1000
reference_r4,LA-HO,200807,1,0.4168439999999993,0.0,1.0,1.0,0.0,200807,1000
reference_r4,LA-HO,200808,2,0.4448109999999996,0.0,1.0,1.0,0.0,200807,1000
reference_r4,LA-HO,200809,3,0.6829420000000006,1.0,1.0,1.0,1.0,200807,1000
reference_r4,LA-HO,200810,1,0.064409,0.0,1.0,1.0,0.0,200810,1000
reference_r4,LA-HO,200811,2,0.005979999999999999,0.0,1.0,1.0,0.0,200810,1000
reference_r4,LA-HO,200812,3,0.91401,1.0,0.0,0.0,1.0,200810,1000
reference_r4,LA-HO,200901,1,0.012502999999999986,0.0,1.0,1.0,0.0,200901,1000
reference_r4,LA-HO,200902,2,0.026476,0.0,1.0,1.0,0.0,200901,1000
reference_r4,LA-HO,200903,3,0.03127800000000003,0.0,1.0,1.0,0.0,200901,1000
reference_r4,LA-HO,200904,1,0.005294999999999994,0.0,1.0,1.0,0.0,200904,1000
reference_r4,LA-HO,200905,2,0.011554000000000009,0.0,1.0,1.0,0.0,200904,1000
reference_r4,LA-HO,200906,3,0.040711,0.0,1.0,1.0,0.0,200904,1000
reference_r4,LA-HO,200907,1,0.3862110000000003,0.0,1.0,1.0,0.0,200907,1000
reference_r4,LA-HO,200908,2,0.5098350000000007,0.0,1.0,1.0,0.0,200907,1000
reference_r4,LA-HO,200909,3,0.7183229999999998,1.0,1.0,1.0,1.0,200907,1000
reference_r4,LA-HO,200910,1,0.5770949999999999,1.0,1.0,1.0,1.0,200910,1000
reference_r4,LA-HO,200911,2,0.711921,1.0,1.0,0.0,1.0,200910,1000
reference_r4,LA-HO,200912,3,0.861452,1.0,0.0,0.0,1.0,200910,1000
reference_r4,LA-KH,200801,1,0.7286899999999998,1.0,1.0,1.0,0.0,200801,1000
reference_r4,LA-KH,200802,2,0.095881,0.0,1.0,1.0,0.0,200801,1000
reference_r4,LA-KH,200803,3,0.085457,0.0,1.0,1.0,0.0,200801,1000
reference_r4,LA-KH,200804,1,0.483166,1.0,1.0,1.0,0.0,200804,1000
reference_r4,LA-KH,200805,2,1.1827940000000003,2.0,1.0,1.0,0.0,200804,1000
reference_r4,LA-KH,200806,3,2.609496,3.0,1.0,1.0,1.0,200804,1000
reference_r4,LA-KH,200807,1,3.5866049999999987,1.0,1.0,1.0,3.0,200807,1000
reference_r4,LA-KH,200808,2,4.534191999999997,3.0,1.0,1.0,0.0,200807,1000
reference_r4,LA-KH,200809,3,4.3197059999999965,2.0,1.0,1.0,4.0,200807,1000
reference_r4,LA-KH,200810,1,0.6818619999999997,0.0,1.0,1.0,1.0,200810,1000
reference_r4,LA-KH,200811,2,1.625334,3.0,1.0,0.0,3.0,200810,1000
reference_r4,LA-KH,200812,3,3.2899749999999996,4.0,0.0,0.0,4.0,200810,1000
reference_r4,LA-KH,200901,1,0.05355500000000002,0.0,1.0,1.0,0.0,200901,1000
reference_r4,LA-KH,200902,2,0.026259999999999978,0.0,1.0,1.0,0.0,200901,1000
reference_r4,LA-KH,200903,3,4.688714,6.0,0.0,0.0,6.0,200901,1000
reference_r4,LA-KH,200904,1,0.33903300000000014,0.0,1.0,1.0,0.0,200904,1000
reference_r4,LA-KH,200905,2,2.229423,4.0,1.0,1.0,6.0,200904,1000
reference_r4,LA-KH,200906,3,64.261183,76.0,0.0,0.0,80.0,200904,1000
reference_r4,LA-KH,200907,1,111.68224499999997,152.0,0.0,0.0,155.0,200907,1000
reference_r4,LA-KH,200908,2,238.62258799999998,300.0,0.0,0.0,303.0,200907,1000
reference_r4,LA-KH,200909,3,212.138103,273.0,0.0,0.0,277.0,200907,1000
reference_r4,LA-KH,200910,1,41.99305699999999,11.0,1.0,1.0,85.0,200910,1000
reference_r4,LA-KH,200911,2,23.480333,15.0,1.0,1.0,61.0,200910,1000
reference_r4,LA-KH,200912,3,31.461151,52.0,1.0,0.0,67.0,200910,1000
reference_r4,LA-LM,200801,1,0.0001449999999999993,0.0,1.0,1.0,0.0,200801,1000
reference_r4,LA-LM,200802,2,6.399999999999982e-05,0.0,1.0,1.0,0.0,200801,1000
reference_r4,LA-LM,200803,3,3.600000000000044e-05,0.0,1.0,1.0,0.0,200801,1000
reference_r4,LA-LM,200804,1,0.0002249999999999995,0.0,1.0,1.0,0.0,200804,1000
reference_r4,LA-LM,200805,2,0.001916999999999995,0.0,1.0,1.0,0.0,200804,1000
reference_r4,LA-LM,200806,3,0.0028719999999999996,0.0,1.0,1.0,0.0,200804,1000
reference_r4,LA-LM,200807,1,0.9857340000000008,0.0,1.0,1.0,0.0,200807,1000
reference_r4,LA-LM,200808,2,0.5268149999999991,0.0,1.0,1.0,0.0,200807,1000
reference_r4,LA-LM,200809,3,0.8116540000000008,0.0,1.0,1.0,0.0,200807,1000
reference_r4,LA-LM,200810,1,0.028274999999999995,0.0,1.0,1.0,0.0,200810,1000
reference_r4,LA-LM,200811,2,0.0025470000000000007,0.0,1.0,1.0,0.0,200810,1000
reference_r4,LA-LM,200812,3,0.0006259999999999981,0.0,1.0,1.0,0.0,200810,1000
reference_r4,LA-LM,200901,1,0.0001449999999999993,0.0,1.0,1.0,0.0,200901,1000
reference_r4,LA-LM,200902,2,0.00012099999999999958,0.0,1.0,1.0,0.0,200901,1000
reference_r4,LA-LM,200903,3,0.00048799999999999885,0.0,1.0,1.0,0.0,200901,1000
reference_r4,LA-LM,200904,1,0.952581,1.0,0.0,0.0,1.0,200904,1000
reference_r4,LA-LM,200905,2,0.003375000000000003,0.0,1.0,1.0,0.0,200904,1000
reference_r4,LA-LM,200906,3,1.779479,2.0,0.0,0.0,2.0,200904,1000
reference_r4,LA-LM,200907,1,1.060841,1.0,1.0,1.0,1.0,200907,1000
reference_r4,LA-LM,200908,2,1.3580590000000043,0.0,1.0,1.0,0.0,200907,1000
reference_r4,LA-LM,200909,3,2.5135840000000016,4.0,1.0,1.0,4.0,200907,1000
reference_r4,LA-LM,200910,1,2.8886710000000004,4.0,1.0,0.0,5.0,200910,1000
reference_r4,LA-LM,200911,2,4.443423,6.0,0.0,0.0,6.0,200910,1000
reference_r4,LA-LM,200912,3,3.463991,4.0,0.0,0.0,4.0,200910,1000
reference_r4,LA-LP,200801,1,0.8509699999999998,1.0,1.0,1.0,0.0,200801,1000
reference_r4,LA-LP,200802,2,14.226982000000001,16.0,0.0,0.0,16.0,200801,1000
reference_r4,LA-LP,200803,3,20.559279,22.0,0.0,0.0,22.0,200801,1000
reference_r4,LA-LP,200804,1,17.089113,27.0,1.0,0.0,33.0,200804,1000
reference_r4,LA-LP,200805,2,69.12398400000001,100.0,0.0,0.0,116.0,200804,1000
reference_r4,LA-LP,200806,3,83.551519,132.0,0.0,0.0,160.0,200804,1000
reference_r4,LA-LP,200807,1,9.939164000000002,15.0,1.0,0.0,16.0,200807,1000
reference_r4,LA-LP,200808,2,8.521204000000001,13.0,1.0,0.0,13.0,200807,1000
reference_r4,LA-LP,200809,3,8.899235999999998,14.0,1.0,0.0,14.0,200807,1000
reference_r4,LA-LP,200810,1,16.340684000000003,27.0,1.0,0.0,33.0,200810,1000
reference_r4,LA-LP,200811,2,109.266509,114.0,0.0,0.0,116.0,200810,1000
reference_r4,LA-LP,200812,3,158.11663000000001,160.0,0.0,0.0,161.0,200810,1000
reference_r4,LA-LP,200901,1,7.373391999999999,10.0,1.0,0.0,0.0,200901,1000
reference_r4,LA-LP,200902,2,6.8481760000000005,9.0,1.0,0.0,0.0,200901,1000
reference_r4,LA-LP,200903,3,14.776713,19.0,0.0,0.0,0.0,200901,1000
reference_r4,LA-LP,200904,1,11.220066,14.0,0.0,0.0,0.0,200904,1000
reference_r4,LA-LP,200905,2,35.441478000000004,47.0,0.0,0.0,0.0,200904,1000
reference_r4,LA-LP,200906,3,70.76695899999999,91.0,1.0,0.0,9.0,200904,1000
reference_r4,LA-LP,200907,1,20.183689,29.0,1.0,0.0,30.0,200907,1000
reference_r4,LA-LP,200908,2,19.869366999999997,30.0,1.0,0.0,32.0,200907,1000
reference_r4,LA-LP,200909,3,275.812006,312.0,0.0,0.0,313.0,200907,1000
reference_r4,LA-LP,200910,1,75.76743399999998,130.0,1.0,0.0,165.0,200910,1000
reference_r4,LA-LP,200911,2,36.810936,65.0,1.0,0.0,87.0,200910,1000
reference_r4,LA-LP,200912,3,5.227954,6.0,1.0,0.0,0.0,200910,1000
reference_r4,LA-OU,200801,1,0.00044199999999999795,0.0,1.0,1.0,0.0,200801,1000
reference_r4,LA-OU,200802,2,0.0002249999999999995,0.0,1.0,1.0,0.0,200801,1000
reference_r4,LA-OU,200803,3,2.499999999999985e-05,0.0,1.0,1.0,0.0,200801,1000
reference_r4,LA-OU,200804,1,0.000962000000000001,0.0,1.0,1.0,0.0,200804,1000
reference_r4,LA-OU,200805,2,0.008625000000000008,0.0,1.0,1.0,0.0,200804,1000
reference_r4,LA-OU,200806,3,0.011088999999999988,0.0,1.0,1.0,0.0,200804,1000
reference_r4,LA-OU,200807,1,2.1414350000000013,1.0,1.0,1.0,0.0,200807,1000
reference_r4,LA-OU,200808,2,1.3927610000000001,0.0,1.0,1.0,0.0,200807,1000
reference_r4,LA-OU,200809,3,1.5584540000000011,1.0,1.0,1.0,0.0,200807,1000
reference_r4,LA-OU,200810,1,0.035744,0.0,1.0,1.0,0.0,200810,1000
reference_r4,LA-OU,200811,2,0.0048789999999999945,0.0,1.0,1.0,0.0,200810,1000
reference_r4,LA-OU,200812,3,0.001686,0.0,1.0,1.0,0.0,200810,1000
reference_r4,LA-OU,200901,1,8.099999999999948e-05,0.0,1.0,1.0,0.0,200901,1000
reference_r4,LA-OU,200902,2,0.0004889999999999999,0.0,1.0,1.0,0.0,200901,1000
reference_r4,LA-OU,200903,3,0.0002559999999999993,0.0,1.0,1.0,0.0,200901,1000
reference_r4,LA-OU,200904,1,0.0010930000000000037,0.0,1.0,1.0,0.0,200904,1000
reference_r4,LA-OU,200905,2,0.0035089999999999982,0.0,1.0,1.0,0.0,200904,1000
reference_r4,LA-OU,200906,3,0.017178,0.0,1.0,1.0,0.0,200904,1000
reference_r4,LA-OU,200907,1,2.201894000000003,1.0,1.0,1.0,0.0,200907,1000
reference_r4,LA-OU,200908,2,2.1174859999999995,0.0,1.0,1.0,1.0,200907,1000
reference_r4,LA-OU,200909,3,9.036583999999998,14.0,1.0,0.0,15.0,200907,1000
reference_r4,LA-OU,200910,1,2.3565139999999998,4.0,1.0,0.0,6.0,200910,1000
reference_r4,LA-OU,200911,2,8.297554,12.0,0.0,0.0,13.0,200910,1000
reference_r4,LA-OU,200912,3,16.259750999999998,18.0,0.0,0.0,18.0,200910,1000
reference_r4,LA-PH,200901,1,0.008394000000000013,0.0,1.0,1.0,0.0,200901,1000
reference_r4,LA-PH,200902,2,0.01374700000000001,0.0,1.0,1.0,0.0,200901,1000
reference_r4,LA-PH,200903,3,0.011909000000000003,0.0,1.0,1.0,0.0,200901,1000
reference_r4,LA-PH,200904,1,0.0033460000000000018,0.0,1.0,1.0,0.0,200904,1000
reference_r4,LA-PH,200905,2,0.0070159999999999945,0.0,1.0,1.0,0.0,200904,1000
reference_r4,LA-PH,200906,3,0.02700199999999997,0.0,1.0,1.0,0.0,200904,1000
reference_r4,LA-PH,200907,1,0.2708350000000004,0.0,1.0,1.0,0.0,200907,1000
reference_r4,LA-PH,200909,3,0.38157900000000033,0.0,1.0,1.0,0.0,200907,1000
reference_r4,LA-PH,200910,1,0.01468999999999998,0.0,1.0,1.0,0.0,200910,1000
reference_r4,LA-PH,200911,2,0.007834000000000008,0.0,1.0,1.0,0.0,200910,1000
reference_r4,LA-PH,200912,3,0.0009580000000000005,0.0,1.0,1.0,0.0,200910,1000
reference_r4,LA-SL,200801,1,0.8905020000000001,1.0,1.0,1.0,0.0,200801,1000
reference_r4,LA-SL,200802,2,0.39903599999999995,0.0,1.0,1.0,1.0,200801,1000
reference_r4,LA-SL,200803,3,3.711126,5.0,0.0,0.0,5.0,200801,1000
reference_r4,LA-SL,200804,1,0.8232109999999997,0.0,1.0,1.0,2.0,200804,1000
reference_r4,LA-SL,200805,2,88.017715,100.0,0.0,0.0,105.0,200804,1000
reference_r4,LA-SL,200806,3,182.70652299999998,213.0,0.0,0.0,226.0,200804,1000
reference_r4,LA-SL,200807,1,49.287558000000004,75.0,1.0,0.0,78.0,200807,1000
reference_r4,LA-SL,200808,2,40.490459,61.0,1.0,0.0,63.0,200807,1000
reference_r4,LA-SL,200809,3,55.946118,82.0,1.0,0.0,85.0,200807,1000
reference_r4,LA-SL,200810,1,37.46216799999999,64.0,1.0,0.0,91.0,200810,1000
reference_r4,LA-SL,200811,2,7.6546140000000005,14.0,1.0,1.0,21.0,200810,1000
reference_r4,LA-SL,200812,3,2.8154619999999992,4.0,1.0,1.0,8.0,200810,1000
reference_r4,LA-SL,200901,1,1.3520469999999998,1.0,1.0,1.0,1.0,200901,1000
reference_r4,LA-SL,200902,2,19.347832,23.0,0.0,0.0,24.0,200901,1000
reference_r4,LA-SL,200903,3,13.138766,20.0,0.0,0.0,25.0,200901,1000
reference_r4,LA-SL,200904,1,5.792517,8.0,1.0,1.0,19.0,200904,1000
reference_r4,LA-SL,200905,2,43.786785,79.0,1.0,0.0,122.0,200904,1000
reference_r4,LA-SL,200906,3,32.51208700000001,25.5,1.0,1.0,42.0,200904,1000
reference_r4,LA-SL,200907,1,115.68452800000003,160.0,0.0,0.0,164.0,200907,1000
reference_r4,LA-SL,200908,2,88.35168499999999,123.0,0.0,0.0,127.0,200907,1000
reference_r4,LA-SL,200909,3,59.12957999999999,88.0,1.0,0.0,91.0,200907,1000
reference_r4,LA-SL,200910,1,35.440118999999996,63.0,1.0,0.0,94.0,200910,1000
reference_r4,LA-SL,200911,2,18.679802999999993,8.0,1.0,1.0,44.0,200910,1000
reference_r4,LA-SL,200912,3,6.863837,3.5,1.0,1.0,17.0,200910,1000
reference_r4,LA-SV,200801,1,5.560211000000001,7.0,1.0,0.0,1.0,200801,1000
reference_r4,LA-SV,200802,2,1.067894,1.0,1.0,1.0,1.0,200801,1000
reference_r4,LA-SV,200803,3,0.5567249999999999,0.0,1.0,1.0,1.0,200801,1000
reference_r4,LA-SV,200804,1,3.5868529999999996,4.0,1.0,0.0,0.0,200804,1000
reference_r4,LA-SV,200805,2,8.025956,11.0,1.0,0.0,1.0,200804,1000
reference_r4,LA-SV,200806,3,26.666359000000007,35.0,1.0,0.0,10.0,200804,1000
reference_r4,LA-SV,200807,1,22.286722000000026,0.0,1.0,1.0,11.0,200807,1000
reference_r4,LA-SV,200808,2,22.32373799999999,8.0,1.0,1.0,4.0,200807,1000
reference_r4,LA-SV,200809,3,20.55244700000003,8.0,1.0,1.0,2.0,200807,1000
reference_r4,LA-SV,200810,1,3.898237,7.0,1.0,0.0,10.0,200810,1000
reference_r4,LA-SV,200811,2,0.7242839999999999,1.0,1.0,1.0,2.0,200810,1000
reference_r4,LA-SV,200812,3,0.33357900000000007,0.0,1.0,1.0,0.0,200810,1000
reference_r4,LA-SV,200901,1,0.07155500000000004,0.0,1.0,1.0,0.0,200901,1000
reference_r4,LA-SV,200902,2,0.020020999999999983,0.0,1.0,1.0,0.0,200901,1000
reference_r4,LA-SV,200903,3,0.15421799999999997,0.0,1.0,1.0,0.0,200901,1000
reference_r4,LA-SV,200904,1,0.19339700000000004,0.0,1.0,1.0,0.0,200904,1000
reference_r4,LA-SV,200905,2,1.2508590000000002,2.0,1.0,1.0,0.0,200904,1000
reference_r4,LA-SV,200906,3,1.6801389999999996,2.0,1.0,1.0,1.0,200904,1000
reference_r4,LA-SV,200907,1,29.447060999999962,1.0,1.0,1.0,13.0,200907,1000
reference_r4,LA-SV,200908,2,32.6685369999999,20.0,1.0,1.0,34.0,200907,1000
reference_r4,LA-SV,200909,3,33.06885599999998,36.0,1.0,1.0,48.0,200907,1000
reference_r4,LA-SV,200910,1,7.280832999999998,1.5,1.0,1.0,16.0,200910,1000
reference_r4,LA-SV,200911,2,13.824029999999999,25.0,1.0,0.0,33.0,200910,1000
reference_r4,LA-SV,200912,3,1.6289259999999999,1.0,1.0,1.0,4.0,200910,1000
reference_r4,LA-VT,200801,1,10.804988999999999,5.0,1.0,1.0,29.0,200801,1000
reference_r4,LA-VT,200802,2,3.9352920000000005,7.0,1.0,1.0,12.0,200801,1000
reference_r4,LA-VT,200803,3,16.116372,23.0,0.0,0.0,26.0,200801,1000
reference_r4,LA-VT,200804,1,11.139016000000002,14.0,1.0,0.0,4.0,200804,1000
reference_r4,LA-VT,200805,2,24.815482000000003,32.0,1.0,1.0,17.0,200804,1000
reference_r4,LA-VT,200806,3,79.70156100000003,101.0,1.0,1.0,60.0,200804,1000
reference_r4,LA-VT,200807,1,87.0091829999999,113.0,1.0,0.0,132.0,200807,1000
reference_r4,LA-VT,200808,2,87.64179200000001,130.0,1.0,0.0,144.0,200807,1000
reference_r4,LA-VT,200809,3,97.86658499999987,138.0,1.0,0.0,158.0,200807,1000
reference_r4,LA-VT,200810,1,36.63253,22.5,1.0,1.0,95.0,200810,1000
reference_r4,LA-VT,200811,2,60.17981900000001,102.0,1.0,0.0,129.0,200810,1000
reference_r4,LA-VT,200812,3,51.16511799999999,77.0,0.0,0.0,91.0,200810,1000
reference_r4,LA-VT,200901,1,21.761032999999998,32.0,0.0,0.0,38.0,200901,1000
reference_r4,LA-VT,200902,2,12.86546,17.0,0.0,0.0,20.0,200901,1000
reference_r4,LA-VT,200903,3,6.215401000000002,10.0,1.0,1.0,19.0,200901,1000
reference_r4,LA-VT,200904,1,10.969666999999998,9.0,1.0,1.0,33.0,200904,1000
reference_r4,LA-VT,200905,2,110.53592700000002,133.0,1.0,1.0,54.0,200904,1000
reference_r4,LA-VT,200906,3,169.85351799999995,209.0,1.0,1.0,104.0,200904,1000
reference_r4,LA-VT,200907,1,173.05869499999994,256.0,1.0,1.0,302.0,200907,1000
reference_r4,LA-VT,200908,2,210.0005450000001,318.5,1.0,0.0,356.0,200907,1000
reference_r4,LA-VT,200909,3,275.74755000000005,430.0,1.0,0.0,470.0,200907,1000
reference_r4,LA-VT,200910,1,200.38036600000004,366.0,1.0,0.0,527.0,200910,1000
reference_r4,LA-VT,200911,2,247.218792,412.5,1.0,0.0,521.0,200910,1000
reference_r4,LA-VT,200912,3,237.07692300000002,328.0,0.0,0.0,366.0,200910,1000
reference_r4,LA-XA,200801,1,0.9379170000000001,1.0,1.0,1.0,0.0,200801,1000
reference_r4,LA-XA,200802,2,0.24603200000000003,0.0,1.0,1.0,0.0,200801,1000
reference_r4,LA-XA,200803,3,0.15661600000000003,0.0,1.0,1.0,0.0,200801,1000
reference_r4,LA-XA,200804,1,0.7415020000000001,1.0,1.0,1.0,0.0,200804,1000
reference_r4,LA-XA,200805,2,1.219445,0.0,1.0,1.0,2.0,200804,1000
reference_r4,LA-XA,200806,3,2.2266060000000003,1.0,1.0,1.0,6.0,200804,1000
reference_r4,LA-XA,200807,1,11.749201,17.0,1.0,0.0,19.0,200807,1000
reference_r4,LA-XA,200808,2,4.581992,6.0,1.0,1.0,7.0,200807,1000
reference_r4,LA-XA,200809,3,3.108659000000003,0.0,1.0,1.0,1.0,200807,1000
reference_r4,LA-XA,200810,1,1.6035130000000004,0.0,1.0,1.0,3.0,200810,1000
reference_r4,LA-XA,200811,2,0.7189270000000003,1.0,1.0,1.0,2.0,200810,1000
reference_r4,LA-XA,200812,3,0.38409000000000004,1.0,1.0,1.0,1.0,200810,1000
reference_r4,LA-XA,200901,1,0.07726,0.0,1.0,1.0,0.0,200901,1000
reference_r4,LA-XA,200902,2,0.04674000000000003,0.0,1.0,1.0,0.0,200901,1000
reference_r4,LA-XA,200903,3,0.23777799999999993,0.0,1.0,1.0,0.0,200901,1000
reference_r4,LA-XA,200904,1,0.354928,0.0,1.0,1.0,0.0,200904,1000
reference_r4,LA-XA,200905,2,1.1009820000000001,1.0,1.0,1.0,1.0,200904,1000
reference_r4,LA-XA,200906,3,5.649157999999999,10.0,1.0,0.0,14.0,200904,1000
reference_r4,LA-XA,200907,1,6.153162000000002,9.0,1.0,1.0,11.0,200907,1000
reference_r4,LA-XA,200908,2,22.797033000000006,35.0,1.0,0.0,37.0,200907,1000
reference_r4,LA-XA,200909,3,6.221546999999994,9.0,1.0,1.0,11.0,200907,1000
reference_r4,LA-XA,200910,1,4.338903000000002,3.0,1.0,1.0,5.0,200910,1000
reference_r4,LA-XA,200911,2,2.590086000000001,0.0,1.0,1.0,5.0,200910,1000
reference_r4,LA-XA,200912,3,1.2576079999999998,2.0,1.0,1.0,0.0,200910,1000
reference_r4,LA-XE,200801,1,0.015088999999999991,0.0,1.0,1.0,0.0,200801,1000
reference_r4,LA-XE,200802,2,0.0037470000000000003,0.0,1.0,1.0,0.0,200801,1000
reference_r4,LA-XE,200803,3,0.0034330000000000055,0.0,1.0,1.0,0.0,200801,1000
reference_r4,LA-XE,200804,1,0.011745000000000005,0.0,1.0,1.0,0.0,200804,1000
reference_r4,LA-XE,200805,2,0.04553299999999999,0.0,1.0,1.0,0.0,200804,1000
reference_r4,LA-XE,200806,3,3.9918690000000003,5.0,0.0,0.0,5.0,200804,1000
reference_r4,LA-XE,200807,1,0.5954490000000003,0.0,1.0,1.0,0.0,200807,1000
reference_r4,LA-XE,200808,2,0.6949640000000006,0.0,1.0,1.0,0.0,200807,1000
reference_r4,LA-XE,200809,3,0.7518729999999998,1.0,1.0,1.0,1.0,200807,1000
reference_r4,LA-XE,200810,1,0.04785499999999998,0.0,1.0,1.0,0.0,200810,1000
reference_r4,LA-XE,200811,2,0.009837000000000012,0.0,1.0,1.0,0.0,200810,1000
reference_r4,LA-XE,200812,3,0.867007,1.0,0.0,0.0,1.0,200810,1000
reference_r4,LA-XE,200901,1,0.004179000000000002,0.0,1.0,1.0,0.0,200901,1000
reference_r4,LA-XE,200902,2,1.8729630000000002,2.0,0.0,0.0,2.0,200901,1000
reference_r4,LA-XE,200903,3,1.755906,2.0,0.0,0.0,2.0,200901,1000
reference_r4,LA-XE,200904,1,0.5126379999999999,1.0,1.0,1.0,1.0,200904,1000
reference_r4,LA-XE,200905,2,0.967369,2.0,1.0,0.0,2.0,200904,1000
reference_r4,LA-XE,200906,3,5.750561,8.0,0.0,0.0,9.0,200904,1000
reference_r4,LA-XE,200907,1,24.309590999999998,29.0,0.0,0.0,29.0,200907,1000
reference_r4,LA-XE,200908,2,21.774364,27.0,0.0,0.0,27.0,200907,1000
reference_r4,LA-XE,200909,3,3.804416,6.0,1.0,0.0,6.0,200907,1000
reference_r4,LA-XE,200910,1,3.00741,3.0,1.0,1.0,7.0,200910,1000
reference_r4,LA-XE,200911,2,9.003909,9.0,1.0,1.0,3.0,200910,1000
reference_r4,LA-XE,200912,3,8.447728999999995,4.0,1.0,1.0,7.0,200910,1000
reference_r4,LA-XI,200801,1,0.0004849999999999993,0.0,1.0,1.0,0.0,200801,1000
reference_r4,LA-XI,200802,2,0.00017099999999999928,0.0,1.0,1.0,0.0,200801,1000
reference_r4,LA-XI,200803,3,0.00047000000000000167,0.0,1.0,1.0,0.0,200801,1000
reference_r4,LA-XI,200804,1,0.00038699999999999846,0.0,1.0,1.0,0.0,200804,1000
reference_r4,LA-XI,200805,2,0.0008500000000000001,0.0,1.0,1.0,0.0,200804,1000
reference_r4,LA-XI,200806,3,0.929361,1.0,0.0,0.0,1.0,200804,1000
reference_r4,LA-XI,200807,1,0.24237999999999982,0.0,1.0,1.0,0.0,200807,1000
reference_r4,LA-XI,200808,2,0.3010999999999999,0.0,1.0,1.0,0.0,200807,1000
reference_r4,LA-XI,200809,3,0.32564299999999946,0.0,1.0,1.0,0.0,200807,1000
reference_r4,LA-XI,200810,1,0.017068,0.0,1.0,1.0,0.0,200810,1000
reference_r4,LA-XI,200811,2,0.002919000000000005,0.0,1.0,1.0,0.0,200810,1000
reference_r4,LA-XI,200812,3,0.0006509999999999988,0.0,1.0,1.0,0.0,200810,1000
reference_r4,LA-XI,200901,1,0.0013910000000000033,0.0,1.0,1.0,0.0,200901,1000
reference_r4,LA-XI,200902,2,0.0011069999999999969,0.0,1.0,1.0,0.0,200901,1000
reference_r4,LA-XI,200903,3,0.0008580000000000046,0.0,1.0,1.0,0.0,200901,1000
reference_r4,LA-XI,200904,1,0.00033199999999999896,0.0,1.0,1.0,0.0,200904,1000
reference_r4,LA-XI,200905,2,38.930877,39.0,0.0,0.0,39.0,200904,1000
reference_r4,LA-XI,200906,3,32.83178,33.0,0.0,0.0,33.0,200904,1000
reference_r4,LA-XI,200907,1,0.6791850000000004,1.0,1.0,1.0,1.0,200907,1000
reference_r4,LA-XI,200908,2,6.871492,10.0,1.0,0.0,10.0,200907,1000
reference_r4,LA-XI,200909,3,0.4909029999999994,0.0,1.0,1.0,0.0,200907,1000
reference_r4,LA-XI,200910,1,0.8932059999999997,1.0,1.0,1.0,0.0,200910,1000
reference_r4,LA-XI,200911,2,0.46084499999999995,1.0,1.0,1.0,0.0,200910,1000
reference_r4,LA-XI,200912,3,0.16876199999999997,0.0,1.0,1.0,0.0,200910,1000
