model,location,time_period,horizon_distance,crps,abs_error,in_10_90,in_25_75,observed,split_first_period,n_samples
climatology,LA-AT,200801,1,4.0,4.0,0.0,0.0,4.0,200801,1000
climatology,LA-AT,200802,2,1.63,2.0,0.0,0.0,2.0,200801,1000
climatology,LA-AT,200803,3,0.0,0.0,1.0,1.0,0.0,200801,1000
climatology,LA-AT,200804,1,0.02,0.0,1.0,1.0,0.0,200804,1000
climatology,LA-AT,200805,2,3.45,4.0,0.0,0.0,4.0,200804,1000
climatology,LA-AT,200806,3,8.86,10.0,0.0,0.0,10.0,200804,1000
climatology,LA-AT,200807,1,4.54,6.0,0.0,0.0,6.0,200807,1000
climatology,LA-AT,200808,2,9.47,11.0,0.0,0.0,11.0,200807,1000
climatology,LA-AT,200809,3,17.57,24.0,0.0,0.0,24.0,200807,1000
climatology,LA-AT,200810,1,38.95,47.0,0.0,0.0,47.0,200810,1000
climatology,LA-AT,200811,2,43.0,43.0,0.0,0.0,43.0,200810,1000
climatology,LA-AT,200812,3,22.28,23.0,0.0,0.0,23.0,200810,1000
climatology,LA-AT,200901,1,17.305124,18.0,0.0,0.0,18.0,200901,1000
climatology,LA-AT,200902,2,45.164529,46.0,0.0,0.0,46.0,200901,1000
climatology,LA-AT,200903,3,77.0,77.0,0.0,0.0,77.0,200901,1000
climatology,LA-AT,200904,1,98.652562,99.0,0.0,0.0,99.0,200904,1000
climatology,LA-AT,200905,2,0.1242149999999999,0.0,1.0,1.0,0.0,200904,1000
climatology,LA-AT,200906,3,21.319868,24.0,0.0,0.0,24.0,200904,1000
climatology,LA-AT,200907,1,61.750116,64.0,0.0,0.0,64.0,200907,1000
climatology,LA-AT,200908,2,17.823736,21.0,0.0,0.0,21.0,200907,1000
climatology,LA-AT,200909,3,10.060613,17.0,1.0,0.0,17.0,200907,1000
climatology,LA-AT,200910,1,4.830283999999999,4.0,1.0,0.0,4.0,200910,1000
climatology,LA-AT,200911,2,13.444083,16.0,0.0,0.0,16.0,200910,1000
climatology,LA-AT,200912,3,4.502959,6.0,0.0,0.0,6.0,200910,1000
climatology,LA-BK,200801,1,0.81,1.0,0.0,0.0,1.0,200801,1000
climatology,LA-BK,200802,2,0.01,0.0,1.0,1.0,0.0,200801,1000
climatology,LA-BK,200803,3,0.01,0.0,1.0,1.0,0.0,200801,1000
climatology,LA-BK,200804,1,0.01,0.0,1.0,1.0,0.0,200804,1000
climatology,LA-BK,200805,2,11.64,12.0,0.0,0.0,12.0,200804,1000
climatology,LA-BK,200806,3,52.17,53.0,0.0,0.0,53.0,200804,1000
climatology,LA-BK,200807,1,0.6600000000000001,1.5,1.0,1.0,2.0,200807,1000
climatology,LA-BK,200808,2,6.84,9.0,0.0,0.0,9.0,200807,1000
climatology,LA-BK,200809,3,29.34,33.0,0.0,0.0,33.0,200807,1000
climatology,LA-BK,200810,1,44.92,46.5,0.0,0.0,48.0,200810,1000
climatology,LA-BK,200811,2,55.0,55.0,0.0,0.0,55.0,200810,1000
climatology,LA-BK,200812,3,5.0,5.0,0.0,0.0,5.0,200810,1000
climatology,LA-BK,200901,1,0.6691239999999999,1.0,1.0,0.0,1.0,200901,1000
climatology,LA-BK,200902,2,0.0082809999999999,0.0,1.0,1.0,0.0,200901,1000
climatology,LA-BK,200903,3,0.826281,1.0,0.0,0.0,1.0,200901,1000
climatology,LA-BK,200904,1,2.826281,3.0,0.0,0.0,3.0,200904,1000
climatology,LA-BK,200905,2,71.61762,74.0,0.0,0.0,74.0,200904,1000
climatology,LA-BK,200906,3,206.10648,216.0,0.0,0.0,216.0,200904,1000
climatology,LA-BK,200907,1,209.635455,211.0,0.0,0.0,212.0,200907,1000
climatology,LA-BK,200908,2,106.650017,110.0,0.0,0.0,110.0,200907,1000
climatology,LA-BK,200909,3,43.240067,52.0,0.0,0.0,52.0,200907,1000
climatology,LA-BK,200910,1,23.210034,29.0,0.0,0.0,31.0,200910,1000
climatology,LA-BK,200911,2,4.5454550000000005,5.0,0.0,0.0,5.0,200910,1000
climatology,LA-BK,200912,3,3.313405,4.0,0.0,0.0,4.0,200910,1000
climatology,LA-BL,200801,1,5.6899999999999995,8.0,0.0,0.0,10.0,200801,1000
climatology,LA-BL,200802,2,2.88,5.0,1.0,0.0,7.0,200801,1000
climatology,LA-BL,200803,3,2.29,3.0,1.0,1.0,1.0,200801,1000
climatology,LA-BL,200804,1,2.8299999999999996,3.5,1.0,1.0,3.0,200804,1000
climatology,LA-BL,200805,2,9.2,6.5,1.0,1.0,15.0,200804,1000
climatology,LA-BL,200806,3,10.070000000000002,17.5,1.0,1.0,19.0,200804,1000
climatology,LA-BL,200807,1,27.62,48.5,1.0,0.0,31.0,200807,1000
climatology,LA-BL,200808,2,19.03,37.5,1.0,1.0,32.0,200807,1000
climatology,LA-BL,200809,3,25.370000000000005,48.0,1.0,0.0,30.0,200807,1000
climatology,LA-BL,200810,1,16.870000000000005,25.5,0.0,0.0,5.0,200810,1000
climatology,LA-BL,200811,2,6.290000000000001,8.5,1.0,1.0,12.0,200810,1000
climatology,LA-BL,200812,3,2.05,1.0,1.0,1.0,1.0,200810,1000
climatology,LA-BL,200901,1,0.7038849999999999,0.0,1.0,1.0,2.0,200901,1000
climatology,LA-BL,200902,2,0.926381,1.0,1.0,1.0,3.0,200901,1000
climatology,LA-BL,200903,3,2.5287120000000005,4.0,1.0,0.0,0.0,200901,1000
climatology,LA-BL,200904,1,2.7938859999999996,4.0,1.0,1.0,2.0,200904,1000
climatology,LA-BL,200905,2,17.157429000000004,16.0,0.0,0.0,0.0,200904,1000
climatology,LA-BL,200906,3,16.873330000000003,19.0,0.0,0.0,7.0,200904,1000
climatology,LA-BL,200907,1,20.996472,42.0,1.0,1.0,35.0,200907,1000
climatology,LA-BL,200908,2,33.260011999999996,58.0,0.0,0.0,9.0,200907,1000
climatology,LA-BL,200909,3,41.130528,75.0,0.0,0.0,0.0,200907,1000
climatology,LA-BL,200910,1,17.210586000000003,29.0,0.0,0.0,1.0,200910,1000
climatology,LA-BL,200911,2,11.201476,13.0,1.0,0.0,2.0,200910,1000
climatology,LA-BL,200912,3,1.6965139999999996,1.0,1.0,1.0,1.0,200910,1000
climatology,LA-CH,200801,1,47.5,65.0,0.0,0.0,73.0,200801,1000
climatology,LA-CH,200802,2,53.03999999999999,86.5,0.0,0.0,90.0,200801,1000
climatology,LA-CH,200803,3,50.58,77.0,0.0,0.0,92.0,200801,1000
climatology,LA-CH,200804,1,31.85,52.5,1.0,0.0,69.0,200804,1000
climatology,LA-CH,200805,2,38.959999999999994,54.0,1.0,0.0,113.0,200804,1000
climatology,LA-CH,200806,3,127.17000000000002,172.5,0.0,0.0,295.0,200804,1000
climatology,LA-CH,200807,1,41.25,39.0,1.0,1.0,162.0,200807,1000
climatology,LA-CH,200808,2,42.510000000000005,22.0,1.0,1.0,143.0,200807,1000
climatology,LA-CH,200809,3,49.599999999999994,73.0,1.0,1.0,185.0,200807,1000
climatology,LA-CH,200810,1,37.669999999999995,53.0,1.0,0.0,140.0,200810,1000
climatology,LA-CH,200811,2,41.07000000000001,67.0,0.0,0.0,102.0,200810,1000
climatology,LA-CH,200812,3,33.34,49.5,1.0,0.0,73.0,200810,1000
climatology,LA-CH,200901,1,10.890717,19.0,1.0,1.0,31.0,200901,1000
climatology,LA-CH,200902,2,19.093116999999996,43.0,1.0,1.0,48.0,200901,1000
climatology,LA-CH,200903,3,21.42854,42.0,1.0,0.0,60.0,200901,1000
climatology,LA-CH,200904,1,53.487149,79.0,0.0,0.0,102.0,200904,1000
climatology,LA-CH,200905,2,19.053490000000004,1.0,1.0,1.0,66.0,200904,1000
climatology,LA-CH,200906,3,30.695037999999997,10.0,1.0,1.0,124.0,200904,1000
climatology,LA-CH,200907,1,45.004213,72.0,1.0,1.0,122.0,200907,1000
climatology,LA-CH,200908,2,44.17307600000001,38.0,1.0,1.0,110.0,200907,1000
climatology,LA-CH,200909,3,32.110839000000006,33.0,1.0,1.0,105.0,200907,1000
climatology,LA-CH,200910,1,23.227603,35.0,1.0,1.0,59.0,200910,1000
climatology,LA-CH,200911,2,12.418226999999998,3.0,1.0,1.0,35.0,200910,1000
climatology,LA-CH,200912,3,14.757385999999997,7.0,1.0,1.0,32.0,200910,1000
climatology,LA-HO,200801,1,0.01,0.0,1.0,1.0,0.0,200801,1000
climatology,LA-HO,200802,2,0.01,0.0,1.0,1.0,0.0,200801,1000
climatology,LA-HO,200803,3,0.01,0.0,1.0,1.0,0.0,200801,1000
climatology,LA-HO,200804,1,0.01,0.0,1.0,1.0,0.0,200804,1000
climatology,LA-HO,200805,2,0.0,0.0,1.0,1.0,0.0,200804,1000
climatology,LA-HO,200806,3,0.0599999999999999,0.0,1.0,1.0,0.0,200804,1000
climatology,LA-HO,200807,1,0.1999999999999999,0.0,1.0,1.0,0.0,200807,1000
climatology,LA-HO,200808,2,0.0,0.0,1.0,1.0,0.0,200807,1000
climatology,LA-HO,200809,3,0.6900000000000002,1.0,1.0,0.0,1.0,200807,1000
climatology,LA-HO,200810,1,0.02,0.0,1.0,1.0,0.0,200810,1000
climatology,LA-HO,200811,2,0.0,0.0,1.0,1.0,0.0,200810,1000
climatology,LA-HO,200812,3,0.65,1.0,1.0,0.0,1.0,200810,1000
climatology,LA-HO,200901,1,0.0082809999999999,0.0,1.0,1.0,0.0,200901,1000
climatology,LA-HO,200902,2,0.0082809999999999,0.0,1.0,1.0,0.0,200901,1000
climatology,LA-HO,200903,3,0.0082809999999999,0.0,1.0,1.0,0.0,200901,1000
climatology,LA-HO,200904,1,0.0082809999999999,0.0,1.0,1.0,0.0,200904,1000
climatology,LA-HO,200905,2,0.0,0.0,1.0,1.0,0.0,200904,1000
climatology,LA-HO,200906,3,0.049686,0.0,1.0,1.0,0.0,200904,1000
climatology,LA-HO,200907,1,0.16562,0.0,1.0,1.0,0.0,200907,1000
climatology,LA-HO,200908,2,0.0,0.0,1.0,1.0,0.0,200907,1000
climatology,LA-HO,200909,3,0.5699339999999999,1.0,1.0,1.0,1.0,200907,1000
climatology,LA-HO,200910,1,0.834562,1.0,0.0,0.0,1.0,200910,1000
climatology,LA-HO,200911,2,1.0,1.0,0.0,0.0,1.0,200910,1000
climatology,LA-HO,200912,3,0.53681,1.0,1.0,1.0,1.0,200910,1000
climatology,LA-KH,200801,1,1.1499999999999997,0.0,1.0,1.0,0.0,200801,1000
climatology,LA-KH,200802,2,0.1499999999999999,0.0,1.0,1.0,0.0,200801,1000
climatology,LA-KH,200803,3,0.04,0.0,1.0,1.0,0.0,200801,1000
climatology,LA-KH,200804,1,0.1099999999999999,0.0,1.0,1.0,0.0,200804,1000
climatology,LA-KH,200805,2,1.38,0.5,1.0,1.0,0.0,200804,1000
climatology,LA-KH,200806,3,8.940000000000001,6.0,1.0,1.0,1.0,200804,1000
climatology,LA-KH,200807,1,35.06999999999999,31.0,1.0,1.0,3.0,200807,1000
climatology,LA-KH,200808,2,37.92,43.0,1.0,0.0,0.0,200807,1000
climatology,LA-KH,200809,3,14.089999999999996,7.5,1.0,1.0,4.0,200807,1000
climatology,LA-KH,200810,1,5.470000000000001,5.0,1.0,1.0,1.0,200810,1000
climatology,LA-KH,200811,2,1.4299999999999995,2.5,1.0,1.0,3.0,200810,1000
climatology,LA-KH,200812,3,3.69,4.0,1.0,0.0,4.0,200810,1000
climatology,LA-KH,200901,1,0.9523149999999996,0.0,1.0,1.0,0.0,200901,1000
climatology,LA-KH,200902,2,0.1242149999999999,0.0,1.0,1.0,0.0,200901,1000
climatology,LA-KH,200903,3,5.305124,6.0,0.0,0.0,6.0,200901,1000
climatology,LA-KH,200904,1,0.091091,0.0,1.0,1.0,0.0,200904,1000
climatology,LA-KH,200905,2,4.0487779999999995,6.0,1.0,0.0,6.0,200904,1000
climatology,LA-KH,200906,3,46.36775900000001,74.0,1.0,0.0,80.0,200904,1000
climatology,LA-KH,200907,1,68.223464,127.0,1.0,1.0,155.0,200907,1000
climatology,LA-KH,200908,2,171.36027,263.0,0.0,0.0,303.0,200907,1000
climatology,LA-KH,200909,3,187.121383,267.0,0.0,0.0,277.0,200907,1000
climatology,LA-KH,200910,1,57.593343,80.0,0.0,0.0,85.0,200910,1000
climatology,LA-KH,200911,2,54.814001,60.0,0.0,0.0,61.0,200910,1000
climatology,LA-KH,200912,3,52.764233,67.0,0.0,0.0,67.0,200910,1000
climatology,LA-LM,200801,1,0.0,0.0,1.0,1.0,0.0,200801,1000
climatology,LA-LM,200802,2,0.0,0.0,1.0,1.0,0.0,200801,1000
climatology,LA-LM,200803,3,0.0499999999999999,0.0,1.0,1.0,0.0,200801,1000
climatology,LA-LM,200804,1,0.01,0.0,1.0,1.0,0.0,200804,1000
climatology,LA-LM,200805,2,0.0,0.0,1.0,1.0,0.0,200804,1000
climatology,LA-LM,200806,3,0.0,0.0,1.0,1.0,0.0,200804,1000
climatology,LA-LM,200807,1,0.0499999999999999,0.0,1.0,1.0,0.0,200807,1000
climatology,LA-LM,200808,2,0.0299999999999999,0.0,1.0,1.0,0.0,200807,1000
climatology,LA-LM,200809,3,0.0,0.0,1.0,1.0,0.0,200807,1000
climatology,LA-LM,200810,1,0.09,0.0,1.0,1.0,0.0,200810,1000
climatology,LA-LM,200811,2,0.02,0.0,1.0,1.0,0.0,200810,1000
climatology,LA-LM,200812,3,0.0,0.0,1.0,1.0,0.0,200810,1000
climatology,LA-LM,200901,1,0.0,0.0,1.0,1.0,0.0,200901,1000
climatology,LA-LM,200902,2,0.0,0.0,1.0,1.0,0.0,200901,1000
climatology,LA-LM,200903,3,0.041405,0.0,1.0,1.0,0.0,200901,1000
climatology,LA-LM,200904,1,0.826281,1.0,0.0,0.0,1.0,200904,1000
climatology,LA-LM,200905,2,0.0,0.0,1.0,1.0,0.0,200904,1000
climatology,LA-LM,200906,3,2.0,2.0,0.0,0.0,2.0,200904,1000
climatology,LA-LM,200907,1,0.677405,1.0,1.0,0.0,1.0,200907,1000
climatology,LA-LM,200908,2,0.024843,0.0,1.0,1.0,0.0,200907,1000
climatology,LA-LM,200909,3,4.0,4.0,0.0,0.0,4.0,200907,1000
climatology,LA-LM,200910,1,4.164529,5.0,0.0,0.0,5.0,200910,1000
climatology,LA-LM,200911,2,5.652562,6.0,0.0,0.0,6.0,200910,1000
climatology,LA-LM,200912,3,4.0,4.0,0.0,0.0,4.0,200910,1000
climatology,LA-LP,200801,1,0.1999999999999999,0.0,1.0,1.0,0.0,200801,1000
climatology,LA-LP,200802,2,13.92,16.0,0.0,0.0,16.0,200801,1000
climatology,LA-LP,200803,3,20.81,22.0,0.0,0.0,22.0,200801,1000
climatology,LA-LP,200804,1,31.229999999999997,32.5,0.0,0.0,33.0,200804,1000
climatology,LA-LP,200805,2,107.3,113.0,0.0,0.0,116.0,200804,1000
climatology,LA-LP,200806,3,132.97,153.0,0.0,0.0,160.0,200804,1000
climatology,LA-LP,200807,1,10.659999999999998,13.5,1.0,0.0,16.0,200807,1000
climatology,LA-LP,200808,2,12.43,17.0,1.0,1.0,13.0,200807,1000
climatology,LA-LP,200809,3,10.5,12.5,1.0,1.0,14.0,200807,1000
climatology,LA-LP,200810,1,9.55,15.0,1.0,0.0,33.0,200810,1000
climatology,LA-LP,200811,2,103.0,107.0,0.0,0.0,116.0,200810,1000
climatology,LA-LP,200812,3,126.82,158.5,0.0,0.0,161.0,200810,1000
climatology,LA-LP,200901,1,0.16562,0.0,1.0,1.0,0.0,200901,1000
climatology,LA-LP,200902,2,0.5962320000000001,0.0,1.0,1.0,0.0,200901,1000
climatology,LA-LP,200903,3,0.4720169999999997,0.0,1.0,1.0,0.0,200901,1000
climatology,LA-LP,200904,1,0.8104469999999999,1.0,1.0,1.0,0.0,200904,1000
climatology,LA-LP,200905,2,3.589589,3.0,1.0,0.0,0.0,200904,1000
climatology,LA-LP,200906,3,5.813261999999998,0.0,1.0,1.0,9.0,200904,1000
climatology,LA-LP,200907,1,4.452995999999999,2.0,1.0,1.0,30.0,200907,1000
climatology,LA-LP,200908,2,8.377825999999999,2.0,1.0,1.0,32.0,200907,1000
climatology,LA-LP,200909,3,238.358321,292.0,0.0,0.0,313.0,200907,1000
climatology,LA-LP,200910,1,126.23871400000002,147.0,0.0,0.0,165.0,200910,1000
climatology,LA-LP,200911,2,61.383126999999995,78.0,0.0,0.0,87.0,200910,1000
climatology,LA-LP,200912,3,7.821726000000002,3.0,1.0,1.0,0.0,200910,1000
climatology,LA-OU,200801,1,0.0,0.0,1.0,1.0,0.0,200801,1000
climatology,LA-OU,200802,2,0.0,0.0,1.0,1.0,0.0,200801,1000
climatology,LA-OU,200803,3,0.0,0.0,1.0,1.0,0.0,200801,1000
climatology,LA-OU,200804,1,0.0,0.0,1.0,1.0,0.0,200804,1000
climatology,LA-OU,200805,2,0.01,0.0,1.0,1.0,0.0,200804,1000
climatology,LA-OU,200806,3,0.01,0.0,1.0,1.0,0.0,200804,1000
climatology,LA-OU,200807,1,0.04,0.0,1.0,1.0,0.0,200807,1000
climatology,LA-OU,200808,2,0.12,0.0,1.0,1.0,0.0,200807,1000
climatology,LA-OU,200809,3,0.04,0.0,1.0,1.0,0.0,200807,1000
climatology,LA-OU,200810,1,0.0799999999999999,0.0,1.0,1.0,0.0,200810,1000
climatology,LA-OU,200811,2,0.01,0.0,1.0,1.0,0.0,200810,1000
climatology,LA-OU,200812,3,0.0,0.0,1.0,1.0,0.0,200810,1000
climatology,LA-OU,200901,1,0.0,0.0,1.0,1.0,0.0,200901,1000
climatology,LA-OU,200902,2,0.0,0.0,1.0,1.0,0.0,200901,1000
climatology,LA-OU,200903,3,0.0,0.0,1.0,1.0,0.0,200901,1000
climatology,LA-OU,200904,1,0.0,0.0,1.0,1.0,0.0,200904,1000
climatology,LA-OU,200905,2,0.0082809999999999,0.0,1.0,1.0,0.0,200904,1000
climatology,LA-OU,200906,3,0.0082809999999999,0.0,1.0,1.0,0.0,200904,1000
climatology,LA-OU,200907,1,0.0331239999999999,0.0,1.0,1.0,0.0,200907,1000
climatology,LA-OU,200908,2,0.7353719999999999,1.0,1.0,0.0,1.0,200907,1000
climatology,LA-OU,200909,3,14.669124,15.0,0.0,0.0,15.0,200907,1000
climatology,LA-OU,200910,1,4.974247999999999,6.0,0.0,0.0,6.0,200910,1000
climatology,LA-OU,200911,2,12.826281,13.0,0.0,0.0,13.0,200910,1000
climatology,LA-OU,200912,3,18.0,18.0,0.0,0.0,18.0,200910,1000
climatology,LA-PH,200901,1,0.0,0.0,1.0,1.0,0.0,200901,1000
climatology,LA-PH,200902,2,0.0,0.0,1.0,1.0,0.0,200901,1000
climatology,LA-PH,200903,3,0.0,0.0,1.0,1.0,0.0,200901,1000
climatology,LA-PH,200904,1,0.0,0.0,1.0,1.0,0.0,200904,1000
climatology,LA-PH,200905,2,0.0,0.0,1.0,1.0,0.0,200904,1000
climatology,LA-PH,200906,3,0.0,0.0,1.0,1.0,0.0,200904,1000
climatology,LA-PH,200907,1,0.0,0.0,1.0,1.0,0.0,200907,1000
climatology,LA-PH,200909,3,0.04,0.0,1.0,1.0,0.0,200907,1000
climatology,LA-PH,200910,1,0.0,0.0,1.0,1.0,0.0,200910,1000
climatology,LA-PH,200911,2,0.0,0.0,1.0,1.0,0.0,200910,1000
climatology,LA-PH,200912,3,0.0,0.0,1.0,1.0,0.0,200910,1000
climatology,LA-SL,200801,1,0.1099999999999999,0.0,1.0,1.0,0.0,200801,1000
climatology,LA-SL,200802,2,1.0,1.0,0.0,0.0,1.0,200801,1000
climatology,LA-SL,200803,3,4.62,5.0,0.0,0.0,5.0,200801,1000
climatology,LA-SL,200804,1,2.0,2.0,0.0,0.0,2.0,200804,1000
climatology,LA-SL,200805,2,82.75,105.0,0.0,0.0,105.0,200804,1000
climatology,LA-SL,200806,3,206.97,226.0,0.0,0.0,226.0,200804,1000
climatology,LA-SL,200807,1,75.25,77.0,0.0,0.0,78.0,200807,1000
climatology,LA-SL,200808,2,52.45,62.0,0.0,0.0,63.0,200807,1000
climatology,LA-SL,200809,3,76.05,85.0,0.0,0.0,85.0,200807,1000
climatology,LA-SL,200810,1,89.54,91.0,0.0,0.0,91.0,200810,1000
climatology,LA-SL,200811,2,19.16,21.0,0.0,0.0,21.0,200810,1000
climatology,LA-SL,200812,3,5.69,8.0,0.0,0.0,8.0,200810,1000
climatology,LA-SL,200901,1,0.545091,1.0,1.0,1.0,1.0,200901,1000
climatology,LA-SL,200902,2,23.826281,24.0,0.0,0.0,24.0,200901,1000
climatology,LA-SL,200903,3,23.817091,25.0,0.0,0.0,25.0,200901,1000
climatology,LA-SL,200904,1,18.652562,19.0,0.0,0.0,19.0,200904,1000
climatology,LA-SL,200905,2,83.899938,122.0,0.0,0.0,122.0,200904,1000
climatology,LA-SL,200906,3,30.133145000000003,42.0,1.0,0.0,42.0,200904,1000
climatology,LA-SL,200907,1,148.17646399999998,163.0,0.0,0.0,164.0,200907,1000
climatology,LA-SL,200908,2,107.331804,125.0,0.0,0.0,127.0,200907,1000
climatology,LA-SL,200909,3,68.83130799999999,91.0,0.0,0.0,91.0,200907,1000
climatology,LA-SL,200910,1,76.984001,94.0,0.0,0.0,94.0,200910,1000
climatology,LA-SL,200911,2,38.830017000000005,44.0,0.0,0.0,44.0,200910,1000
climatology,LA-SL,200912,3,13.699703,17.0,0.0,0.0,17.0,200910,1000
climatology,LA-SV,200801,1,1.7800000000000002,0.5,1.0,1.0,1.0,200801,1000
climatology,LA-SV,200802,2,0.6200000000000001,0.5,1.0,1.0,1.0,200801,1000
climatology,LA-SV,200803,3,1.42,1.0,1.0,1.0,1.0,200801,1000
climatology,LA-SV,200804,1,6.08,7.0,0.0,0.0,0.0,200804,1000
climatology,LA-SV,200805,2,27.53,36.0,0.0,0.0,1.0,200804,1000
climatology,LA-SV,200806,3,67.57,70.5,1.0,0.0,10.0,200804,1000
climatology,LA-SV,200807,1,150.21999999999997,218.0,1.0,0.0,11.0,200807,1000
climatology,LA-SV,200808,2,140.25,205.0,1.0,0.0,4.0,200807,1000
climatology,LA-SV,200809,3,115.49,178.0,0.0,0.0,2.0,200807,1000
climatology,LA-SV,200810,1,53.19,81.0,1.0,0.0,10.0,200810,1000
climatology,LA-SV,200811,2,12.810000000000002,14.0,1.0,1.0,2.0,200810,1000
climatology,LA-SV,200812,3,8.030000000000001,4.5,1.0,1.0,0.0,200810,1000
climatology,LA-SV,200901,1,1.7460180000000003,1.0,1.0,1.0,0.0,200901,1000
climatology,LA-SV,200902,2,0.6034219999999999,1.0,1.0,1.0,0.0,200901,1000
climatology,LA-SV,200903,3,1.0848110000000002,0.0,1.0,1.0,0.0,200901,1000
climatology,LA-SV,200904,1,5.027028,6.0,1.0,0.0,0.0,200904,1000
climatology,LA-SV,200905,2,23.760858999999996,31.0,0.0,0.0,0.0,200904,1000
climatology,LA-SV,200906,3,63.428528,72.0,0.0,0.0,1.0,200904,1000
climatology,LA-SV,200907,1,123.24315,212.0,1.0,1.0,13.0,200907,1000
climatology,LA-SV,200908,2,102.30625,137.0,1.0,1.0,34.0,200907,1000
climatology,LA-SV,200909,3,77.799763,132.0,1.0,1.0,48.0,200907,1000
climatology,LA-SV,200910,1,41.95170999999999,73.0,1.0,1.0,16.0,200910,1000
climatology,LA-SV,200911,2,12.497231,19.0,1.0,1.0,33.0,200910,1000
climatology,LA-SV,200912,3,6.103097000000002,0.0,1.0,1.0,4.0,200910,1000
climatology,LA-VT,200801,1,10.87,11.0,1.0,1.0,29.0,200801,1000
climatology,LA-VT,200802,2,9.38,14.5,0.0,0.0,12.0,200801,1000
climatology,LA-VT,200803,3,4.52,2.5,1.0,1.0,26.0,200801,1000
climatology,LA-VT,200804,1,36.69,50.0,0.0,0.0,4.0,200804,1000
climatology,LA-VT,200805,2,62.27,92.0,0.0,0.0,17.0,200804,1000
climatology,LA-VT,200806,3,83.00999999999999,93.0,0.0,0.0,60.0,200804,1000
climatology,LA-VT,200807,1,191.24999999999997,247.0,0.0,0.0,132.0,200807,1000
climatology,LA-VT,200808,2,165.86,220.0,0.0,0.0,144.0,200807,1000
climatology,LA-VT,200809,3,113.29999999999998,176.5,1.0,0.0,158.0,200807,1000
climatology,LA-VT,200810,1,129.48000000000002,243.5,0.0,0.0,95.0,200810,1000
climatology,LA-VT,200811,2,36.84,40.5,1.0,1.0,129.0,200810,1000
climatology,LA-VT,200812,3,17.979999999999997,8.0,1.0,1.0,91.0,200810,1000
climatology,LA-VT,200901,1,7.815081999999997,2.0,1.0,1.0,38.0,200901,1000
climatology,LA-VT,200902,2,3.934482,6.0,1.0,1.0,20.0,200901,1000
climatology,LA-VT,200903,3,7.282829999999999,9.0,1.0,0.0,19.0,200901,1000
climatology,LA-VT,200904,1,9.680054000000002,20.0,1.0,1.0,33.0,200904,1000
climatology,LA-VT,200905,2,27.720475,55.0,1.0,1.0,54.0,200904,1000
climatology,LA-VT,200906,3,38.075081999999995,45.0,1.0,0.0,104.0,200904,1000
climatology,LA-VT,200907,1,86.36204900000001,46.0,1.0,1.0,302.0,200907,1000
climatology,LA-VT,200908,2,101.891894,104.0,1.0,1.0,356.0,200907,1000
climatology,LA-VT,200909,3,112.384425,153.0,1.0,1.0,470.0,200907,1000
climatology,LA-VT,200910,1,145.485435,277.0,0.0,0.0,527.0,200910,1000
climatology,LA-VT,200911,2,297.66520299999996,381.0,0.0,0.0,521.0,200910,1000
climatology,LA-VT,200912,3,224.551238,275.0,0.0,0.0,366.0,200910,1000
climatology,LA-XA,200801,1,0.17,0.0,1.0,1.0,0.0,200801,1000
climatology,LA-XA,200802,2,0.9500000000000002,0.0,1.0,1.0,0.0,200801,1000
climatology,LA-XA,200803,3,0.7399999999999998,0.5,1.0,1.0,0.0,200801,1000
climatology,LA-XA,200804,1,3.460000000000001,2.5,0.0,0.0,0.0,200804,1000
climatology,LA-XA,200805,2,5.659999999999997,0.5,1.0,1.0,2.0,200804,1000
climatology,LA-XA,200806,3,14.03,1.5,1.0,1.0,6.0,200804,1000
climatology,LA-XA,200807,1,24.69,49.0,1.0,1.0,19.0,200807,1000
climatology,LA-XA,200808,2,9.729999999999997,8.0,1.0,1.0,7.0,200807,1000
climatology,LA-XA,200809,3,4.75,2.0,1.0,0.0,1.0,200807,1000
climatology,LA-XA,200810,1,1.5699999999999994,1.0,1.0,1.0,3.0,200810,1000
climatology,LA-XA,200811,2,1.83,1.5,1.0,0.0,2.0,200810,1000
climatology,LA-XA,200812,3,1.9600000000000009,1.0,1.0,1.0,1.0,200810,1000
climatology,LA-XA,200901,1,0.1407769999999999,0.0,1.0,1.0,0.0,200901,1000
climatology,LA-XA,200902,2,0.7866949999999999,0.0,1.0,1.0,0.0,200901,1000
climatology,LA-XA,200903,3,0.6127940000000001,0.0,1.0,1.0,0.0,200901,1000
climatology,LA-XA,200904,1,2.8624980000000004,2.0,1.0,0.0,0.0,200904,1000
climatology,LA-XA,200905,2,4.777046000000006,1.0,1.0,1.0,1.0,200904,1000
climatology,LA-XA,200906,3,13.430243,8.0,1.0,1.0,14.0,200904,1000
climatology,LA-XA,200907,1,22.570512,55.0,1.0,1.0,11.0,200907,1000
climatology,LA-XA,200908,2,13.305413,30.0,1.0,1.0,37.0,200907,1000
climatology,LA-XA,200909,3,6.654747,8.0,1.0,1.0,11.0,200907,1000
climatology,LA-XA,200910,1,2.0250260000000004,3.0,1.0,1.0,5.0,200910,1000
climatology,LA-XA,200911,2,3.421968000000001,4.0,1.0,0.0,5.0,200910,1000
climatology,LA-XA,200912,3,1.5319850000000006,0.0,1.0,1.0,0.0,200910,1000
climatology,LA-XE,200801,1,0.09,0.0,1.0,1.0,0.0,200801,1000
climatology,LA-XE,200802,2,0.12,0.0,1.0,1.0,0.0,200801,1000
climatology,LA-XE,200803,3,0.0,0.0,1.0,1.0,0.0,200801,1000
climatology,LA-XE,200804,1,0.0246419999999999,0.0,1.0,1.0,0.0,200804,1000
climatology,LA-XE,200805,2,0.08,0.0,1.0,1.0,0.0,200804,1000
climatology,LA-XE,200806,3,3.15,4.5,0.0,0.0,5.0,200804,1000
climatology,LA-XE,200807,1,0.4000000000000001,0.0,1.0,1.0,0.0,200807,1000
climatology,LA-XE,200808,2,0.1899999999999999,0.0,1.0,1.0,0.0,200807,1000
climatology,LA-XE,200809,3,0.6699999999999999,1.0,1.0,1.0,1.0,200807,1000
climatology,LA-XE,200810,1,0.5599999999999998,0.5,1.0,1.0,0.0,200810,1000
climatology,LA-XE,200811,2,0.0246419999999999,0.0,1.0,1.0,0.0,200810,1000
climatology,LA-XE,200812,3,0.790321,1.0,1.0,0.0,1.0,200810,1000
climatology,LA-XE,200901,1,0.074529,0.0,1.0,1.0,0.0,200901,1000
climatology,LA-XE,200902,2,1.371372,2.0,1.0,0.0,2.0,200901,1000
climatology,LA-XE,200903,3,2.0,2.0,0.0,0.0,2.0,200901,1000
climatology,LA-XE,200904,1,0.8200000000000001,1.0,0.0,0.0,1.0,200904,1000
climatology,LA-XE,200905,2,1.338248,2.0,1.0,0.0,2.0,200904,1000
climatology,LA-XE,200906,3,6.6023309999999995,8.0,0.0,0.0,9.0,200904,1000
climatology,LA-XE,200907,1,26.41924,29.0,0.0,0.0,29.0,200907,1000
climatology,LA-XE,200908,2,25.883339,27.0,0.0,0.0,27.0,200907,1000
climatology,LA-XE,200909,3,4.097554,6.0,0.0,0.0,6.0,200907,1000
climatology,LA-XE,200910,1,4.551736,7.0,0.0,0.0,7.0,200910,1000
climatology,LA-XE,200911,2,2.6199999999999997,3.0,0.0,0.0,3.0,200910,1000
climatology,LA-XE,200912,3,6.64,7.0,0.0,0.0,7.0,200910,1000
climatology,LA-XI,200801,1,0.0,0.0,1.0,1.0,0.0,200801,1000
climatology,LA-XI,200802,2,0.0,0.0,1.0,1.0,0.0,200801,1000
climatology,LA-XI,200803,3,0.0,0.0,1.0,1.0,0.0,200801,1000
climatology,LA-XI,200804,1,0.0,0.0,1.0,1.0,0.0,200804,1000
climatology,LA-XI,200805,2,0.0,0.0,1.0,1.0,0.0,200804,1000
climatology,LA-XI,200806,3,1.0,1.0,0.0,0.0,1.0,200804,1000
climatology,LA-XI,200807,1,0.0,0.0,1.0,1.0,0.0,200807,1000
climatology,LA-XI,200808,2,0.02,0.0,1.0,1.0,0.0,200807,1000
climatology,LA-XI,200809,3,0.01,0.0,1.0,1.0,0.0,200807,1000
climatology,LA-XI,200810,1,0.0,0.0,1.0,1.0,0.0,200810,1000
climatology,LA-XI,200811,2,0.01,0.0,1.0,1.0,0.0,200810,1000
climatology,LA-XI,200812,3,0.0,0.0,1.0,1.0,0.0,200810,1000
climatology,LA-XI,200901,1,0.0,0.0,1.0,1.0,0.0,200901,1000
climatology,LA-XI,200902,2,0.0,0.0,1.0,1.0,0.0,200901,1000
climatology,LA-XI,200903,3,0.0,0.0,1.0,1.0,0.0,200901,1000
climatology,LA-XI,200904,1,0.0,0.0,1.0,1.0,0.0,200904,1000
climatology,LA-XI,200905,2,39.0,39.0,0.0,0.0,39.0,200904,1000
climatology,LA-XI,200906,3,32.826281,33.0,0.0,0.0,33.0,200904,1000
climatology,LA-XI,200907,1,1.0,1.0,0.0,0.0,1.0,200907,1000
climatology,LA-XI,200908,2,9.652562,10.0,0.0,0.0,10.0,200907,1000
climatology,LA-XI,200909,3,0.0082809999999999,0.0,1.0,1.0,0.0,200907,1000
climatology,LA-XI,200910,1,0.0,0.0,1.0,1.0,0.0,200910,1000
climatology,LA-XI,200911,2,0.0082809999999999,0.0,1.0,1.0,0.0,200910,1000
climatology,LA-XI,200912,3,0.0,0.0,1.0,1.0,0.0,200910,1000
hier_nb,LA-AT,200801,1,3.788421,4.0,0.0,0.0,4.0,200801,1000
hier_nb,LA-AT,200802,2,1.911393,2.0,0.0,0.0,2.0,200801,1000
hier_nb,LA-AT,200803,3,0.0052099999999999,0.0,1.0,1.0,0.0,200801,1000
hier_nb,LA-AT,200804,1,0.0526569999999999,0.0,1.0,1.0,0.0,200804,1000
hier_nb,LA-AT,200805,2,2.7854750000000004,4.0,1.0,0.0,4.0,200804,1000
hier_nb,LA-AT,200806,3,7.509414,10.0,0.0,0.0,10.0,200804,1000
hier_nb,LA-AT,200807,1,3.5880270000000003,6.0,1.0,0.0,6.0,200807,1000
hier_nb,LA-AT,200808,2,6.260508999999999,11.0,1.0,0.0,11.0,200807,1000
hier_nb,LA-AT,200809,3,17.36968,24.0,0.0,0.0,24.0,200807,1000
hier_nb,LA-AT,200810,1,42.642360999999994,47.0,0.0,0.0,47.0,200810,1000
hier_nb,LA-AT,200811,2,39.520303,43.0,0.0,0.0,43.0,200810,1000
hier_nb,LA-AT,200812,3,21.312028,23.0,0.0,0.0,23.0,200810,1000
hier_nb,LA-AT,200901,1,16.620842,18.0,0.0,0.0,18.0,200901,1000
hier_nb,LA-AT,200902,2,45.191501,46.0,0.0,0.0,46.0,200901,1000
hier_nb,LA-AT,200903,3,75.106387,77.0,0.0,0.0,77.0,200901,1000
hier_nb,LA-AT,200904,1,92.06734,99.0,0.0,0.0,99.0,200904,1000
hier_nb,LA-AT,200905,2,2.0711830000000013,1.0,1.0,1.0,0.0,200904,1000
hier_nb,LA-AT,200906,3,13.843083999999998,22.0,1.0,0.0,24.0,200904,1000
hier_nb,LA-AT,200907,1,41.582814000000006,62.0,1.0,0.0,64.0,200907,1000
hier_nb,LA-AT,200908,2,14.750611,21.0,1.0,0.0,21.0,200907,1000
hier_nb,LA-AT,200909,3,10.220502999999995,16.0,1.0,0.0,17.0,200907,1000
hier_nb,LA-AT,200910,1,2.199496,4.0,1.0,1.0,4.0,200910,1000
hier_nb,LA-AT,200911,2,12.343198,16.0,0.0,0.0,16.0,200910,1000
hier_nb,LA-AT,200912,3,4.771692,6.0,0.0,0.0,6.0,200910,1000
hier_nb,LA-BK,200801,1,0.8687229999999999,1.0,0.0,0.0,1.0,200801,1000
hier_nb,LA-BK,200802,2,0.0019649999999999,0.0,1.0,1.0,0.0,200801,1000
hier_nb,LA-BK,200803,3,0.009537,0.0,1.0,1.0,0.0,200801,1000
hier_nb,LA-BK,200804,1,0.0270789999999999,0.0,1.0,1.0,0.0,200804,1000
hier_nb,LA-BK,200805,2,11.42761,12.0,0.0,0.0,12.0,200804,1000
hier_nb,LA-BK,200806,3,51.516767,53.0,0.0,0.0,53.0,200804,1000
hier_nb,LA-BK,200807,1,1.091088,2.0,1.0,1.0,2.0,200807,1000
hier_nb,LA-BK,200808,2,5.396069,8.0,1.0,0.0,9.0,200807,1000
hier_nb,LA-BK,200809,3,26.198098,32.0,0.0,0.0,33.0,200807,1000
hier_nb,LA-BK,200810,1,44.570442,48.0,0.0,0.0,48.0,200810,1000
hier_nb,LA-BK,200811,2,52.219245,55.0,0.0,0.0,55.0,200810,1000
hier_nb,LA-BK,200812,3,4.16295,5.0,0.0,0.0,5.0,200810,1000
hier_nb,LA-BK,200901,1,0.607221,1.0,1.0,0.0,1.0,200901,1000
hier_nb,LA-BK,200902,2,0.0473609999999999,0.0,1.0,1.0,0.0,200901,1000
hier_nb,LA-BK,200903,3,0.754136,1.0,1.0,0.0,1.0,200901,1000
hier_nb,LA-BK,200904,1,2.531204,3.0,0.0,0.0,3.0,200904,1000
hier_nb,LA-BK,200905,2,71.54265699999999,74.0,0.0,0.0,74.0,200904,1000
hier_nb,LA-BK,200906,3,208.947278,216.0,0.0,0.0,216.0,200904,1000
hier_nb,LA-BK,200907,1,191.219989,211.0,0.0,0.0,212.0,200907,1000
hier_nb,LA-BK,200908,2,85.987102,108.0,0.0,0.0,110.0,200907,1000
hier_nb,LA-BK,200909,3,35.239885,50.0,0.0,0.0,52.0,200907,1000
hier_nb,LA-BK,200910,1,21.561045999999997,30.0,0.0,0.0,31.0,200910,1000
hier_nb,LA-BK,200911,2,2.6993550000000006,4.0,1.0,0.0,5.0,200910,1000
hier_nb,LA-BK,200912,3,2.734375,4.0,0.0,0.0,4.0,200910,1000
hier_nb,LA-BL,200801,1,3.5270390000000003,6.0,1.0,0.0,10.0,200801,1000
hier_nb,LA-BL,200802,2,4.231488000000001,6.0,0.0,0.0,7.0,200801,1000
hier_nb,LA-BL,200803,3,0.3931769999999999,0.0,1.0,1.0,1.0,200801,1000
hier_nb,LA-BL,200804,1,1.0806240000000005,0.0,1.0,1.0,3.0,200804,1000
hier_nb,LA-BL,200805,2,5.575555999999999,10.0,1.0,0.0,15.0,200804,1000
hier_nb,LA-BL,200806,3,6.803504999999998,2.0,1.0,1.0,19.0,200804,1000
hier_nb,LA-BL,200807,1,14.140247000000002,15.0,1.0,1.0,31.0,200807,1000
hier_nb,LA-BL,200808,2,14.733270000000005,15.0,1.0,1.0,32.0,200807,1000
hier_nb,LA-BL,200809,3,15.122698999999995,14.0,1.0,1.0,30.0,200807,1000
hier_nb,LA-BL,200810,1,16.423255,24.0,1.0,0.0,5.0,200810,1000
hier_nb,LA-BL,200811,2,6.658467999999999,6.0,1.0,1.0,12.0,200810,1000
hier_nb,LA-BL,200812,3,3.148053,5.0,1.0,1.0,1.0,200810,1000
hier_nb,LA-BL,200901,1,0.8563179999999999,0.0,1.0,1.0,2.0,200901,1000
hier_nb,LA-BL,200902,2,1.155479,2.0,1.0,0.0,3.0,200901,1000
hier_nb,LA-BL,200903,3,1.02629,1.0,1.0,1.0,0.0,200901,1000
hier_nb,LA-BL,200904,1,1.346961,1.0,1.0,1.0,2.0,200904,1000
hier_nb,LA-BL,200905,2,14.101530999999998,20.0,0.0,0.0,0.0,200904,1000
hier_nb,LA-BL,200906,3,14.141430999999995,19.0,1.0,0.0,7.0,200904,1000
hier_nb,LA-BL,200907,1,12.998627,7.0,1.0,1.0,35.0,200907,1000
hier_nb,LA-BL,200908,2,23.305617999999996,33.0,1.0,0.0,9.0,200907,1000
hier_nb,LA-BL,200909,3,32.285911999999996,45.0,0.0,0.0,0.0,200907,1000
hier_nb,LA-BL,200910,1,22.644665,32.0,0.0,0.0,1.0,200910,1000
hier_nb,LA-BL,200911,2,12.614133,18.0,1.0,0.0,2.0,200910,1000
hier_nb,LA-BL,200912,3,1.710693,2.0,1.0,1.0,1.0,200910,1000
hier_nb,LA-CH,200801,1,42.307985,65.0,1.0,0.0,73.0,200801,1000
hier_nb,LA-CH,200802,2,66.59802400000001,86.5,0.0,0.0,90.0,200801,1000
hier_nb,LA-CH,200803,3,61.07289000000001,86.0,0.0,0.0,92.0,200801,1000
hier_nb,LA-CH,200804,1,34.510819999999995,58.0,1.0,0.0,69.0,200804,1000
hier_nb,LA-CH,200805,2,53.14854299999999,91.0,1.0,0.0,113.0,200804,1000
hier_nb,LA-CH,200806,3,155.28667700000003,253.0,1.0,0.0,295.0,200804,1000
hier_nb,LA-CH,200807,1,64.11573800000002,82.0,1.0,1.0,162.0,200807,1000
hier_nb,LA-CH,200808,2,57.19540699999999,78.5,1.0,1.0,143.0,200807,1000
hier_nb,LA-CH,200809,3,74.03386400000002,125.0,1.0,0.0,185.0,200807,1000
hier_nb,LA-CH,200810,1,63.753767999999994,110.0,1.0,0.0,140.0,200810,1000
hier_nb,LA-CH,200811,2,45.281513,78.0,1.0,0.0,102.0,200810,1000
hier_nb,LA-CH,200812,3,34.086786,59.0,1.0,0.0,73.0,200810,1000
hier_nb,LA-CH,200901,1,13.006018999999998,22.0,1.0,1.0,31.0,200901,1000
hier_nb,LA-CH,200902,2,30.165069000000003,44.0,0.0,0.0,48.0,200901,1000
hier_nb,LA-CH,200903,3,33.320268999999996,53.0,1.0,0.0,60.0,200901,1000
hier_nb,LA-CH,200904,1,55.924188,87.0,1.0,0.0,102.0,200904,1000
hier_nb,LA-CH,200905,2,31.24918599999998,15.0,1.0,1.0,66.0,200904,1000
hier_nb,LA-CH,200906,3,46.80479300000002,61.0,1.0,1.0,124.0,200904,1000
hier_nb,LA-CH,200907,1,50.262812,42.0,1.0,1.0,122.0,200907,1000
hier_nb,LA-CH,200908,2,41.511116999999985,49.0,1.0,1.0,110.0,200907,1000
hier_nb,LA-CH,200909,3,38.70018300000001,52.0,1.0,1.0,105.0,200907,1000
hier_nb,LA-CH,200910,1,23.259185,29.0,1.0,1.0,59.0,200910,1000
hier_nb,LA-CH,200911,2,15.514775,12.0,1.0,1.0,35.0,200910,1000
hier_nb,LA-CH,200912,3,12.177158999999996,17.0,1.0,1.0,32.0,200910,1000
hier_nb,LA-HO,200801,1,0.0021839999999999,0.0,1.0,1.0,0.0,200801,1000
hier_nb,LA-HO,200802,2,0.000226,0.0,1.0,1.0,0.0,200801,1000
hier_nb,LA-HO,200803,3,0.0011599999999999,0.0,1.0,1.0,0.0,200801,1000
hier_nb,LA-HO,200804,1,0.0050769999999999,0.0,1.0,1.0,0.0,200804,1000
hier_nb,LA-HO,200805,2,0.0034189999999999,0.0,1.0,1.0,0.0,200804,1000
hier_nb,LA-HO,200806,3,0.021142,0.0,1.0,1.0,0.0,200804,1000
hier_nb,LA-HO,200807,1,0.0928029999999999,0.0,1.0,1.0,0.0,200807,1000
hier_nb,LA-HO,200808,2,0.138338,0.0,1.0,1.0,0.0,200807,1000
hier_nb,LA-HO,200809,3,0.6922510000000001,1.0,1.0,0.0,1.0,200807,1000
hier_nb,LA-HO,200810,1,0.0213509999999999,0.0,1.0,1.0,0.0,200810,1000
hier_nb,LA-HO,200811,2,0.0056389999999999,0.0,1.0,1.0,0.0,200810,1000
hier_nb,LA-HO,200812,3,0.960427,1.0,0.0,0.0,1.0,200810,1000
hier_nb,LA-HO,200901,1,0.000789,0.0,1.0,1.0,0.0,200901,1000
hier_nb,LA-HO,200902,2,9.99999999999994e-05,0.0,1.0,1.0,0.0,200901,1000
hier_nb,LA-HO,200903,3,0.000746,0.0,1.0,1.0,0.0,200901,1000
hier_nb,LA-HO,200904,1,0.0013729999999999,0.0,1.0,1.0,0.0,200904,1000
hier_nb,LA-HO,200905,2,0.014469,0.0,1.0,1.0,0.0,200904,1000
hier_nb,LA-HO,200906,3,0.042634,0.0,1.0,1.0,0.0,200904,1000
hier_nb,LA-HO,200907,1,0.1437809999999999,0.0,1.0,1.0,0.0,200907,1000
hier_nb,LA-HO,200908,2,0.1578049999999999,0.0,1.0,1.0,0.0,200907,1000
hier_nb,LA-HO,200909,3,0.699121,1.0,1.0,0.0,1.0,200907,1000
hier_nb,LA-HO,200910,1,0.772155,1.0,1.0,0.0,1.0,200910,1000
hier_nb,LA-HO,200911,2,0.8431929999999999,1.0,0.0,0.0,1.0,200910,1000
hier_nb,LA-HO,200912,3,0.944801,1.0,0.0,0.0,1.0,200910,1000
hier_nb,LA-KH,200801,1,0.492458,0.0,1.0,1.0,0.0,200801,1000
hier_nb,LA-KH,200802,2,0.1125039999999999,0.0,1.0,1.0,0.0,200801,1000
hier_nb,LA-KH,200803,3,0.086735,0.0,1.0,1.0,0.0,200801,1000
hier_nb,LA-KH,200804,1,0.2558879999999999,0.0,1.0,1.0,0.0,200804,1000
hier_nb,LA-KH,200805,2,0.5926149999999999,0.0,1.0,1.0,0.0,200804,1000
hier_nb,LA-KH,200806,3,2.553848000000002,1.0,1.0,1.0,1.0,200804,1000
hier_nb,LA-KH,200807,1,6.7093129999999945,2.0,1.0,1.0,3.0,200807,1000
hier_nb,LA-KH,200808,2,6.868336999999997,5.0,1.0,1.0,0.0,200807,1000
hier_nb,LA-KH,200809,3,6.101644,1.0,1.0,1.0,4.0,200807,1000
hier_nb,LA-KH,200810,1,3.6667750000000017,1.0,1.0,1.0,1.0,200810,1000
hier_nb,LA-KH,200811,2,2.005794,3.0,1.0,1.0,3.0,200810,1000
hier_nb,LA-KH,200812,3,2.605924,4.0,1.0,0.0,4.0,200810,1000
hier_nb,LA-KH,200901,1,0.1125249999999999,0.0,1.0,1.0,0.0,200901,1000
hier_nb,LA-KH,200902,2,0.096143,0.0,1.0,1.0,0.0,200901,1000
hier_nb,LA-KH,200903,3,4.415616,6.0,0.0,0.0,6.0,200901,1000
hier_nb,LA-KH,200904,1,0.3531140000000001,0.0,1.0,1.0,0.0,200904,1000
hier_nb,LA-KH,200905,2,3.5484779999999994,5.0,1.0,1.0,6.0,200904,1000
hier_nb,LA-KH,200906,3,47.692766000000006,74.0,0.0,0.0,80.0,200904,1000
hier_nb,LA-KH,200907,1,106.157975,149.0,0.0,0.0,155.0,200907,1000
hier_nb,LA-KH,200908,2,227.019947,291.5,0.0,0.0,303.0,200907,1000
hier_nb,LA-KH,200909,3,198.099279,261.0,0.0,0.0,277.0,200907,1000
hier_nb,LA-KH,200910,1,46.021879,75.0,1.0,0.0,85.0,200910,1000
hier_nb,LA-KH,200911,2,36.140759,55.0,1.0,0.0,61.0,200910,1000
hier_nb,LA-KH,200912,3,54.637064,66.0,0.0,0.0,67.0,200910,1000
hier_nb,LA-LM,200801,1,0.000547,0.0,1.0,1.0,0.0,200801,1000
hier_nb,LA-LM,200802,2,0.0001379999999999,0.0,1.0,1.0,0.0,200801,1000
hier_nb,LA-LM,200803,3,0.0003669999999999,0.0,1.0,1.0,0.0,200801,1000
hier_nb,LA-LM,200804,1,0.001228,0.0,1.0,1.0,0.0,200804,1000
hier_nb,LA-LM,200805,2,0.0035589999999999,0.0,1.0,1.0,0.0,200804,1000
hier_nb,LA-LM,200806,3,0.014485,0.0,1.0,1.0,0.0,200804,1000
hier_nb,LA-LM,200807,1,0.078216,0.0,1.0,1.0,0.0,200807,1000
hier_nb,LA-LM,200808,2,0.0635239999999999,0.0,1.0,1.0,0.0,200807,1000
hier_nb,LA-LM,200809,3,0.0513080000000001,0.0,1.0,1.0,0.0,200807,1000
hier_nb,LA-LM,200810,1,0.007705,0.0,1.0,1.0,0.0,200810,1000
hier_nb,LA-LM,200811,2,0.0017689999999999,0.0,1.0,1.0,0.0,200810,1000
hier_nb,LA-LM,200812,3,0.0001679999999999,0.0,1.0,1.0,0.0,200810,1000
hier_nb,LA-LM,200901,1,9.400000000000032e-05,0.0,1.0,1.0,0.0,200901,1000
hier_nb,LA-LM,200902,2,0.0001209999999999,0.0,1.0,1.0,0.0,200901,1000
hier_nb,LA-LM,200903,3,0.000136,0.0,1.0,1.0,0.0,200901,1000
hier_nb,LA-LM,200904,1,0.978145,1.0,0.0,0.0,1.0,200904,1000
hier_nb,LA-LM,200905,2,0.0056839999999999,0.0,1.0,1.0,0.0,200904,1000
hier_nb,LA-LM,200906,3,1.659561,2.0,0.0,0.0,2.0,200904,1000
hier_nb,LA-LM,200907,1,0.7121059999999999,1.0,1.0,0.0,1.0,200907,1000
hier_nb,LA-LM,200908,2,0.1263019999999999,0.0,1.0,1.0,0.0,200907,1000
hier_nb,LA-LM,200909,3,2.830548,4.0,1.0,0.0,4.0,200907,1000
hier_nb,LA-LM,200910,1,4.240601000000001,5.0,0.0,0.0,5.0,200910,1000
hier_nb,LA-LM,200911,2,5.550443,6.0,0.0,0.0,6.0,200910,1000
hier_nb,LA-LM,200912,3,3.817358,4.0,0.0,0.0,4.0,200910,1000
hier_nb,LA-LP,200801,1,0.8749810000000002,1.0,1.0,1.0,0.0,200801,1000
hier_nb,LA-LP,200802,2,13.724017,15.0,0.0,0.0,16.0,200801,1000
hier_nb,LA-LP,200803,3,19.612303,21.0,0.0,0.0,22.0,200801,1000
hier_nb,LA-LP,200804,1,26.888523,32.0,0.0,0.0,33.0,200804,1000
hier_nb,LA-LP,200805,2,101.689016,112.0,0.0,0.0,116.0,200804,1000
hier_nb,LA-LP,200806,3,119.161012,149.0,0.0,0.0,160.0,200804,1000
hier_nb,LA-LP,200807,1,12.434883,8.0,1.0,1.0,16.0,200807,1000
hier_nb,LA-LP,200808,2,15.196496000000003,14.0,1.0,1.0,13.0,200807,1000
hier_nb,LA-LP,200809,3,13.152888000000004,10.0,1.0,1.0,14.0,200807,1000
hier_nb,LA-LP,200810,1,11.230853,19.0,1.0,1.0,33.0,200810,1000
hier_nb,LA-LP,200811,2,87.895414,109.0,0.0,0.0,116.0,200810,1000
hier_nb,LA-LP,200812,3,151.655717,159.0,0.0,0.0,161.0,200810,1000
hier_nb,LA-LP,200901,1,0.783426,1.0,1.0,1.0,0.0,200901,1000
hier_nb,LA-LP,200902,2,0.6359350000000001,1.0,1.0,1.0,0.0,200901,1000
hier_nb,LA-LP,200903,3,1.021137,1.0,1.0,1.0,0.0,200901,1000
hier_nb,LA-LP,200904,1,0.587523,0.0,1.0,1.0,0.0,200904,1000
hier_nb,LA-LP,200905,2,3.627877999999999,4.0,1.0,1.0,0.0,200904,1000
hier_nb,LA-LP,200906,3,5.054102,0.0,1.0,1.0,9.0,200904,1000
hier_nb,LA-LP,200907,1,10.809123,13.0,1.0,1.0,30.0,200907,1000
hier_nb,LA-LP,200908,2,11.901094,15.0,1.0,1.0,32.0,200907,1000
hier_nb,LA-LP,200909,3,228.58896699999997,292.0,0.0,0.0,313.0,200907,1000
hier_nb,LA-LP,200910,1,103.81275399999998,147.0,0.0,0.0,165.0,200910,1000
hier_nb,LA-LP,200911,2,51.406503,76.0,0.0,0.0,87.0,200910,1000
hier_nb,LA-LP,200912,3,3.00704,4.0,1.0,0.0,0.0,200910,1000
hier_nb,LA-OU,200801,1,0.001453,0.0,1.0,1.0,0.0,200801,1000
hier_nb,LA-OU,200802,2,0.0004839999999999,0.0,1.0,1.0,0.0,200801,1000
hier_nb,LA-OU,200803,3,0.001321,0.0,1.0,1.0,0.0,200801,1000
hier_nb,LA-OU,200804,1,0.0038059999999999,0.0,1.0,1.0,0.0,200804,1000
hier_nb,LA-OU,200805,2,0.00929,0.0,1.0,1.0,0.0,200804,1000
hier_nb,LA-OU,200806,3,0.02665,0.0,1.0,1.0,0.0,200804,1000
hier_nb,LA-OU,200807,1,0.077588,0.0,1.0,1.0,0.0,200807,1000
hier_nb,LA-OU,200808,2,0.090263,0.0,1.0,1.0,0.0,200807,1000
hier_nb,LA-OU,200809,3,0.055228,0.0,1.0,1.0,0.0,200807,1000
hier_nb,LA-OU,200810,1,0.0233559999999999,0.0,1.0,1.0,0.0,200810,1000
hier_nb,LA-OU,200811,2,0.007807,0.0,1.0,1.0,0.0,200810,1000
hier_nb,LA-OU,200812,3,0.0021689999999999,0.0,1.0,1.0,0.0,200810,1000
hier_nb,LA-OU,200901,1,0.0006259999999999,0.0,1.0,1.0,0.0,200901,1000
hier_nb,LA-OU,200902,2,0.000577,0.0,1.0,1.0,0.0,200901,1000
hier_nb,LA-OU,200903,3,0.000843,0.0,1.0,1.0,0.0,200901,1000
hier_nb,LA-OU,200904,1,0.001454,0.0,1.0,1.0,0.0,200904,1000
hier_nb,LA-OU,200905,2,0.0176999999999999,0.0,1.0,1.0,0.0,200904,1000
hier_nb,LA-OU,200906,3,0.0350369999999999,0.0,1.0,1.0,0.0,200904,1000
hier_nb,LA-OU,200907,1,0.085542,0.0,1.0,1.0,0.0,200907,1000
hier_nb,LA-OU,200908,2,0.6161650000000001,1.0,1.0,0.0,1.0,200907,1000
hier_nb,LA-OU,200909,3,13.933883,15.0,0.0,0.0,15.0,200907,1000
hier_nb,LA-OU,200910,1,5.2235439999999995,6.0,0.0,0.0,6.0,200910,1000
hier_nb,LA-OU,200911,2,12.465023,13.0,0.0,0.0,13.0,200910,1000
hier_nb,LA-OU,200912,3,17.751095,18.0,0.0,0.0,18.0,200910,1000
hier_nb,LA-PH,200901,1,2.499999999999985e-05,0.0,1.0,1.0,0.0,200901,1000
hier_nb,LA-PH,200902,2,4.000000000000097e-06,0.0,1.0,1.0,0.0,200901,1000
hier_nb,LA-PH,200903,3,8.999999999999894e-06,0.0,1.0,1.0,0.0,200901,1000
hier_nb,LA-PH,200904,1,2.599999999999998e-05,0.0,1.0,1.0,0.0,200904,1000
hier_nb,LA-PH,200905,2,0.000418,0.0,1.0,1.0,0.0,200904,1000
hier_nb,LA-PH,200906,3,0.00109,0.0,1.0,1.0,0.0,200904,1000
hier_nb,LA-PH,200907,1,0.001134,0.0,1.0,1.0,0.0,200907,1000
hier_nb,LA-PH,200909,3,0.002306,0.0,1.0,1.0,0.0,200907,1000
hier_nb,LA-PH,200910,1,0.000442,0.0,1.0,1.0,0.0,200910,1000
hier_nb,LA-PH,200911,2,0.000359,0.0,1.0,1.0,0.0,200910,1000
hier_nb,LA-PH,200912,3,1.700000000000052e-05,0.0,1.0,1.0,0.0,200910,1000
hier_nb,LA-SL,200801,1,0.062056,0.0,1.0,1.0,0.0,200801,1000
hier_nb,LA-SL,200802,2,0.8322100000000001,1.0,0.0,0.0,1.0,200801,1000
hier_nb,LA-SL,200803,3,4.2619739999999995,5.0,0.0,0.0,5.0,200801,1000
hier_nb,LA-SL,200804,1,1.344569,2.0,1.0,0.0,2.0,200804,1000
hier_nb,LA-SL,200805,2,101.061999,105.0,0.0,0.0,105.0,200804,1000
hier_nb,LA-SL,200806,3,212.072745,225.0,0.0,0.0,226.0,200804,1000
hier_nb,LA-SL,200807,1,56.10452500000001,77.0,0.0,0.0,78.0,200807,1000
hier_nb,LA-SL,200808,2,38.781282,60.0,1.0,0.0,63.0,200807,1000
hier_nb,LA-SL,200809,3,58.060569,82.0,0.0,0.0,85.0,200807,1000
hier_nb,LA-SL,200810,1,73.967708,90.0,0.0,0.0,91.0,200810,1000
hier_nb,LA-SL,200811,2,14.704371000000002,20.0,0.0,0.0,21.0,200810,1000
hier_nb,LA-SL,200812,3,5.760646,8.0,0.0,0.0,8.0,200810,1000
hier_nb,LA-SL,200901,1,0.5405540000000002,1.0,1.0,1.0,1.0,200901,1000
hier_nb,LA-SL,200902,2,22.697285,24.0,0.0,0.0,24.0,200901,1000
hier_nb,LA-SL,200903,3,22.721221,25.0,0.0,0.0,25.0,200901,1000
hier_nb,LA-SL,200904,1,15.781678,19.0,0.0,0.0,19.0,200904,1000
hier_nb,LA-SL,200905,2,97.076889,121.0,0.0,0.0,122.0,200904,1000
hier_nb,LA-SL,200906,3,25.552451999999995,40.0,1.0,0.0,42.0,200904,1000
hier_nb,LA-SL,200907,1,122.284752,161.0,0.0,0.0,164.0,200907,1000
hier_nb,LA-SL,200908,2,86.947722,123.0,0.0,0.0,127.0,200907,1000
hier_nb,LA-SL,200909,3,62.014651,88.0,0.0,0.0,91.0,200907,1000
hier_nb,LA-SL,200910,1,70.31972,92.0,0.0,0.0,94.0,200910,1000
hier_nb,LA-SL,200911,2,31.44028,43.0,0.0,0.0,44.0,200910,1000
hier_nb,LA-SL,200912,3,12.260817,17.0,0.0,0.0,17.0,200910,1000
hier_nb,LA-SV,200801,1,5.328801000000006,3.0,1.0,1.0,1.0,200801,1000
hier_nb,LA-SV,200802,2,1.0829720000000016,0.0,1.0,1.0,1.0,200801,1000
hier_nb,LA-SV,200803,3,1.0075829999999997,1.0,1.0,1.0,1.0,200801,1000
hier_nb,LA-SV,200804,1,3.881684,2.0,1.0,1.0,0.0,200804,1000
hier_nb,LA-SV,200805,2,6.026150000000001,3.0,1.0,1.0,1.0,200804,1000
hier_nb,LA-SV,200806,3,18.91160400000001,7.5,1.0,1.0,10.0,200804,1000
hier_nb,LA-SV,200807,1,46.544580999999994,31.0,1.0,1.0,11.0,200807,1000
hier_nb,LA-SV,200808,2,48.83059500000002,43.0,1.0,0.0,4.0,200807,1000
hier_nb,LA-SV,200809,3,47.765589000000006,43.0,1.0,0.0,2.0,200807,1000
hier_nb,LA-SV,200810,1,25.85982899999999,18.0,1.0,1.0,10.0,200810,1000
hier_nb,LA-SV,200811,2,16.49048600000002,10.0,1.0,1.0,2.0,200810,1000
hier_nb,LA-SV,200812,3,4.1359879999999976,2.0,1.0,1.0,0.0,200810,1000
hier_nb,LA-SV,200901,1,2.6331200000000017,1.5,1.0,1.0,0.0,200901,1000
hier_nb,LA-SV,200902,2,0.8438140000000001,0.0,1.0,1.0,0.0,200901,1000
hier_nb,LA-SV,200903,3,1.3451590000000009,0.0,1.0,1.0,0.0,200901,1000
hier_nb,LA-SV,200904,1,3.6311050000000016,2.0,1.0,1.0,0.0,200904,1000
hier_nb,LA-SV,200905,2,19.500879,14.0,1.0,0.0,0.0,200904,1000
hier_nb,LA-SV,200906,3,31.745621999999997,24.0,1.0,0.0,1.0,200904,1000
hier_nb,LA-SV,200907,1,40.47787500000004,23.0,1.0,1.0,13.0,200907,1000
hier_nb,LA-SV,200908,2,33.49160499999999,5.0,1.0,1.0,34.0,200907,1000
hier_nb,LA-SV,200909,3,33.725495999999964,17.0,1.0,1.0,48.0,200907,1000
hier_nb,LA-SV,200910,1,20.828006999999985,7.0,1.0,1.0,16.0,200910,1000
hier_nb,LA-SV,200911,2,17.65672099999999,16.0,1.0,1.0,33.0,200910,1000
hier_nb,LA-SV,200912,3,6.365251999999998,3.0,1.0,1.0,4.0,200910,1000
hier_nb,LA-VT,200801,1,8.096408,2.0,1.0,1.0,29.0,200801,1000
hier_nb,LA-VT,200802,2,3.652144,2.0,1.0,1.0,12.0,200801,1000
hier_nb,LA-VT,200803,3,6.698067999999999,12.0,1.0,1.0,26.0,200801,1000
hier_nb,LA-VT,200804,1,18.566912999999996,27.0,0.0,0.0,4.0,200804,1000
hier_nb,LA-VT,200805,2,21.194769,31.0,1.0,0.0,17.0,200804,1000
hier_nb,LA-VT,200806,3,72.12087600000001,110.0,1.0,0.0,60.0,200804,1000
hier_nb,LA-VT,200807,1,107.73516,155.5,1.0,1.0,132.0,200807,1000
hier_nb,LA-VT,200808,2,80.659166,109.0,1.0,1.0,144.0,200807,1000
hier_nb,LA-VT,200809,3,73.71560499999998,84.5,1.0,1.0,158.0,200807,1000
hier_nb,LA-VT,200810,1,52.51028799999999,66.0,1.0,1.0,95.0,200810,1000
hier_nb,LA-VT,200811,2,35.08246200000001,3.0,1.0,1.0,129.0,200810,1000
hier_nb,LA-VT,200812,3,22.857355,39.0,1.0,1.0,91.0,200810,1000
hier_nb,LA-VT,200901,1,9.202270000000002,16.0,1.0,1.0,38.0,200901,1000
hier_nb,LA-VT,200902,2,6.050388999999999,11.0,1.0,0.0,20.0,200901,1000
hier_nb,LA-VT,200903,3,4.950262,0.0,1.0,1.0,19.0,200901,1000
hier_nb,LA-VT,200904,1,8.940234999999998,0.0,1.0,1.0,33.0,200904,1000
hier_nb,LA-VT,200905,2,60.847605999999985,84.0,1.0,0.0,54.0,200904,1000
hier_nb,LA-VT,200906,3,69.74499500000002,91.5,1.0,1.0,104.0,200904,1000
hier_nb,LA-VT,200907,1,78.66273599999997,25.0,1.0,1.0,302.0,200907,1000
hier_nb,LA-VT,200908,2,82.26058199999997,44.5,1.0,1.0,356.0,200907,1000
hier_nb,LA-VT,200909,3,119.63644899999996,215.0,1.0,1.0,470.0,200907,1000
hier_nb,LA-VT,200910,1,167.165367,307.0,1.0,0.0,527.0,200910,1000
hier_nb,LA-VT,200911,2,213.524629,345.5,1.0,0.0,521.0,200910,1000
hier_nb,LA-VT,200912,3,241.984169,305.0,0.0,0.0,366.0,200910,1000
hier_nb,LA-XA,200801,1,0.3546990000000001,0.0,1.0,1.0,0.0,200801,1000
hier_nb,LA-XA,200802,2,0.0857590000000001,0.0,1.0,1.0,0.0,200801,1000
hier_nb,LA-XA,200803,3,0.2408739999999998,0.0,1.0,1.0,0.0,200801,1000
hier_nb,LA-XA,200804,1,0.4582879999999996,0.0,1.0,1.0,0.0,200804,1000
hier_nb,LA-XA,200805,2,1.3770249999999995,1.0,1.0,1.0,2.0,200804,1000
hier_nb,LA-XA,200806,3,4.146191000000002,3.0,1.0,1.0,6.0,200804,1000
hier_nb,LA-XA,200807,1,9.527858000000002,12.0,1.0,1.0,19.0,200807,1000
hier_nb,LA-XA,200808,2,7.872078999999999,2.0,1.0,1.0,7.0,200807,1000
hier_nb,LA-XA,200809,3,7.367936,6.0,1.0,0.0,1.0,200807,1000
hier_nb,LA-XA,200810,1,4.585511,2.0,1.0,1.0,3.0,200810,1000
hier_nb,LA-XA,200811,2,2.5547660000000008,1.0,1.0,1.0,2.0,200810,1000
hier_nb,LA-XA,200812,3,0.6501289999999997,1.0,1.0,1.0,1.0,200810,1000
hier_nb,LA-XA,200901,1,0.2200789999999999,0.0,1.0,1.0,0.0,200901,1000
hier_nb,LA-XA,200902,2,0.1268169999999999,0.0,1.0,1.0,0.0,200901,1000
hier_nb,LA-XA,200903,3,0.1924030000000001,0.0,1.0,1.0,0.0,200901,1000
hier_nb,LA-XA,200904,1,0.4378579999999998,0.0,1.0,1.0,0.0,200904,1000
hier_nb,LA-XA,200905,2,2.423819999999999,1.0,1.0,1.0,1.0,200904,1000
hier_nb,LA-XA,200906,3,6.510365999999998,9.0,1.0,1.0,14.0,200904,1000
hier_nb,LA-XA,200907,1,6.884020999999997,4.0,1.0,1.0,11.0,200907,1000
hier_nb,LA-XA,200908,2,17.330418,29.0,1.0,0.0,37.0,200907,1000
hier_nb,LA-XA,200909,3,7.985883999999999,0.0,1.0,1.0,11.0,200907,1000
hier_nb,LA-XA,200910,1,4.988607000000002,2.0,1.0,1.0,5.0,200910,1000
hier_nb,LA-XA,200911,2,4.285157999999999,0.0,1.0,1.0,5.0,200910,1000
hier_nb,LA-XA,200912,3,1.0193839999999996,1.0,1.0,1.0,0.0,200910,1000
hier_nb,LA-XE,200801,1,0.0146289999999999,0.0,1.0,1.0,0.0,200801,1000
hier_nb,LA-XE,200802,2,0.003452,0.0,1.0,1.0,0.0,200801,1000
hier_nb,LA-XE,200803,3,0.016179,0.0,1.0,1.0,0.0,200801,1000
hier_nb,LA-XE,200804,1,0.02425,0.0,1.0,1.0,0.0,200804,1000
hier_nb,LA-XE,200805,2,0.060846,0.0,1.0,1.0,0.0,200804,1000
hier_nb,LA-XE,200806,3,3.667835,5.0,0.0,0.0,5.0,200804,1000
hier_nb,LA-XE,200807,1,0.4647880000000002,0.0,1.0,1.0,0.0,200807,1000
hier_nb,LA-XE,200808,2,0.548718,0.0,1.0,1.0,0.0,200807,1000
hier_nb,LA-XE,200809,3,0.573518,0.0,1.0,1.0,1.0,200807,1000
hier_nb,LA-XE,200810,1,0.112819,0.0,1.0,1.0,0.0,200810,1000
hier_nb,LA-XE,200811,2,0.043961,0.0,1.0,1.0,0.0,200810,1000
hier_nb,LA-XE,200812,3,0.824857,1.0,0.0,0.0,1.0,200810,1000
hier_nb,LA-XE,200901,1,0.003308,0.0,1.0,1.0,0.0,200901,1000
hier_nb,LA-XE,200902,2,1.867118,2.0,0.0,0.0,2.0,200901,1000
hier_nb,LA-XE,200903,3,1.782599,2.0,0.0,0.0,2.0,200901,1000
hier_nb,LA-XE,200904,1,0.712844,1.0,1.0,0.0,1.0,200904,1000
hier_nb,LA-XE,200905,2,1.010895,2.0,1.0,0.0,2.0,200904,1000
hier_nb,LA-XE,200906,3,6.544338000000001,9.0,0.0,0.0,9.0,200904,1000
hier_nb,LA-XE,200907,1,24.411641,28.0,0.0,0.0,29.0,200907,1000
hier_nb,LA-XE,200908,2,22.373236,26.0,0.0,0.0,27.0,200907,1000
hier_nb,LA-XE,200909,3,2.701284,5.0,1.0,0.0,6.0,200907,1000
hier_nb,LA-XE,200910,1,4.767284999999999,7.0,0.0,0.0,7.0,200910,1000
hier_nb,LA-XE,200911,2,1.7199559999999998,3.0,1.0,0.0,3.0,200910,1000
hier_nb,LA-XE,200912,3,6.177809000000001,7.0,0.0,0.0,7.0,200910,1000
hier_nb,LA-XI,200801,1,6.499999999999909e-05,0.0,1.0,1.0,0.0,200801,1000
hier_nb,LA-XI,200802,2,4.000000000000097e-06,0.0,1.0,1.0,0.0,200801,1000
hier_nb,LA-XI,200803,3,4.900000000000043e-05,0.0,1.0,1.0,0.0,200801,1000
hier_nb,LA-XI,200804,1,0.000144,0.0,1.0,1.0,0.0,200804,1000
hier_nb,LA-XI,200805,2,0.000904,0.0,1.0,1.0,0.0,200804,1000
hier_nb,LA-XI,200806,3,0.94102,1.0,0.0,0.0,1.0,200804,1000
hier_nb,LA-XI,200807,1,0.0121109999999999,0.0,1.0,1.0,0.0,200807,1000
hier_nb,LA-XI,200808,2,0.021376,0.0,1.0,1.0,0.0,200807,1000
hier_nb,LA-XI,200809,3,0.016371,0.0,1.0,1.0,0.0,200807,1000
hier_nb,LA-XI,200810,1,0.0024119999999999,0.0,1.0,1.0,0.0,200810,1000
hier_nb,LA-XI,200811,2,0.000693,0.0,1.0,1.0,0.0,200810,1000
hier_nb,LA-XI,200812,3,0.0001449999999999,0.0,1.0,1.0,0.0,200810,1000
hier_nb,LA-XI,200901,1,6.499999999999909e-05,0.0,1.0,1.0,0.0,200901,1000
hier_nb,LA-XI,200902,2,1.600000000000039e-05,0.0,1.0,1.0,0.0,200901,1000
hier_nb,LA-XI,200903,3,6.499999999999909e-05,0.0,1.0,1.0,0.0,200901,1000
hier_nb,LA-XI,200904,1,0.00017,0.0,1.0,1.0,0.0,200904,1000
hier_nb,LA-XI,200905,2,38.90144,39.0,0.0,0.0,39.0,200904,1000
hier_nb,LA-XI,200906,3,32.752541,33.0,0.0,0.0,33.0,200904,1000
hier_nb,LA-XI,200907,1,0.7996049999999997,1.0,1.0,0.0,1.0,200907,1000
hier_nb,LA-XI,200908,2,6.927243000000001,10.0,1.0,0.0,10.0,200907,1000
hier_nb,LA-XI,200909,3,0.5212389999999996,0.0,1.0,1.0,0.0,200907,1000
hier_nb,LA-XI,200910,1,0.055528,0.0,1.0,1.0,0.0,200910,1000
hier_nb,LA-XI,200911,2,0.0418169999999999,0.0,1.0,1.0,0.0,200910,1000
hier_nb,LA-XI,200912,3,0.0003189999999999,0.0,1.0,1.0,0.0,200910,1000
persistence,LA-AT,200801,1,3.417114,4.0,0.0,0.0,4.0,200801,1000
persistence,LA-AT,200802,2,1.554761,2.0,1.0,0.0,2.0,200801,1000
persistence,LA-AT,200803,3,0.0719689999999997,0.0,1.0,1.0,0.0,200801,1000
persistence,LA-AT,200804,1,0.0471139999999998,0.0,1.0,1.0,0.0,200804,1000
persistence,LA-AT,200805,2,3.342761,4.0,0.0,0.0,4.0,200804,1000
persistence,LA-AT,200806,3,8.929969,10.0,0.0,0.0,10.0,200804,1000
persistence,LA-AT,200807,1,3.450605,4.0,0.0,0.0,6.0,200807,1000
persistence,LA-AT,200808,2,0.8260830000000001,1.0,1.0,0.0,11.0,200807,1000
persistence,LA-AT,200809,3,12.807472,14.0,0.0,0.0,24.0,200807,1000
persistence,LA-AT,200810,1,21.839211,23.0,0.0,0.0,47.0,200810,1000
persistence,LA-AT,200811,2,17.716617,19.0,0.0,0.0,43.0,200810,1000
persistence,LA-AT,200812,3,0.8262919999999996,1.0,1.0,0.0,23.0,200810,1000
persistence,LA-AT,200901,1,4.403041999999999,5.0,0.0,0.0,18.0,200901,1000
persistence,LA-AT,200902,2,21.580328,23.0,0.0,0.0,46.0,200901,1000
persistence,LA-AT,200903,3,51.660003,54.0,0.0,0.0,77.0,200901,1000
persistence,LA-AT,200904,1,20.870388,22.0,0.0,0.0,99.0,200904,1000
persistence,LA-AT,200905,2,74.407714,77.0,0.0,0.0,0.0,200904,1000
persistence,LA-AT,200906,3,50.686121,53.0,0.0,0.0,24.0,200904,1000
persistence,LA-AT,200907,1,38.397211,40.0,0.0,0.0,64.0,200907,1000
persistence,LA-AT,200908,2,2.492617,3.0,0.0,0.0,21.0,200907,1000
persistence,LA-AT,200909,3,6.1402920000000005,7.0,0.0,0.0,17.0,200907,1000
persistence,LA-AT,200910,1,12.098028,13.0,0.0,0.0,4.0,200910,1000
persistence,LA-AT,200911,2,0.8285939999999998,1.0,1.0,0.0,16.0,200910,1000
persistence,LA-AT,200912,3,9.930269,11.0,0.0,0.0,6.0,200910,1000
persistence,LA-BK,200801,1,0.702799,1.0,1.0,0.0,1.0,200801,1000
persistence,LA-BK,200802,2,0.0441579999999999,0.0,1.0,1.0,0.0,200801,1000
persistence,LA-BK,200803,3,0.04958,0.0,1.0,1.0,0.0,200801,1000
persistence,LA-BK,200804,1,0.0387989999999999,0.0,1.0,1.0,0.0,200804,1000
persistence,LA-BK,200805,2,11.132158,12.0,0.0,0.0,12.0,200804,1000
persistence,LA-BK,200806,3,51.985580000000006,53.0,0.0,0.0,53.0,200804,1000
persistence,LA-BK,200807,1,50.223598,51.0,0.0,0.0,2.0,200807,1000
persistence,LA-BK,200808,2,43.128316,44.0,0.0,0.0,9.0,200807,1000
persistence,LA-BK,200809,3,19.03516,20.0,0.0,0.0,33.0,200807,1000
persistence,LA-BK,200810,1,14.223598,15.0,0.0,0.0,48.0,200810,1000
persistence,LA-BK,200811,2,21.128316,22.0,0.0,0.0,55.0,200810,1000
persistence,LA-BK,200812,3,27.03516,28.0,0.0,0.0,5.0,200810,1000
persistence,LA-BK,200901,1,3.438492,4.0,0.0,0.0,1.0,200901,1000
persistence,LA-BK,200902,2,4.3407670000000005,5.0,0.0,0.0,0.0,200901,1000
persistence,LA-BK,200903,3,3.355307,4.0,0.0,0.0,1.0,200901,1000
persistence,LA-BK,200904,1,1.589023,2.0,0.0,0.0,3.0,200904,1000
persistence,LA-BK,200905,2,72.11584199999999,73.0,0.0,0.0,74.0,200904,1000
persistence,LA-BK,200906,3,214.019436,215.0,0.0,0.0,216.0,200904,1000
persistence,LA-BK,200907,1,3.439598,4.0,0.0,0.0,212.0,200907,1000
persistence,LA-BK,200908,2,105.128316,106.0,0.0,0.0,110.0,200907,1000
persistence,LA-BK,200909,3,163.03516,164.0,0.0,0.0,52.0,200907,1000
persistence,LA-BK,200910,1,20.223598,21.0,0.0,0.0,31.0,200910,1000
persistence,LA-BK,200911,2,46.128316,47.0,0.0,0.0,5.0,200910,1000
persistence,LA-BK,200912,3,47.03516,48.0,0.0,0.0,4.0,200910,1000
persistence,LA-BL,200801,1,5.383502,9.0,1.0,1.0,10.0,200801,1000
persistence,LA-BL,200802,2,4.609445999999998,6.0,1.0,1.0,7.0,200801,1000
persistence,LA-BL,200803,3,4.952254,0.0,1.0,1.0,1.0,200801,1000
persistence,LA-BL,200804,1,2.695502000000001,2.0,1.0,1.0,3.0,200804,1000
persistence,LA-BL,200805,2,7.897445999999999,14.0,1.0,1.0,15.0,200804,1000
persistence,LA-BL,200806,3,9.692254000000002,18.0,1.0,1.0,19.0,200804,1000
persistence,LA-BL,200807,1,8.23891,12.0,1.0,0.0,31.0,200807,1000
persistence,LA-BL,200808,2,9.221346999999998,13.0,1.0,1.0,32.0,200807,1000
persistence,LA-BL,200809,3,9.298677,11.0,1.0,1.0,30.0,200807,1000
persistence,LA-BL,200810,1,16.470322000000003,25.0,1.0,0.0,5.0,200810,1000
persistence,LA-BL,200811,2,12.262498,18.0,1.0,0.0,12.0,200810,1000
persistence,LA-BL,200812,3,17.99097,29.0,1.0,0.0,1.0,200810,1000
persistence,LA-BL,200901,1,2.511502,1.0,1.0,1.0,2.0,200901,1000
persistence,LA-BL,200902,2,3.6934460000000016,2.0,1.0,1.0,3.0,200901,1000
persistence,LA-BL,200903,3,4.9942540000000015,1.0,1.0,1.0,0.0,200901,1000
persistence,LA-BL,200904,1,2.5010209999999997,2.0,1.0,1.0,2.0,200904,1000
persistence,LA-BL,200905,2,3.323820999999999,0.0,1.0,1.0,0.0,200904,1000
persistence,LA-BL,200906,3,5.582812999999998,7.0,1.0,1.0,7.0,200904,1000
persistence,LA-BL,200907,1,17.514046,28.0,1.0,0.0,35.0,200907,1000
persistence,LA-BL,200908,2,4.609358000000002,2.0,1.0,1.0,9.0,200907,1000
persistence,LA-BL,200909,3,6.933896999999998,7.0,1.0,1.0,0.0,200907,1000
persistence,LA-BL,200910,1,2.3170210000000004,1.0,1.0,1.0,1.0,200910,1000
persistence,LA-BL,200911,2,3.4678210000000007,2.0,1.0,1.0,2.0,200910,1000
persistence,LA-BL,200912,3,4.764813,1.0,1.0,1.0,1.0,200910,1000
persistence,LA-CH,200801,1,9.094472000000003,9.0,1.0,1.0,73.0,200801,1000
persistence,LA-CH,200802,2,19.277769,26.0,1.0,0.0,90.0,200801,1000
persistence,LA-CH,200803,3,22.452036999999997,28.0,1.0,1.0,92.0,200801,1000
persistence,LA-CH,200804,1,16.585575000000002,23.0,1.0,0.0,69.0,200804,1000
persistence,LA-CH,200805,2,17.207692,21.0,1.0,1.0,113.0,200804,1000
persistence,LA-CH,200806,3,145.733314,203.0,0.0,0.0,295.0,200804,1000
persistence,LA-CH,200807,1,103.949944,133.0,0.0,0.0,162.0,200807,1000
persistence,LA-CH,200808,2,112.642802,152.0,0.0,0.0,143.0,200807,1000
persistence,LA-CH,200809,3,73.553239,110.0,1.0,0.0,185.0,200807,1000
persistence,LA-CH,200810,1,31.000921000000005,45.0,1.0,0.0,140.0,200810,1000
persistence,LA-CH,200811,2,58.287541,83.0,1.0,0.0,102.0,200810,1000
persistence,LA-CH,200812,3,74.65110700000001,112.0,1.0,0.0,73.0,200810,1000
persistence,LA-CH,200901,1,28.518953000000003,42.0,1.0,0.0,31.0,200901,1000
persistence,LA-CH,200902,2,18.940767,25.0,1.0,0.0,48.0,200901,1000
persistence,LA-CH,200903,3,16.500345000000003,13.0,1.0,1.0,60.0,200901,1000
persistence,LA-CH,200904,1,28.357396,42.0,1.0,0.0,102.0,200904,1000
persistence,LA-CH,200905,2,10.360133000000005,6.0,1.0,1.0,66.0,200904,1000
persistence,LA-CH,200906,3,41.64690100000001,64.0,1.0,0.0,124.0,200904,1000
persistence,LA-CH,200907,1,7.347732000000001,2.0,1.0,1.0,122.0,200907,1000
persistence,LA-CH,200908,2,14.241996999999998,14.0,1.0,1.0,110.0,200907,1000
persistence,LA-CH,200909,3,20.237556,19.0,1.0,1.0,105.0,200907,1000
persistence,LA-CH,200910,1,31.559768,46.0,1.0,0.0,59.0,200910,1000
persistence,LA-CH,200911,2,48.322561,70.0,1.0,0.0,35.0,200910,1000
persistence,LA-CH,200912,3,48.408425,73.0,1.0,0.0,32.0,200910,1000
persistence,LA-HO,200801,1,0.8303219999999999,1.0,0.0,0.0,0.0,200801,1000
persistence,LA-HO,200802,2,0.8292019999999999,1.0,0.0,0.0,0.0,200801,1000
persistence,LA-HO,200803,3,0.820377,1.0,1.0,0.0,0.0,200801,1000
persistence,LA-HO,200804,1,0.0149129999999999,0.0,1.0,1.0,0.0,200804,1000
persistence,LA-HO,200805,2,0.013793,0.0,1.0,1.0,0.0,200804,1000
persistence,LA-HO,200806,3,0.015768,0.0,1.0,1.0,0.0,200804,1000
persistence,LA-HO,200807,1,0.0149129999999999,0.0,1.0,1.0,0.0,200807,1000
persistence,LA-HO,200808,2,0.013793,0.0,1.0,1.0,0.0,200807,1000
persistence,LA-HO,200809,3,0.809768,1.0,1.0,0.0,1.0,200807,1000
persistence,LA-HO,200810,1,0.8303219999999999,1.0,0.0,0.0,0.0,200810,1000
persistence,LA-HO,200811,2,0.8292019999999999,1.0,0.0,0.0,0.0,200810,1000
persistence,LA-HO,200812,3,0.0263769999999999,0.0,1.0,1.0,1.0,200810,1000
persistence,LA-HO,200901,1,0.8303219999999999,1.0,0.0,0.0,0.0,200901,1000
persistence,LA-HO,200902,2,0.8292019999999999,1.0,0.0,0.0,0.0,200901,1000
persistence,LA-HO,200903,3,0.820377,1.0,1.0,0.0,0.0,200901,1000
persistence,LA-HO,200904,1,0.0149129999999999,0.0,1.0,1.0,0.0,200904,1000
persistence,LA-HO,200905,2,0.013793,0.0,1.0,1.0,0.0,200904,1000
persistence,LA-HO,200906,3,0.015768,0.0,1.0,1.0,0.0,200904,1000
persistence,LA-HO,200907,1,0.0149129999999999,0.0,1.0,1.0,0.0,200907,1000
persistence,LA-HO,200908,2,0.013793,0.0,1.0,1.0,0.0,200907,1000
persistence,LA-HO,200909,3,0.809768,1.0,1.0,0.0,1.0,200907,1000
persistence,LA-HO,200910,1,0.024322,0.0,1.0,1.0,1.0,200910,1000
persistence,LA-HO,200911,2,0.023202,0.0,1.0,1.0,1.0,200910,1000
persistence,LA-HO,200912,3,0.0263769999999999,0.0,1.0,1.0,1.0,200910,1000
persistence,LA-KH,200801,1,1.3149230000000005,0.0,1.0,1.0,0.0,200801,1000
persistence,LA-KH,200802,2,2.0702239999999996,0.0,1.0,1.0,0.0,200801,1000
persistence,LA-KH,200803,3,2.6522299999999994,0.0,1.0,1.0,0.0,200801,1000
persistence,LA-KH,200804,1,1.3149230000000005,0.0,1.0,1.0,0.0,200804,1000
persistence,LA-KH,200805,2,2.0702239999999996,0.0,1.0,1.0,0.0,200804,1000
persistence,LA-KH,200806,3,3.0462299999999978,1.0,1.0,1.0,1.0,200804,1000
persistence,LA-KH,200807,1,2.403284000000001,2.0,1.0,0.0,3.0,200807,1000
persistence,LA-KH,200808,2,2.5886239999999994,1.0,1.0,1.0,0.0,200807,1000
persistence,LA-KH,200809,3,4.036038999999999,3.0,1.0,1.0,4.0,200807,1000
persistence,LA-KH,200810,1,3.125885000000002,3.0,1.0,0.0,1.0,200810,1000
persistence,LA-KH,200811,2,2.7576459999999976,1.0,1.0,1.0,3.0,200810,1000
persistence,LA-KH,200812,3,2.9661490000000015,0.0,1.0,1.0,4.0,200810,1000
persistence,LA-KH,200901,1,3.713884999999999,4.0,1.0,0.0,0.0,200901,1000
persistence,LA-KH,200902,2,4.333645999999998,4.0,1.0,0.0,0.0,200901,1000
persistence,LA-KH,200903,3,3.796149,2.0,1.0,1.0,6.0,200901,1000
persistence,LA-KH,200904,1,4.995498000000001,6.0,1.0,0.0,0.0,200904,1000
persistence,LA-KH,200905,2,2.422528,0.0,1.0,1.0,6.0,200904,1000
persistence,LA-KH,200906,3,54.16718900000001,74.0,0.0,0.0,80.0,200904,1000
persistence,LA-KH,200907,1,60.490204000000006,75.0,0.0,0.0,155.0,200907,1000
persistence,LA-KH,200908,2,191.180325,223.0,0.0,0.0,303.0,200907,1000
persistence,LA-KH,200909,3,163.22992399999998,197.0,0.0,0.0,277.0,200907,1000
persistence,LA-KH,200910,1,169.74701399999998,192.0,0.0,0.0,85.0,200910,1000
persistence,LA-KH,200911,2,185.115734,216.0,0.0,0.0,61.0,200910,1000
persistence,LA-KH,200912,3,175.88018300000002,210.0,0.0,0.0,67.0,200910,1000
persistence,LA-LM,200801,1,0.0063019999999999,0.0,1.0,1.0,0.0,200801,1000
persistence,LA-LM,200802,2,0.007978,0.0,1.0,1.0,0.0,200801,1000
persistence,LA-LM,200803,3,0.008063,0.0,1.0,1.0,0.0,200801,1000
persistence,LA-LM,200804,1,0.0063019999999999,0.0,1.0,1.0,0.0,200804,1000
persistence,LA-LM,200805,2,0.007978,0.0,1.0,1.0,0.0,200804,1000
persistence,LA-LM,200806,3,0.008063,0.0,1.0,1.0,0.0,200804,1000
persistence,LA-LM,200807,1,0.0063019999999999,0.0,1.0,1.0,0.0,200807,1000
persistence,LA-LM,200808,2,0.007978,0.0,1.0,1.0,0.0,200807,1000
persistence,LA-LM,200809,3,0.008063,0.0,1.0,1.0,0.0,200807,1000
persistence,LA-LM,200810,1,0.0063019999999999,0.0,1.0,1.0,0.0,200810,1000
persistence,LA-LM,200811,2,0.007978,0.0,1.0,1.0,0.0,200810,1000
persistence,LA-LM,200812,3,0.008063,0.0,1.0,1.0,0.0,200810,1000
persistence,LA-LM,200901,1,0.0063019999999999,0.0,1.0,1.0,0.0,200901,1000
persistence,LA-LM,200902,2,0.007978,0.0,1.0,1.0,0.0,200901,1000
persistence,LA-LM,200903,3,0.008063,0.0,1.0,1.0,0.0,200901,1000
persistence,LA-LM,200904,1,0.880302,1.0,0.0,0.0,1.0,200904,1000
persistence,LA-LM,200905,2,0.007978,0.0,1.0,1.0,0.0,200904,1000
persistence,LA-LM,200906,3,1.770063,2.0,0.0,0.0,2.0,200904,1000
persistence,LA-LM,200907,1,0.886035,1.0,0.0,0.0,1.0,200907,1000
persistence,LA-LM,200908,2,1.777203,2.0,0.0,0.0,0.0,200907,1000
persistence,LA-LM,200909,3,1.777288,2.0,0.0,0.0,4.0,200907,1000
persistence,LA-LM,200910,1,0.8865399999999999,1.0,0.0,0.0,5.0,200910,1000
persistence,LA-LM,200911,2,1.7778919999999998,2.0,0.0,0.0,6.0,200910,1000
persistence,LA-LM,200912,3,0.016045,0.0,1.0,1.0,4.0,200910,1000
persistence,LA-LP,200801,1,3.4616930000000004,5.0,1.0,1.0,0.0,200801,1000
persistence,LA-LP,200802,2,6.91244,11.0,1.0,0.0,16.0,200801,1000
persistence,LA-LP,200803,3,10.133757,17.0,1.0,0.0,22.0,200801,1000
persistence,LA-LP,200804,1,7.587196,11.0,1.0,0.0,33.0,200804,1000
persistence,LA-LP,200805,2,77.70587800000001,94.0,0.0,0.0,116.0,200804,1000
persistence,LA-LP,200806,3,116.670978,138.0,0.0,0.0,160.0,200804,1000
persistence,LA-LP,200807,1,129.93954599999998,144.0,0.0,0.0,16.0,200807,1000
persistence,LA-LP,200808,2,128.21567000000002,147.0,0.0,0.0,13.0,200807,1000
persistence,LA-LP,200809,3,124.816253,146.0,0.0,0.0,14.0,200807,1000
persistence,LA-LP,200810,1,13.347094,19.0,1.0,0.0,33.0,200810,1000
persistence,LA-LP,200811,2,84.94253,102.0,0.0,0.0,116.0,200810,1000
persistence,LA-LP,200812,3,124.888534,147.0,0.0,0.0,161.0,200810,1000
persistence,LA-LP,200901,1,146.497715,161.0,0.0,0.0,0.0,200901,1000
persistence,LA-LP,200902,2,141.643959,161.0,0.0,0.0,0.0,200901,1000
persistence,LA-LP,200903,3,139.126542,161.0,0.0,0.0,0.0,200901,1000
persistence,LA-LP,200904,1,1.1242739999999998,0.0,1.0,1.0,0.0,200904,1000
persistence,LA-LP,200905,2,1.711145,0.0,1.0,1.0,0.0,200904,1000
persistence,LA-LP,200906,3,5.2004459999999995,9.0,1.0,1.0,9.0,200904,1000
persistence,LA-LP,200907,1,14.802083,21.0,1.0,0.0,30.0,200907,1000
persistence,LA-LP,200908,2,15.036039,23.0,1.0,0.0,32.0,200907,1000
persistence,LA-LP,200909,3,278.002476,304.0,0.0,0.0,313.0,200907,1000
persistence,LA-LP,200910,1,133.848548,148.0,0.0,0.0,165.0,200910,1000
persistence,LA-LP,200911,2,204.57629,226.0,0.0,0.0,87.0,200910,1000
persistence,LA-LP,200912,3,288.208892,313.0,0.0,0.0,0.0,200910,1000
persistence,LA-OU,200801,1,0.0060349999999999,0.0,1.0,1.0,0.0,200801,1000
persistence,LA-OU,200802,2,0.004123,0.0,1.0,1.0,0.0,200801,1000
persistence,LA-OU,200803,3,0.0080099999999999,0.0,1.0,1.0,0.0,200801,1000
persistence,LA-OU,200804,1,0.0060349999999999,0.0,1.0,1.0,0.0,200804,1000
persistence,LA-OU,200805,2,0.004123,0.0,1.0,1.0,0.0,200804,1000
persistence,LA-OU,200806,3,0.0080099999999999,0.0,1.0,1.0,0.0,200804,1000
persistence,LA-OU,200807,1,0.0060349999999999,0.0,1.0,1.0,0.0,200807,1000
persistence,LA-OU,200808,2,0.004123,0.0,1.0,1.0,0.0,200807,1000
persistence,LA-OU,200809,3,0.0080099999999999,0.0,1.0,1.0,0.0,200807,1000
persistence,LA-OU,200810,1,0.0060349999999999,0.0,1.0,1.0,0.0,200810,1000
persistence,LA-OU,200811,2,0.004123,0.0,1.0,1.0,0.0,200810,1000
persistence,LA-OU,200812,3,0.0080099999999999,0.0,1.0,1.0,0.0,200810,1000
persistence,LA-OU,200901,1,0.0060349999999999,0.0,1.0,1.0,0.0,200901,1000
persistence,LA-OU,200902,2,0.004123,0.0,1.0,1.0,0.0,200901,1000
persistence,LA-OU,200903,3,0.0080099999999999,0.0,1.0,1.0,0.0,200901,1000
persistence,LA-OU,200904,1,0.0060349999999999,0.0,1.0,1.0,0.0,200904,1000
persistence,LA-OU,200905,2,0.004123,0.0,1.0,1.0,0.0,200904,1000
persistence,LA-OU,200906,3,0.0080099999999999,0.0,1.0,1.0,0.0,200904,1000
persistence,LA-OU,200907,1,0.0060349999999999,0.0,1.0,1.0,0.0,200907,1000
persistence,LA-OU,200908,2,0.886123,1.0,0.0,0.0,1.0,200907,1000
persistence,LA-OU,200909,3,14.71601,15.0,0.0,0.0,15.0,200907,1000
persistence,LA-OU,200910,1,8.76207,9.0,0.0,0.0,6.0,200910,1000
persistence,LA-OU,200911,2,1.848246,2.0,0.0,0.0,13.0,200910,1000
persistence,LA-OU,200912,3,2.7500199999999997,3.0,0.0,0.0,18.0,200910,1000
persistence,LA-PH,200901,1,0.0002559999999999,0.0,1.0,1.0,0.0,200901,1000
persistence,LA-PH,200902,2,0.0002559999999999,0.0,1.0,1.0,0.0,200901,1000
persistence,LA-PH,200903,3,0.0003239999999999,0.0,1.0,1.0,0.0,200901,1000
persistence,LA-PH,200904,1,0.0002559999999999,0.0,1.0,1.0,0.0,200904,1000
persistence,LA-PH,200905,2,0.0002559999999999,0.0,1.0,1.0,0.0,200904,1000
persistence,LA-PH,200906,3,0.0003239999999999,0.0,1.0,1.0,0.0,200904,1000
persistence,LA-PH,200907,1,0.0002559999999999,0.0,1.0,1.0,0.0,200907,1000
persistence,LA-PH,200909,3,0.0003239999999999,0.0,1.0,1.0,0.0,200907,1000
persistence,LA-PH,200910,1,0.0002559999999999,0.0,1.0,1.0,0.0,200910,1000
persistence,LA-PH,200911,2,0.0002559999999999,0.0,1.0,1.0,0.0,200910,1000
persistence,LA-PH,200912,3,0.0003239999999999,0.0,1.0,1.0,0.0,200910,1000
persistence,LA-SL,200801,1,5.888300000000001,7.0,0.0,0.0,0.0,200801,1000
persistence,LA-SL,200802,2,4.932642,6.0,0.0,0.0,1.0,200801,1000
persistence,LA-SL,200803,3,1.538814,2.0,1.0,0.0,5.0,200801,1000
persistence,LA-SL,200804,1,2.4083299999999994,3.0,0.0,0.0,2.0,200804,1000
persistence,LA-SL,200805,2,94.771065,100.0,0.0,0.0,105.0,200804,1000
persistence,LA-SL,200806,3,215.529118,221.0,0.0,0.0,226.0,200804,1000
persistence,LA-SL,200807,1,144.638988,148.0,0.0,0.0,78.0,200807,1000
persistence,LA-SL,200808,2,157.654794,163.0,0.0,0.0,63.0,200807,1000
persistence,LA-SL,200809,3,135.591742,141.0,0.0,0.0,85.0,200807,1000
persistence,LA-SL,200810,1,5.024252000000001,6.0,0.0,0.0,91.0,200810,1000
persistence,LA-SL,200811,2,59.913664,64.0,0.0,0.0,21.0,200810,1000
persistence,LA-SL,200812,3,72.336984,77.0,0.0,0.0,8.0,200810,1000
persistence,LA-SL,200901,1,5.890064000000001,7.0,0.0,0.0,1.0,200901,1000
persistence,LA-SL,200902,2,14.107243,16.0,0.0,0.0,24.0,200901,1000
persistence,LA-SL,200903,3,14.945415000000002,17.0,0.0,0.0,25.0,200901,1000
persistence,LA-SL,200904,1,5.018927,6.0,0.0,0.0,19.0,200904,1000
persistence,LA-SL,200905,2,91.851327,97.0,0.0,0.0,122.0,200904,1000
persistence,LA-SL,200906,3,14.970665,17.0,0.0,0.0,42.0,200904,1000
persistence,LA-SL,200907,1,118.6355,122.0,0.0,0.0,164.0,200907,1000
persistence,LA-SL,200908,2,80.18723700000001,85.0,0.0,0.0,127.0,200907,1000
persistence,LA-SL,200909,3,45.277277,49.0,0.0,0.0,91.0,200907,1000
persistence,LA-SL,200910,1,2.434636,3.0,0.0,0.0,94.0,200910,1000
persistence,LA-SL,200911,2,43.493157999999994,47.0,0.0,0.0,44.0,200910,1000
persistence,LA-SL,200912,3,69.439998,74.0,0.0,0.0,17.0,200910,1000
persistence,LA-SV,200801,1,4.8442229999999995,1.0,1.0,1.0,1.0,200801,1000
persistence,LA-SV,200802,2,8.673057,1.0,1.0,1.0,1.0,200801,1000
persistence,LA-SV,200803,3,12.976107,1.0,1.0,1.0,1.0,200801,1000
persistence,LA-SV,200804,1,5.031711999999999,1.0,1.0,1.0,0.0,200804,1000
persistence,LA-SV,200805,2,8.798821000000004,0.0,1.0,1.0,1.0,200804,1000
persistence,LA-SV,200806,3,14.938783,9.0,1.0,1.0,10.0,200804,1000
persistence,LA-SV,200807,1,5.993041000000005,1.0,1.0,1.0,11.0,200807,1000
persistence,LA-SV,200808,2,11.269002999999998,6.0,1.0,1.0,4.0,200807,1000
persistence,LA-SV,200809,3,16.011347999999998,8.0,1.0,1.0,2.0,200807,1000
persistence,LA-SV,200810,1,7.473481,8.0,1.0,1.0,10.0,200810,1000
persistence,LA-SV,200811,2,8.967742000000001,0.0,1.0,1.0,2.0,200810,1000
persistence,LA-SV,200812,3,13.509918999999996,2.0,1.0,1.0,0.0,200810,1000
persistence,LA-SV,200901,1,4.710222999999999,0.0,1.0,1.0,0.0,200901,1000
persistence,LA-SV,200902,2,8.589056999999997,0.0,1.0,1.0,0.0,200901,1000
persistence,LA-SV,200903,3,12.924106999999992,0.0,1.0,1.0,0.0,200901,1000
persistence,LA-SV,200904,1,4.710222999999999,0.0,1.0,1.0,0.0,200904,1000
persistence,LA-SV,200905,2,8.589056999999997,0.0,1.0,1.0,0.0,200904,1000
persistence,LA-SV,200906,3,12.976107,1.0,1.0,1.0,1.0,200904,1000
persistence,LA-SV,200907,1,9.081712000000003,12.0,1.0,1.0,13.0,200907,1000
persistence,LA-SV,200908,2,21.414821000000003,33.0,1.0,1.0,34.0,200907,1000
persistence,LA-SV,200909,3,29.858783000000003,47.0,1.0,1.0,48.0,200907,1000
persistence,LA-SV,200910,1,22.608721999999993,32.0,1.0,0.0,16.0,200910,1000
persistence,LA-SV,200911,2,17.216891000000004,15.0,1.0,1.0,33.0,200910,1000
persistence,LA-SV,200912,3,33.27619299999999,44.0,1.0,1.0,4.0,200910,1000
persistence,LA-VT,200801,1,43.562509000000006,69.0,1.0,0.0,29.0,200801,1000
persistence,LA-VT,200802,2,53.531439000000006,86.0,1.0,1.0,12.0,200801,1000
persistence,LA-VT,200803,3,53.29954199999999,72.0,1.0,1.0,26.0,200801,1000
persistence,LA-VT,200804,1,17.354836999999996,22.0,1.0,1.0,4.0,200804,1000
persistence,LA-VT,200805,2,23.829443999999995,9.0,1.0,1.0,17.0,200804,1000
persistence,LA-VT,200806,3,34.40855599999999,34.0,1.0,1.0,60.0,200804,1000
persistence,LA-VT,200807,1,44.285051,72.0,1.0,0.0,132.0,200807,1000
persistence,LA-VT,200808,2,49.550028999999995,84.0,1.0,1.0,144.0,200807,1000
persistence,LA-VT,200809,3,57.28912399999999,98.0,1.0,1.0,158.0,200807,1000
persistence,LA-VT,200810,1,40.699749,63.0,1.0,0.0,95.0,200810,1000
persistence,LA-VT,200811,2,36.577603,29.0,1.0,1.0,129.0,200810,1000
persistence,LA-VT,200812,3,56.08934400000001,67.0,1.0,1.0,91.0,200810,1000
persistence,LA-VT,200901,1,33.955966000000004,53.0,1.0,0.0,38.0,200901,1000
persistence,LA-VT,200902,2,46.578158000000016,71.0,1.0,1.0,20.0,200901,1000
persistence,LA-VT,200903,3,52.60918800000002,72.0,1.0,1.0,19.0,200901,1000
persistence,LA-VT,200904,1,14.502862999999998,14.0,1.0,1.0,33.0,200904,1000
persistence,LA-VT,200905,2,26.674568000000008,35.0,1.0,1.0,54.0,200904,1000
persistence,LA-VT,200906,3,45.832223,85.0,1.0,1.0,104.0,200904,1000
persistence,LA-VT,200907,1,142.69739800000002,198.0,0.0,0.0,302.0,200907,1000
persistence,LA-VT,200908,2,166.135237,252.0,0.0,0.0,356.0,200907,1000
persistence,LA-VT,200909,3,238.83145099999996,366.0,0.0,0.0,470.0,200907,1000
persistence,LA-VT,200910,1,37.81561000000001,57.0,1.0,0.0,527.0,200910,1000
persistence,LA-VT,200911,2,44.86481699999999,51.0,1.0,1.0,521.0,200910,1000
persistence,LA-VT,200912,3,73.67705999999998,104.0,1.0,1.0,366.0,200910,1000
persistence,LA-XA,200801,1,1.370140000000001,1.0,1.0,1.0,0.0,200801,1000
persistence,LA-XA,200802,2,1.726794,1.0,1.0,1.0,0.0,200801,1000
persistence,LA-XA,200803,3,2.4291660000000004,1.0,1.0,1.0,0.0,200801,1000
persistence,LA-XA,200804,1,0.9566909999999992,0.0,1.0,1.0,0.0,200804,1000
persistence,LA-XA,200805,2,2.003665,2.0,1.0,1.0,2.0,200804,1000
persistence,LA-XA,200806,3,4.741557,6.0,1.0,0.0,6.0,200804,1000
persistence,LA-XA,200807,1,9.660272,13.0,1.0,0.0,19.0,200807,1000
persistence,LA-XA,200808,2,1.9991069999999984,1.0,1.0,1.0,7.0,200807,1000
persistence,LA-XA,200809,3,4.655937,5.0,1.0,0.0,1.0,200807,1000
persistence,LA-XA,200810,1,1.8581400000000008,2.0,1.0,1.0,3.0,200810,1000
persistence,LA-XA,200811,2,1.726794,1.0,1.0,1.0,2.0,200810,1000
persistence,LA-XA,200812,3,2.223166000000001,0.0,1.0,1.0,1.0,200810,1000
persistence,LA-XA,200901,1,1.370140000000001,1.0,1.0,1.0,0.0,200901,1000
persistence,LA-XA,200902,2,1.726794,1.0,1.0,1.0,0.0,200901,1000
persistence,LA-XA,200903,3,2.4291660000000004,1.0,1.0,1.0,0.0,200901,1000
persistence,LA-XA,200904,1,0.9566909999999992,0.0,1.0,1.0,0.0,200904,1000
persistence,LA-XA,200905,2,1.5876649999999994,1.0,1.0,1.0,1.0,200904,1000
persistence,LA-XA,200906,3,9.675557,14.0,1.0,0.0,14.0,200904,1000
persistence,LA-XA,200907,1,2.7803690000000003,3.0,1.0,0.0,11.0,200907,1000
persistence,LA-XA,200908,2,17.094084000000002,23.0,1.0,0.0,37.0,200907,1000
persistence,LA-XA,200909,3,3.863987999999999,3.0,1.0,1.0,11.0,200907,1000
persistence,LA-XA,200910,1,4.720613,6.0,1.0,0.0,5.0,200910,1000
persistence,LA-XA,200911,2,4.825930999999999,6.0,1.0,0.0,5.0,200910,1000
persistence,LA-XA,200912,3,8.469738999999999,11.0,1.0,0.0,0.0,200910,1000
persistence,LA-XE,200801,1,0.6979409999999999,1.0,1.0,0.0,0.0,200801,1000
persistence,LA-XE,200802,2,0.6954600000000001,1.0,1.0,0.0,0.0,200801,1000
persistence,LA-XE,200803,3,0.6880539999999999,1.0,1.0,0.0,0.0,200801,1000
persistence,LA-XE,200804,1,0.067505,0.0,1.0,1.0,0.0,200804,1000
persistence,LA-XE,200805,2,0.0713599999999999,0.0,1.0,1.0,0.0,200804,1000
persistence,LA-XE,200806,3,4.053398,5.0,0.0,0.0,5.0,200804,1000
persistence,LA-XE,200807,1,4.160576,5.0,0.0,0.0,0.0,200807,1000
persistence,LA-XE,200808,2,4.131926999999999,5.0,0.0,0.0,0.0,200807,1000
persistence,LA-XE,200809,3,3.2153919999999996,4.0,0.0,0.0,1.0,200807,1000
persistence,LA-XE,200810,1,0.6979409999999999,1.0,1.0,0.0,0.0,200810,1000
persistence,LA-XE,200811,2,0.6954600000000001,1.0,1.0,0.0,0.0,200810,1000
persistence,LA-XE,200812,3,0.120054,0.0,1.0,1.0,1.0,200810,1000
persistence,LA-XE,200901,1,0.6979409999999999,1.0,1.0,0.0,0.0,200901,1000
persistence,LA-XE,200902,2,0.6954600000000001,1.0,1.0,0.0,2.0,200901,1000
persistence,LA-XE,200903,3,0.6880539999999999,1.0,1.0,0.0,2.0,200901,1000
persistence,LA-XE,200904,1,0.71307,1.0,1.0,0.0,1.0,200904,1000
persistence,LA-XE,200905,2,0.132101,0.0,1.0,1.0,2.0,200904,1000
persistence,LA-XE,200906,3,6.022938,7.0,0.0,0.0,9.0,200904,1000
persistence,LA-XE,200907,1,19.060946,20.0,0.0,0.0,29.0,200907,1000
persistence,LA-XE,200908,2,16.974494,18.0,0.0,0.0,27.0,200907,1000
persistence,LA-XE,200909,3,2.3166710000000004,3.0,0.0,0.0,6.0,200907,1000
persistence,LA-XE,200910,1,0.722745,1.0,1.0,0.0,7.0,200910,1000
persistence,LA-XE,200911,2,2.3122510000000003,3.0,0.0,0.0,3.0,200910,1000
persistence,LA-XE,200912,3,0.713921,1.0,1.0,0.0,7.0,200910,1000
persistence,LA-XI,200801,1,0.000689,0.0,1.0,1.0,0.0,200801,1000
persistence,LA-XI,200802,2,0.000689,0.0,1.0,1.0,0.0,200801,1000
persistence,LA-XI,200803,3,0.000757,0.0,1.0,1.0,0.0,200801,1000
persistence,LA-XI,200804,1,0.000689,0.0,1.0,1.0,0.0,200804,1000
persistence,LA-XI,200805,2,0.000689,0.0,1.0,1.0,0.0,200804,1000
persistence,LA-XI,200806,3,0.948757,1.0,0.0,0.0,1.0,200804,1000
persistence,LA-XI,200807,1,0.951314,1.0,0.0,0.0,0.0,200807,1000
persistence,LA-XI,200808,2,0.951314,1.0,0.0,0.0,0.0,200807,1000
persistence,LA-XI,200809,3,0.949433,1.0,0.0,0.0,0.0,200807,1000
persistence,LA-XI,200810,1,0.000689,0.0,1.0,1.0,0.0,200810,1000
persistence,LA-XI,200811,2,0.000689,0.0,1.0,1.0,0.0,200810,1000
persistence,LA-XI,200812,3,0.000757,0.0,1.0,1.0,0.0,200810,1000
persistence,LA-XI,200901,1,0.000689,0.0,1.0,1.0,0.0,200901,1000
persistence,LA-XI,200902,2,0.000689,0.0,1.0,1.0,0.0,200901,1000
persistence,LA-XI,200903,3,0.000757,0.0,1.0,1.0,0.0,200901,1000
persistence,LA-XI,200904,1,0.000689,0.0,1.0,1.0,0.0,200904,1000
persistence,LA-XI,200905,2,38.934689,39.0,0.0,0.0,39.0,200904,1000
persistence,LA-XI,200906,3,32.93075700000001,33.0,0.0,0.0,33.0,200904,1000
persistence,LA-XI,200907,1,31.935378,32.0,0.0,0.0,1.0,200907,1000
persistence,LA-XI,200908,2,22.935378,23.0,0.0,0.0,10.0,200907,1000
persistence,LA-XI,200909,3,32.931514,33.0,0.0,0.0,0.0,200907,1000
persistence,LA-XI,200910,1,0.000689,0.0,1.0,1.0,0.0,200910,1000
persistence,LA-XI,200911,2,0.000689,0.0,1.0,1.0,0.0,200910,1000
persistence,LA-XI,200912,3,0.000757,0.0,1.0,1.0,0.0,200910,1000
reference,LA-AT,200801,1,2.8567205,4.0,0.0,0.0,4.0,200801,4000
reference,LA-AT,200802,2,1.2271735,2.0,1.0,0.0,2.0,200801,4000
reference,LA-AT,200803,3,0.07830275,0.0,1.0,1.0,0.0,200801,4000
reference,LA-AT,200804,1,0.50567575,0.75,1.0,1.0,0.0,200804,4000
reference,LA-AT,200805,2,1.56358275,2.75,1.0,1.0,4.0,200804,4000
reference,LA-AT,200806,3,4.13374575,7.5,1.0,0.0,10.0,200804,4000
reference,LA-AT,200807,1,3.5250217500000014,5.0,1.0,0.5,6.0,200807,4000
reference,LA-AT,200808,2,6.766005999999999,10.5,1.0,0.0,11.0,200807,4000
reference,LA-AT,200809,3,17.3033775,23.75,0.0,0.0,24.0,200807,4000
reference,LA-AT,200810,1,30.770417750000004,42.375,0.0,0.0,47.0,200810,4000
reference,LA-AT,200811,2,33.719483249999996,40.75,0.0,0.0,43.0,200810,4000
reference,LA-AT,200812,3,17.15468825,21.75,0.0,0.0,23.0,200810,4000
reference,LA-AT,200901,1,8.29974025,14.0,1.0,0.0,18.0,200901,4000
reference,LA-AT,200902,2,38.76478525,43.75,0.0,0.0,46.0,200901,4000
reference,LA-AT,200903,3,58.79363725,71.5,0.0,0.0,77.0,200901,4000
reference,LA-AT,200904,1,50.53175225,79.75,0.5,0.0,99.0,200904,4000
reference,LA-AT,200905,2,48.4498705,63.0,0.0,0.0,0.0,200904,4000
reference,LA-AT,200906,3,39.38997125,48.25,1.0,0.75,24.0,200904,4000
reference,LA-AT,200907,1,48.98766975,63.25,0.0,0.0,64.0,200907,4000
reference,LA-AT,200908,2,14.9626135,21.0,0.0,0.0,21.0,200907,4000
reference,LA-AT,200909,3,10.2212285,16.25,1.0,0.0,17.0,200907,4000
reference,LA-AT,200910,1,6.4422120000000005,6.0,1.0,1.0,4.0,200910,4000
reference,LA-AT,200911,2,6.16758375,6.75,1.0,1.0,16.0,200910,4000
reference,LA-AT,200912,3,5.693875249999999,3.75,1.0,1.0,6.0,200910,4000
reference,LA-BK,200801,1,0.95601925,1.0,0.0,0.0,1.0,200801,4000
reference,LA-BK,200802,2,4.6500000000000046e-05,0.0,1.0,1.0,0.0,200801,4000
reference,LA-BK,200803,3,2.8000000000000247e-05,0.0,1.0,1.0,0.0,200801,4000
reference,LA-BK,200804,1,0.0264175,0.0,1.0,1.0,0.0,200804,4000
reference,LA-BK,200805,2,10.713214999999998,12.0,0.0,0.0,12.0,200804,4000
reference,LA-BK,200806,3,50.8679235,53.0,0.0,0.0,53.0,200804,4000
reference,LA-BK,200807,1,1.96930125,1.0,1.0,1.0,2.0,200807,4000
reference,LA-BK,200808,2,5.856817999999999,9.0,1.0,0.0,9.0,200807,4000
reference,LA-BK,200809,3,21.43587975,32.0,1.0,0.0,33.0,200807,4000
reference,LA-BK,200810,1,21.940763500000003,20.125,1.0,1.0,48.0,200810,4000
reference,LA-BK,200811,2,47.66615875,53.375,0.0,0.0,55.0,200810,4000
reference,LA-BK,200812,3,2.97199575,4.75,0.75,0.0,5.0,200810,4000
reference,LA-BK,200901,1,0.45439075,0.0,1.0,1.0,1.0,200901,4000
reference,LA-BK,200902,2,0.30116375,0.0,1.0,1.0,0.0,200901,4000
reference,LA-BK,200903,3,0.6673817500000001,0.25,1.0,1.0,1.0,200901,4000
reference,LA-BK,200904,1,1.287469,0.0,1.0,1.0,3.0,200904,4000
reference,LA-BK,200905,2,43.308491,62.75,0.0,0.0,74.0,200904,4000
reference,LA-BK,200906,3,146.54898674999998,192.625,0.0,0.0,216.0,200904,4000
reference,LA-BK,200907,1,188.15685825,211.25,0.0,0.0,212.0,200907,4000
reference,LA-BK,200908,2,90.8190615,109.25,0.0,0.0,110.0,200907,4000
reference,LA-BK,200909,3,38.901625249999995,51.25,0.0,0.0,52.0,200907,4000
reference,LA-BK,200910,1,20.581325999999997,11.375,1.0,1.0,31.0,200910,4000
reference,LA-BK,200911,2,12.810468749999998,15.75,1.0,0.5,5.0,200910,4000
reference,LA-BK,200912,3,4.833049750000001,4.75,1.0,1.0,4.0,200910,4000
reference,LA-BL,200801,1,5.3708495,8.25,0.75,0.0,10.0,200801,4000
reference,LA-BL,200802,2,5.84484275,7.0,0.0,0.0,7.0,200801,4000
reference,LA-BL,200803,3,0.42230275,1.0,1.0,1.0,1.0,200801,4000
reference,LA-BL,200804,1,1.6217134999999998,1.0,1.0,0.75,3.0,200804,4000
reference,LA-BL,200805,2,6.6790910000000006,10.75,0.75,0.5,15.0,200804,4000
reference,LA-BL,200806,3,7.575282,9.5,1.0,0.75,19.0,200804,4000
reference,LA-BL,200807,1,20.087886249999997,30.0,0.75,0.0,31.0,200807,4000
reference,LA-BL,200808,2,20.6089715,30.75,1.0,0.0,32.0,200807,4000
reference,LA-BL,200809,3,18.523956,28.25,1.0,0.0,30.0,200807,4000
reference,LA-BL,200810,1,9.729708250000002,11.5,1.0,0.75,5.0,200810,4000
reference,LA-BL,200811,2,4.276498999999999,5.75,1.0,1.0,12.0,200810,4000
reference,LA-BL,200812,3,0.9770205,1.0,1.0,1.0,1.0,200810,4000
reference,LA-BL,200901,1,0.7456575000000001,1.0,1.0,1.0,2.0,200901,4000
reference,LA-BL,200902,2,1.68273325,3.0,1.0,0.0,3.0,200901,4000
reference,LA-BL,200903,3,1.1302832499999995,1.25,1.0,1.0,0.0,200901,4000
reference,LA-BL,200904,1,0.8048480000000001,0.375,1.0,1.0,2.0,200904,4000
reference,LA-BL,200905,2,3.829161000000001,5.25,1.0,0.0,0.0,200904,4000
reference,LA-BL,200906,3,5.61813075,5.0,1.0,1.0,7.0,200904,4000
reference,LA-BL,200907,1,21.985704500000004,33.5,0.75,0.0,35.0,200907,4000
reference,LA-BL,200908,2,6.174969249999998,7.25,1.0,0.75,9.0,200907,4000
reference,LA-BL,200909,3,4.862042999999998,2.25,1.0,1.0,0.0,200907,4000
reference,LA-BL,200910,1,5.49467175,6.5,1.0,0.0,1.0,200910,4000
reference,LA-BL,200911,2,2.1073274999999994,1.5,1.0,1.0,2.0,200910,4000
reference,LA-BL,200912,3,0.712077,0.0,1.0,1.0,1.0,200910,4000
reference,LA-CH,200801,1,29.3396385,52.375,1.0,0.0,73.0,200801,4000
reference,LA-CH,200802,2,43.54995375,71.75,0.75,0.0,90.0,200801,4000
reference,LA-CH,200803,3,50.399487500000006,77.0,0.0,0.0,92.0,200801,4000
reference,LA-CH,200804,1,27.6368465,24.875,1.0,0.75,69.0,200804,4000
reference,LA-CH,200805,2,52.862192500000006,33.5,1.0,0.75,113.0,200804,4000
reference,LA-CH,200806,3,122.0008095,105.5,1.0,0.75,295.0,200804,4000
reference,LA-CH,200807,1,96.85658924999996,150.75,1.0,0.0,162.0,200807,4000
reference,LA-CH,200808,2,88.99043875000001,135.0,1.0,0.0,143.0,200807,4000
reference,LA-CH,200809,3,120.46265225,178.25,1.0,0.0,185.0,200807,4000
reference,LA-CH,200810,1,47.67266175,84.25,1.0,0.75,140.0,200810,4000
reference,LA-CH,200811,2,44.33711,72.375,1.0,0.25,102.0,200810,4000
reference,LA-CH,200812,3,32.772664750000004,56.75,1.0,0.0,73.0,200810,4000
reference,LA-CH,200901,1,10.049703,13.75,1.0,1.0,31.0,200901,4000
reference,LA-CH,200902,2,25.96861525,39.75,0.25,0.0,48.0,200901,4000
reference,LA-CH,200903,3,21.53617675,38.75,1.0,0.0,60.0,200901,4000
reference,LA-CH,200904,1,36.957363,67.375,1.0,0.0,102.0,200904,4000
reference,LA-CH,200905,2,75.32216250000002,80.25,1.0,1.0,66.0,200904,4000
reference,LA-CH,200906,3,79.6897195,55.875,1.0,1.0,124.0,200904,4000
reference,LA-CH,200907,1,71.15796999999995,109.25,1.0,0.0,122.0,200907,4000
reference,LA-CH,200908,2,65.9228705,102.625,1.0,0.0,110.0,200907,4000
reference,LA-CH,200909,3,61.406306249999965,96.25,1.0,0.0,105.0,200907,4000
reference,LA-CH,200910,1,20.148328999999997,29.875,1.0,1.0,59.0,200910,4000
reference,LA-CH,200911,2,16.137065750000005,10.5,1.0,1.0,35.0,200910,4000
reference,LA-CH,200912,3,12.705397,7.5,1.0,1.0,32.0,200910,4000
reference,LA-HO,200801,1,0.0033932499999999,0.0,1.0,1.0,0.0,200801,4000
reference,LA-HO,200802,2,0.00093875,0.0,1.0,1.0,0.0,200801,4000
reference,LA-HO,200803,3,0.0085314999999999,0.0,1.0,1.0,0.0,200801,4000
reference,LA-HO,200804,1,0.013471,0.0,1.0,1.0,0.0,200804,4000
reference,LA-HO,200805,2,0.022683,0.0,1.0,1.0,0.0,200804,4000
reference,LA-HO,200806,3,0.03302,0.0,1.0,1.0,0.0,200804,4000
reference,LA-HO,200807,1,0.3769914999999997,0.0,1.0,1.0,0.0,200807,4000
reference,LA-HO,200808,2,0.4492542499999994,0.0,1.0,1.0,0.0,200807,4000
reference,LA-HO,200809,3,0.7446340000000005,1.0,1.0,1.0,1.0,200807,4000
reference,LA-HO,200810,1,0.06861625,0.0,1.0,1.0,0.0,200810,4000
reference,LA-HO,200811,2,0.00963075,0.0,1.0,1.0,0.0,200810,4000
reference,LA-HO,200812,3,0.8974147499999999,1.0,0.0,0.0,1.0,200810,4000
reference,LA-HO,200901,1,0.0162604999999999,0.0,1.0,1.0,0.0,200901,4000
reference,LA-HO,200902,2,0.0244919999999999,0.0,1.0,1.0,0.0,200901,4000
reference,LA-HO,200903,3,0.02520025,0.0,1.0,1.0,0.0,200901,4000
reference,LA-HO,200904,1,0.00536225,0.0,1.0,1.0,0.0,200904,4000
reference,LA-HO,200905,2,0.011925,0.0,1.0,1.0,0.0,200904,4000
reference,LA-HO,200906,3,0.0431117499999999,0.0,1.0,1.0,0.0,200904,4000
reference,LA-HO,200907,1,0.2975690000000003,0.0,1.0,1.0,0.0,200907,4000
reference,LA-HO,200908,2,0.4700382500000002,0.0,1.0,1.0,0.0,200907,4000
reference,LA-HO,200909,3,0.7268472499999997,1.0,1.0,1.0,1.0,200907,4000
reference,LA-HO,200910,1,0.5777009999999999,1.0,1.0,0.5,1.0,200910,4000
reference,LA-HO,200911,2,0.78325125,1.0,0.5,0.0,1.0,200910,4000
reference,LA-HO,200912,3,0.87533575,1.0,0.0,0.0,1.0,200910,4000
reference,LA-KH,200801,1,0.7769425,1.0,1.0,1.0,0.0,200801,4000
reference,LA-KH,200802,2,0.0899645,0.0,1.0,1.0,0.0,200801,4000
reference,LA-KH,200803,3,0.08083225,0.0,1.0,1.0,0.0,200801,4000
reference,LA-KH,200804,1,0.50089525,0.75,1.0,1.0,0.0,200804,4000
reference,LA-KH,200805,2,1.0987155,1.25,1.0,1.0,0.0,200804,4000
reference,LA-KH,200806,3,2.6191885000000004,2.75,1.0,1.0,1.0,200804,4000
reference,LA-KH,200807,1,4.206672750000001,1.0,1.0,1.0,3.0,200807,4000
reference,LA-KH,200808,2,4.554646249999996,2.25,1.0,1.0,0.0,200807,4000
reference,LA-KH,200809,3,4.605022999999997,2.0,1.0,1.0,4.0,200807,4000
reference,LA-KH,200810,1,0.7503565,0.0,1.0,1.0,1.0,200810,4000
reference,LA-KH,200811,2,1.5314975000000002,2.75,1.0,0.25,3.0,200810,4000
reference,LA-KH,200812,3,3.205132,4.0,0.0,0.0,4.0,200810,4000
reference,LA-KH,200901,1,0.0789115,0.0,1.0,1.0,0.0,200901,4000
reference,LA-KH,200902,2,0.0184859999999999,0.0,1.0,1.0,0.0,200901,4000
reference,LA-KH,200903,3,4.757184,6.0,0.0,0.0,6.0,200901,4000
reference,LA-KH,200904,1,0.36157825,0.0,1.0,1.0,0.0,200904,4000
reference,LA-KH,200905,2,2.211093,4.0,1.0,0.5,6.0,200904,4000
reference,LA-KH,200906,3,64.847896,75.75,0.0,0.0,80.0,200904,4000
reference,LA-KH,200907,1,116.86190075,152.75,0.0,0.0,155.0,200907,4000
reference,LA-KH,200908,2,248.8047135,300.5,0.0,0.0,303.0,200907,4000
reference,LA-KH,200909,3,223.44451925,274.25,0.0,0.0,277.0,200907,4000
reference,LA-KH,200910,1,43.194995,8.0,1.0,1.0,85.0,200910,4000
reference,LA-KH,200911,2,21.677693499999997,21.25,1.0,1.0,61.0,200910,4000
reference,LA-KH,200912,3,29.364558,50.875,1.0,0.0,67.0,200910,4000
reference,LA-LM,200801,1,0.0001869999999999,0.0,1.0,1.0,0.0,200801,4000
reference,LA-LM,200802,2,6.124999999999989e-05,0.0,1.0,1.0,0.0,200801,4000
reference,LA-LM,200803,3,2.3000000000000346e-05,0.0,1.0,1.0,0.0,200801,4000
reference,LA-LM,200804,1,0.0076832499999999,0.0,1.0,1.0,0.0,200804,4000
reference,LA-LM,200805,2,0.0507185,0.0,1.0,1.0,0.0,200804,4000
reference,LA-LM,200806,3,0.07468125,0.0,1.0,1.0,0.0,200804,4000
reference,LA-LM,200807,1,0.9505770000000008,0.0,1.0,1.0,0.0,200807,4000
reference,LA-LM,200808,2,0.5011180000000002,0.0,1.0,1.0,0.0,200807,4000
reference,LA-LM,200809,3,0.7134750000000003,0.0,1.0,1.0,0.0,200807,4000
reference,LA-LM,200810,1,0.02528225,0.0,1.0,1.0,0.0,200810,4000
reference,LA-LM,200811,2,0.00321175,0.0,1.0,1.0,0.0,200810,4000
reference,LA-LM,200812,3,0.0007694999999999,0.0,1.0,1.0,0.0,200810,4000
reference,LA-LM,200901,1,0.0001122499999999,0.0,1.0,1.0,0.0,200901,4000
reference,LA-LM,200902,2,0.0001109999999999,0.0,1.0,1.0,0.0,200901,4000
reference,LA-LM,200903,3,0.0004552499999999,0.0,1.0,1.0,0.0,200901,4000
reference,LA-LM,200904,1,0.95552225,1.0,0.0,0.0,1.0,200904,4000
reference,LA-LM,200905,2,0.0038972499999999,0.0,1.0,1.0,0.0,200904,4000
reference,LA-LM,200906,3,1.775661,2.0,0.0,0.0,2.0,200904,4000
reference,LA-LM,200907,1,0.93713525,1.0,1.0,1.0,1.0,200907,4000
reference,LA-LM,200908,2,1.1261882500000011,0.25,1.0,1.0,0.0,200907,4000
reference,LA-LM,200909,3,2.3978117500000007,4.0,1.0,0.5,4.0,200907,4000
reference,LA-LM,200910,1,2.75320575,4.0,1.0,0.0,5.0,200910,4000
reference,LA-LM,200911,2,4.56897925,6.0,0.0,0.0,6.0,200910,4000
reference,LA-LM,200912,3,3.36008825,4.0,0.0,0.0,4.0,200910,4000
reference,LA-LP,200801,1,0.82532475,1.0,1.0,1.0,0.0,200801,4000
reference,LA-LP,200802,2,14.229039,16.0,0.0,0.0,16.0,200801,4000
reference,LA-LP,200803,3,20.42374125,22.0,0.0,0.0,22.0,200801,4000
reference,LA-LP,200804,1,20.079706,28.0,0.75,0.0,33.0,200804,4000
reference,LA-LP,200805,2,82.12704175,105.5,0.0,0.0,116.0,200804,4000
reference,LA-LP,200806,3,104.643518,140.25,0.0,0.0,160.0,200804,4000
reference,LA-LP,200807,1,9.964950000000002,15.0,1.0,0.0,16.0,200807,4000
reference,LA-LP,200808,2,8.36418425,12.75,1.0,0.0,13.0,200807,4000
reference,LA-LP,200809,3,8.916167,13.5,1.0,0.0,14.0,200807,4000
reference,LA-LP,200810,1,17.1979405,27.25,0.75,0.0,33.0,200810,4000
reference,LA-LP,200811,2,107.752947,114.0,0.0,0.0,116.0,200810,4000
reference,LA-LP,200812,3,157.80555925,160.0,0.0,0.0,161.0,200810,4000
reference,LA-LP,200901,1,7.926249,10.5,1.0,0.0,0.0,200901,4000
reference,LA-LP,200902,2,5.34566875,7.0,1.0,0.0,0.0,200901,4000
reference,LA-LP,200903,3,12.5922905,15.75,0.0,0.0,0.0,200901,4000
reference,LA-LP,200904,1,11.6730205,15.0,0.0,0.0,0.0,200904,4000
reference,LA-LP,200905,2,34.6189255,45.0,0.0,0.0,0.0,200904,4000
reference,LA-LP,200906,3,71.9808455,94.625,1.0,0.0,9.0,200904,4000
reference,LA-LP,200907,1,20.95936,29.25,0.75,0.0,30.0,200907,4000
reference,LA-LP,200908,2,21.068553,31.0,0.75,0.0,32.0,200907,4000
reference,LA-LP,200909,3,284.7330325,312.25,0.0,0.0,313.0,200907,4000
reference,LA-LP,200910,1,69.28776425,121.5,1.0,0.0,165.0,200910,4000
reference,LA-LP,200911,2,38.725323,66.5,1.0,0.0,87.0,200910,4000
reference,LA-LP,200912,3,6.0545695,7.25,1.0,0.0,0.0,200910,4000
reference,LA-OU,200801,1,0.0009954999999999,0.0,1.0,1.0,0.0,200801,4000
reference,LA-OU,200802,2,0.0001854999999999,0.0,1.0,1.0,0.0,200801,4000
reference,LA-OU,200803,3,6.374999999999979e-05,0.0,1.0,1.0,0.0,200801,4000
reference,LA-OU,200804,1,0.021019,0.0,1.0,1.0,0.0,200804,4000
reference,LA-OU,200805,2,0.0979922499999999,0.0,1.0,1.0,0.0,200804,4000
reference,LA-OU,200806,3,0.169309,0.0,1.0,1.0,0.0,200804,4000
reference,LA-OU,200807,1,1.9330165000000017,1.0,1.0,1.0,0.0,200807,4000
reference,LA-OU,200808,2,1.27780225,0.25,1.0,1.0,0.0,200807,4000
reference,LA-OU,200809,3,1.5425357500000008,0.75,1.0,1.0,0.0,200807,4000
reference,LA-OU,200810,1,0.0331582499999999,0.0,1.0,1.0,0.0,200810,4000
reference,LA-OU,200811,2,0.0057727499999999,0.0,1.0,1.0,0.0,200810,4000
reference,LA-OU,200812,3,0.00139925,0.0,1.0,1.0,0.0,200810,4000
reference,LA-OU,200901,1,0.0002072499999999,0.0,1.0,1.0,0.0,200901,4000
reference,LA-OU,200902,2,0.0001965,0.0,1.0,1.0,0.0,200901,4000
reference,LA-OU,200903,3,0.00056025,0.0,1.0,1.0,0.0,200901,4000
reference,LA-OU,200904,1,0.00090175,0.0,1.0,1.0,0.0,200904,4000
reference,LA-OU,200905,2,0.0051239999999999,0.0,1.0,1.0,0.0,200904,4000
reference,LA-OU,200906,3,0.01647975,0.0,1.0,1.0,0.0,200904,4000
reference,LA-OU,200907,1,1.7412692500000009,0.75,1.0,1.0,0.0,200907,4000
reference,LA-OU,200908,2,2.001218249999999,0.25,1.0,1.0,1.0,200907,4000
reference,LA-OU,200909,3,9.3298065,14.25,0.75,0.0,15.0,200907,4000
reference,LA-OU,200910,1,2.2214875000000003,4.0,1.0,0.75,6.0,200910,4000
reference,LA-OU,200911,2,8.9728415,12.0,0.0,0.0,13.0,200910,4000
reference,LA-OU,200912,3,16.17595275,18.0,0.0,0.0,18.0,200910,4000
reference,LA-PH,200901,1,0.0130202499999999,0.0,1.0,1.0,0.0,200901,4000
reference,LA-PH,200902,2,0.01459375,0.0,1.0,1.0,0.0,200901,4000
reference,LA-PH,200903,3,0.01747275,0.0,1.0,1.0,0.0,200901,4000
reference,LA-PH,200904,1,0.0034817499999999,0.0,1.0,1.0,0.0,200904,4000
reference,LA-PH,200905,2,0.0067925,0.0,1.0,1.0,0.0,200904,4000
reference,LA-PH,200906,3,0.0279412499999999,0.0,1.0,1.0,0.0,200904,4000
reference,LA-PH,200907,1,0.1950434999999999,0.0,1.0,1.0,0.0,200907,4000
reference,LA-PH,200909,3,0.2976595000000001,0.0,1.0,1.0,0.0,200907,4000
reference,LA-PH,200910,1,0.0170252499999999,0.0,1.0,1.0,0.0,200910,4000
reference,LA-PH,200911,2,0.0064347499999999,0.0,1.0,1.0,0.0,200910,4000
reference,LA-PH,200912,3,0.0011549999999999,0.0,1.0,1.0,0.0,200910,4000
reference,LA-SL,200801,1,0.944374,1.0,1.0,1.0,0.0,200801,4000
reference,LA-SL,200802,2,0.3960867499999999,0.25,1.0,1.0,1.0,200801,4000
reference,LA-SL,200803,3,3.71234675,5.0,0.0,0.0,5.0,200801,4000
reference,LA-SL,200804,1,0.99449025,0.5,1.0,1.0,2.0,200804,4000
reference,LA-SL,200805,2,89.40537875,101.25,0.0,0.0,105.0,200804,4000
reference,LA-SL,200806,3,184.4246935,216.25,0.0,0.0,226.0,200804,4000
reference,LA-SL,200807,1,49.26407675,74.75,1.0,0.0,78.0,200807,4000
reference,LA-SL,200808,2,39.41688825,60.0,1.0,0.0,63.0,200807,4000
reference,LA-SL,200809,3,57.114015,82.5,1.0,0.0,85.0,200807,4000
reference,LA-SL,200810,1,37.614025,65.5,1.0,0.0,91.0,200810,4000
reference,LA-SL,200811,2,8.01930375,10.25,1.0,1.0,21.0,200810,4000
reference,LA-SL,200812,3,2.8268264999999997,3.5,1.0,1.0,8.0,200810,4000
reference,LA-SL,200901,1,1.65789525,1.75,1.0,1.0,1.0,200901,4000
reference,LA-SL,200902,2,19.7962565,23.0,0.0,0.0,24.0,200901,4000
reference,LA-SL,200903,3,13.1628275,20.5,0.0,0.0,25.0,200901,4000
reference,LA-SL,200904,1,5.858830749999999,8.0,1.0,1.0,19.0,200904,4000
reference,LA-SL,200905,2,45.2519755,82.375,1.0,0.0,122.0,200904,4000
reference,LA-SL,200906,3,31.8076495,27.125,1.0,1.0,42.0,200904,4000
reference,LA-SL,200907,1,118.85979425000002,160.75,0.25,0.0,164.0,200907,4000
reference,LA-SL,200908,2,91.037494,124.25,0.0,0.0,127.0,200907,4000
reference,LA-SL,200909,3,62.04129249999999,88.5,0.5,0.0,91.0,200907,4000
reference,LA-SL,200910,1,35.41509575,64.75,1.0,0.0,94.0,200910,4000
reference,LA-SL,200911,2,16.416914499999997,15.625,1.0,1.0,44.0,200910,4000
reference,LA-SL,200912,3,7.024564250000001,2.875,1.0,1.0,17.0,200910,4000
reference,LA-SV,200801,1,5.560645,7.125,1.0,0.0,1.0,200801,4000
reference,LA-SV,200802,2,1.0085315,1.0,1.0,1.0,1.0,200801,4000
reference,LA-SV,200803,3,0.4973877499999999,0.0,1.0,1.0,1.0,200801,4000
reference,LA-SV,200804,1,3.5772804999999996,4.0,1.0,0.25,0.0,200804,4000
reference,LA-SV,200805,2,6.43930125,7.5,1.0,0.25,1.0,200804,4000
reference,LA-SV,200806,3,24.48841975,26.875,1.0,0.25,10.0,200804,4000
reference,LA-SV,200807,1,23.12051975,1.0,1.0,1.0,11.0,200807,4000
reference,LA-SV,200808,2,21.36057074999998,6.75,1.0,1.0,4.0,200807,4000
reference,LA-SV,200809,3,23.258939499999997,9.25,1.0,1.0,2.0,200807,4000
reference,LA-SV,200810,1,3.819202250000001,7.0,1.0,0.25,10.0,200810,4000
reference,LA-SV,200811,2,0.8241327500000002,0.75,1.0,1.0,2.0,200810,4000
reference,LA-SV,200812,3,0.3548737500000001,0.0,1.0,1.0,0.0,200810,4000
reference,LA-SV,200901,1,0.0830284999999999,0.0,1.0,1.0,0.0,200901,4000
reference,LA-SV,200902,2,0.0152394999999999,0.0,1.0,1.0,0.0,200901,4000
reference,LA-SV,200903,3,0.12601875,0.0,1.0,1.0,0.0,200901,4000
reference,LA-SV,200904,1,0.18258525,0.0,1.0,1.0,0.0,200904,4000
reference,LA-SV,200905,2,1.2562635,1.75,1.0,1.0,0.0,200904,4000
reference,LA-SV,200906,3,1.6869117500000002,2.0,1.0,1.0,1.0,200904,4000
reference,LA-SV,200907,1,26.799079749999976,4.0,1.0,1.0,13.0,200907,4000
reference,LA-SV,200908,2,29.625094249999957,22.25,1.0,1.0,34.0,200907,4000
reference,LA-SV,200909,3,33.84717599999999,36.125,1.0,1.0,48.0,200907,4000
reference,LA-SV,200910,1,7.0335019999999995,2.125,1.0,1.0,16.0,200910,4000
reference,LA-SV,200911,2,15.431827,26.0,1.0,0.0,33.0,200910,4000
reference,LA-SV,200912,3,1.7666767499999998,0.75,1.0,1.0,4.0,200910,4000
reference,LA-VT,200801,1,11.1160255,4.0,1.0,1.0,29.0,200801,4000
reference,LA-VT,200802,2,4.11515575,7.25,1.0,0.75,12.0,200801,4000
reference,LA-VT,200803,3,16.96018625,23.25,0.0,0.0,26.0,200801,4000
reference,LA-VT,200804,1,10.77835425,12.25,1.0,0.25,4.0,200804,4000
reference,LA-VT,200805,2,20.521471750000003,24.75,1.0,1.0,17.0,200804,4000
reference,LA-VT,200806,3,69.88104925,80.5,1.0,1.0,60.0,200804,4000
reference,LA-VT,200807,1,81.40077274999996,109.25,1.0,0.5,132.0,200807,4000
reference,LA-VT,200808,2,84.85327000000001,126.25,1.0,0.25,144.0,200807,4000
reference,LA-VT,200809,3,93.64231074999996,137.25,1.0,0.0,158.0,200807,4000
reference,LA-VT,200810,1,35.20602275,24.5,1.0,1.0,95.0,200810,4000
reference,LA-VT,200811,2,57.436028,97.625,1.0,0.25,129.0,200810,4000
reference,LA-VT,200812,3,51.8002925,77.75,0.0,0.0,91.0,200810,4000
reference,LA-VT,200901,1,20.70266475,31.5,0.25,0.0,38.0,200901,4000
reference,LA-VT,200902,2,13.901395,17.875,0.0,0.0,20.0,200901,4000
reference,LA-VT,200903,3,6.35277275,11.0,1.0,1.0,19.0,200901,4000
reference,LA-VT,200904,1,10.8966255,8.5,1.0,1.0,33.0,200904,4000
reference,LA-VT,200905,2,109.941614,138.75,1.0,0.75,54.0,200904,4000
reference,LA-VT,200906,3,176.63849825,207.75,1.0,1.0,104.0,200904,4000
reference,LA-VT,200907,1,174.467824,267.75,1.0,0.25,302.0,200907,4000
reference,LA-VT,200908,2,205.78056975,323.625,1.0,0.0,356.0,200907,4000
reference,LA-VT,200909,3,278.36174550000004,439.25,1.0,0.0,470.0,200907,4000
reference,LA-VT,200910,1,197.894393,363.25,1.0,0.0,527.0,200910,4000
reference,LA-VT,200911,2,268.37443075,429.375,0.5,0.0,521.0,200910,4000
reference,LA-VT,200912,3,226.40287475,320.75,0.0,0.0,366.0,200910,4000
reference,LA-XA,200801,1,1.06215775,1.125,1.0,1.0,0.0,200801,4000
reference,LA-XA,200802,2,0.2354625,0.0,1.0,1.0,0.0,200801,4000
reference,LA-XA,200803,3,0.15566625,0.0,1.0,1.0,0.0,200801,4000
reference,LA-XA,200804,1,0.7379695000000001,0.75,1.0,1.0,0.0,200804,4000
reference,LA-XA,200805,2,1.32360175,1.0,1.0,1.0,2.0,200804,4000
reference,LA-XA,200806,3,2.3749184999999997,2.0,1.0,1.0,6.0,200804,4000
reference,LA-XA,200807,1,11.184284999999996,17.0,1.0,0.0,19.0,200807,4000
reference,LA-XA,200808,2,4.234384749999999,6.0,1.0,1.0,7.0,200807,4000
reference,LA-XA,200809,3,2.697391250000001,0.0,1.0,1.0,1.0,200807,4000
reference,LA-XA,200810,1,1.5762365,0.0,1.0,1.0,3.0,200810,4000
reference,LA-XA,200811,2,0.8232865,0.75,1.0,1.0,2.0,200810,4000
reference,LA-XA,200812,3,0.408204,1.0,1.0,1.0,1.0,200810,4000
reference,LA-XA,200901,1,0.09775275,0.0,1.0,1.0,0.0,200901,4000
reference,LA-XA,200902,2,0.03872075,0.0,1.0,1.0,0.0,200901,4000
reference,LA-XA,200903,3,0.2171452499999999,0.0,1.0,1.0,0.0,200901,4000
reference,LA-XA,200904,1,0.30977675,0.0,1.0,1.0,0.0,200904,4000
reference,LA-XA,200905,2,1.1146125000000002,1.0,1.0,1.0,1.0,200904,4000
reference,LA-XA,200906,3,5.670314749999999,10.0,1.0,0.0,14.0,200904,4000
reference,LA-XA,200907,1,6.406543500000003,9.25,1.0,0.75,11.0,200907,4000
reference,LA-XA,200908,2,23.106004,35.25,0.75,0.0,37.0,200907,4000
reference,LA-XA,200909,3,6.533184249999995,9.5,1.0,0.75,11.0,200907,4000
reference,LA-XA,200910,1,4.4654025,3.0,1.0,1.0,5.0,200910,4000
reference,LA-XA,200911,2,2.1824275,0.75,1.0,1.0,5.0,200910,4000
reference,LA-XA,200912,3,1.3401602499999998,1.75,1.0,1.0,0.0,200910,4000
reference,LA-XE,200801,1,0.0157672499999999,0.0,1.0,1.0,0.0,200801,4000
reference,LA-XE,200802,2,0.00728225,0.0,1.0,1.0,0.0,200801,4000
reference,LA-XE,200803,3,0.00405975,0.0,1.0,1.0,0.0,200801,4000
reference,LA-XE,200804,1,0.01893125,0.0,1.0,1.0,0.0,200804,4000
reference,LA-XE,200805,2,0.0490319999999999,0.0,1.0,1.0,0.0,200804,4000
reference,LA-XE,200806,3,3.87301125,5.0,0.0,0.0,5.0,200804,4000
reference,LA-XE,200807,1,0.4383570000000001,0.0,1.0,1.0,0.0,200807,4000
reference,LA-XE,200808,2,0.5336115000000001,0.0,1.0,1.0,0.0,200807,4000
reference,LA-XE,200809,3,0.6918269999999999,1.0,1.0,1.0,1.0,200807,4000
reference,LA-XE,200810,1,0.0499849999999999,0.0,1.0,1.0,0.0,200810,4000
reference,LA-XE,200811,2,0.020021,0.0,1.0,1.0,0.0,200810,4000
reference,LA-XE,200812,3,0.86535475,1.0,0.0,0.0,1.0,200810,4000
reference,LA-XE,200901,1,0.00637675,0.0,1.0,1.0,0.0,200901,4000
reference,LA-XE,200902,2,1.8795005,2.0,0.0,0.0,2.0,200901,4000
reference,LA-XE,200903,3,1.75755275,2.0,0.0,0.0,2.0,200901,4000
reference,LA-XE,200904,1,0.521935,1.0,1.0,1.0,1.0,200904,4000
reference,LA-XE,200905,2,0.97420275,2.0,1.0,0.0,2.0,200904,4000
reference,LA-XE,200906,3,5.86126,8.0,0.0,0.0,9.0,200904,4000
reference,LA-XE,200907,1,25.168266749999997,29.0,0.0,0.0,29.0,200907,4000
reference,LA-XE,200908,2,22.43472575,27.0,0.0,0.0,27.0,200907,4000
reference,LA-XE,200909,3,4.09308175,6.0,0.75,0.0,6.0,200907,4000
reference,LA-XE,200910,1,2.796644,3.75,1.0,1.0,7.0,200910,4000
reference,LA-XE,200911,2,5.795607750000002,4.75,1.0,1.0,3.0,200910,4000
reference,LA-XE,200912,3,6.98543275,3.125,1.0,1.0,7.0,200910,4000
reference,LA-XI,200801,1,0.0005107499999999,0.0,1.0,1.0,0.0,200801,4000
reference,LA-XI,200802,2,0.0001444999999999,0.0,1.0,1.0,0.0,200801,4000
reference,LA-XI,200803,3,0.0003409999999999,0.0,1.0,1.0,0.0,200801,4000
reference,LA-XI,200804,1,0.005478,0.0,1.0,1.0,0.0,200804,4000
reference,LA-XI,200805,2,0.0145995,0.0,1.0,1.0,0.0,200804,4000
reference,LA-XI,200806,3,0.8408530000000001,1.0,0.25,0.25,1.0,200804,4000
reference,LA-XI,200807,1,0.3255652499999999,0.0,1.0,1.0,0.0,200807,4000
reference,LA-XI,200808,2,0.3256207499999999,0.0,1.0,1.0,0.0,200807,4000
reference,LA-XI,200809,3,0.3639719999999995,0.0,1.0,1.0,0.0,200807,4000
reference,LA-XI,200810,1,0.0140124999999999,0.0,1.0,1.0,0.0,200810,4000
reference,LA-XI,200811,2,0.0035425,0.0,1.0,1.0,0.0,200810,4000
reference,LA-XI,200812,3,0.0009309999999999,0.0,1.0,1.0,0.0,200810,4000
reference,LA-XI,200901,1,0.00125375,0.0,1.0,1.0,0.0,200901,4000
reference,LA-XI,200902,2,0.001519,0.0,1.0,1.0,0.0,200901,4000
reference,LA-XI,200903,3,0.0012149999999999,0.0,1.0,1.0,0.0,200901,4000
reference,LA-XI,200904,1,0.00037025,0.0,1.0,1.0,0.0,200904,4000
reference,LA-XI,200905,2,38.924908,39.0,0.0,0.0,39.0,200904,4000
reference,LA-XI,200906,3,32.83338475,33.0,0.0,0.0,33.0,200904,4000
reference,LA-XI,200907,1,0.6998392500000006,1.0,1.0,0.75,1.0,200907,4000
reference,LA-XI,200908,2,7.121734,10.0,0.5,0.0,10.0,200907,4000
reference,LA-XI,200909,3,0.4275137499999998,0.0,1.0,1.0,0.0,200907,4000
reference,LA-XI,200910,1,0.96271025,1.0,1.0,1.0,0.0,200910,4000
reference,LA-XI,200911,2,0.3815999999999999,0.25,1.0,1.0,0.0,200910,4000
reference,LA-XI,200912,3,0.167857,0.0,1.0,1.0,0.0,200910,4000
