location,time_period,horizon_distance,model,against,crps_model,crps_against,split_first_period,diff
LA-AT,200801,1,hier_nb,reference,3.788421,2.8567205,200801,0.9317004999999998
LA-AT,200802,2,hier_nb,reference,1.911393,1.2271735,200801,0.6842195
LA-AT,200803,3,hier_nb,reference,0.0052099999999999,0.07830275,200801,-0.07309275000000011
LA-AT,200804,1,hier_nb,reference,0.0526569999999999,0.50567575,200804,-0.4530187500000001
LA-AT,200805,2,hier_nb,reference,2.7854750000000004,1.56358275,200804,1.2218922500000005
LA-AT,200806,3,hier_nb,reference,7.509414,4.13374575,200804,3.3756682499999995
LA-AT,200807,1,hier_nb,reference,3.5880270000000003,3.5250217500000014,200807,0.0630052499999989
LA-AT,200808,2,hier_nb,reference,6.260508999999999,6.766005999999999,200807,-0.5054970000000001
LA-AT,200809,3,hier_nb,reference,17.36968,17.3033775,200807,0.06630249999999904
LA-AT,200810,1,hier_nb,reference,42.642360999999994,30.770417750000004,200810,11.87194324999999
LA-AT,200811,2,hier_nb,reference,39.520303,33.719483249999996,200810,5.800819750000002
LA-AT,200812,3,hier_nb,reference,21.312028,17.15468825,200810,4.157339750000002
LA-AT,200901,1,hier_nb,reference,16.620842,8.29974025,200901,8.32110175
LA-AT,200902,2,hier_nb,reference,45.191501,38.76478525,200901,6.42671575
LA-AT,200903,3,hier_nb,reference,75.106387,58.79363725,200901,16.312749749999995
LA-AT,200904,1,hier_nb,reference,92.06734,50.53175225,200904,41.535587750000005
LA-AT,200905,2,hier_nb,reference,2.0711830000000013,48.4498705,200904,-46.3786875
LA-AT,200906,3,hier_nb,reference,13.843083999999998,39.38997125,200904,-25.546887250000005
LA-AT,200907,1,hier_nb,reference,41.582814000000006,48.98766975,200907,-7.404855749999996
LA-AT,200908,2,hier_nb,reference,14.750611,14.9626135,200907,-0.21200250000000054
LA-AT,200909,3,hier_nb,reference,10.220502999999995,10.2212285,200907,-0.0007255000000050416
LA-AT,200910,1,hier_nb,reference,2.199496,6.4422120000000005,200910,-4.242716000000001
LA-AT,200911,2,hier_nb,reference,12.343198,6.16758375,200910,6.175614249999999
LA-AT,200912,3,hier_nb,reference,4.771692,5.693875249999999,200910,-0.9221832499999989
LA-BK,200801,1,hier_nb,reference,0.8687229999999999,0.95601925,200801,-0.08729625000000008
LA-BK,200802,2,hier_nb,reference,0.0019649999999999,4.6500000000000046e-05,200801,0.0019184999999998999
LA-BK,200803,3,hier_nb,reference,0.009537,2.8000000000000247e-05,200801,0.009509
LA-BK,200804,1,hier_nb,reference,0.0270789999999999,0.0264175,200804,0.0006614999999998983
LA-BK,200805,2,hier_nb,reference,11.42761,10.713214999999998,200804,0.7143950000000014
LA-BK,200806,3,hier_nb,reference,51.516767,50.8679235,200804,0.6488434999999981
LA-BK,200807,1,hier_nb,reference,1.091088,1.96930125,200807,-0.87821325
LA-BK,200808,2,hier_nb,reference,5.396069,5.856817999999999,200807,-0.46074899999999896
LA-BK,200809,3,hier_nb,reference,26.198098,21.43587975,200807,4.76221825
LA-BK,200810,1,hier_nb,reference,44.570442,21.940763500000003,200810,22.629678499999997
LA-BK,200811,2,hier_nb,reference,52.219245,47.66615875,200810,4.55308625
LA-BK,200812,3,hier_nb,reference,4.16295,2.97199575,200810,1.1909542500000003
LA-BK,200901,1,hier_nb,reference,0.607221,0.45439075,200901,0.15283025
LA-BK,200902,2,hier_nb,reference,0.0473609999999999,0.30116375,200901,-0.2538027500000001
LA-BK,200903,3,hier_nb,reference,0.754136,0.6673817500000001,200901,0.08675424999999992
LA-BK,200904,1,hier_nb,reference,2.531204,1.287469,200904,1.2437349999999998
LA-BK,200905,2,hier_nb,reference,71.54265699999999,43.308491,200904,28.234165999999995
LA-BK,200906,3,hier_nb,reference,208.947278,146.54898674999998,200904,62.39829125000003
LA-BK,200907,1,hier_nb,reference,191.219989,188.15685825,200907,3.063130749999999
LA-BK,200908,2,hier_nb,reference,85.987102,90.8190615,200907,-4.831959500000011
LA-BK,200909,3,hier_nb,reference,35.239885,38.901625249999995,200907,-3.661740249999994
LA-BK,200910,1,hier_nb,reference,21.561045999999997,20.581325999999997,200910,0.9797200000000004
LA-BK,200911,2,hier_nb,reference,2.6993550000000006,12.810468749999998,200910,-10.111113749999998
LA-BK,200912,3,hier_nb,reference,2.734375,4.833049750000001,200910,-2.0986747500000007
LA-BL,200801,1,hier_nb,reference,3.5270390000000003,5.3708495,200801,-1.8438105
LA-BL,200802,2,hier_nb,reference,4.231488000000001,5.84484275,200801,-1.6133547499999992
LA-BL,200803,3,hier_nb,reference,0.3931769999999999,0.42230275,200801,-0.029125750000000117
LA-BL,200804,1,hier_nb,reference,1.0806240000000005,1.6217134999999998,200804,-0.5410894999999993
LA-BL,200805,2,hier_nb,reference,5.575555999999999,6.6790910000000006,200804,-1.1035350000000017
LA-BL,200806,3,hier_nb,reference,6.803504999999998,7.575282,200804,-0.7717770000000019
LA-BL,200807,1,hier_nb,reference,14.140247000000002,20.087886249999997,200807,-5.947639249999995
LA-BL,200808,2,hier_nb,reference,14.733270000000005,20.6089715,200807,-5.875701499999995
LA-BL,200809,3,hier_nb,reference,15.122698999999995,18.523956,200807,-3.401257000000003
LA-BL,200810,1,hier_nb,reference,16.423255,9.729708250000002,200810,6.693546749999999
LA-BL,200811,2,hier_nb,reference,6.658467999999999,4.276498999999999,200810,2.381969
LA-BL,200812,3,hier_nb,reference,3.148053,0.9770205,200810,2.1710325
LA-BL,200901,1,hier_nb,reference,0.8563179999999999,0.7456575000000001,200901,0.11066049999999983
LA-BL,200902,2,hier_nb,reference,1.155479,1.68273325,200901,-0.5272542500000001
LA-BL,200903,3,hier_nb,reference,1.02629,1.1302832499999995,200901,-0.10399324999999959
LA-BL,200904,1,hier_nb,reference,1.346961,0.8048480000000001,200904,0.542113
LA-BL,200905,2,hier_nb,reference,14.101530999999998,3.829161000000001,200904,10.272369999999997
LA-BL,200906,3,hier_nb,reference,14.141430999999995,5.61813075,200904,8.523300249999995
LA-BL,200907,1,hier_nb,reference,12.998627,21.985704500000004,200907,-8.987077500000003
LA-BL,200908,2,hier_nb,reference,23.305617999999996,6.174969249999998,200907,17.13064875
LA-BL,200909,3,hier_nb,reference,32.285911999999996,4.862042999999998,200907,27.423868999999996
LA-BL,200910,1,hier_nb,reference,22.644665,5.49467175,200910,17.14999325
LA-BL,200911,2,hier_nb,reference,12.614133,2.1073274999999994,200910,10.506805500000002
LA-BL,200912,3,hier_nb,reference,1.710693,0.712077,200910,0.9986160000000001
LA-CH,200801,1,hier_nb,reference,42.307985,29.3396385,200801,12.968346500000003
LA-CH,200802,2,hier_nb,reference,66.59802400000001,43.54995375,200801,23.04807025000001
LA-CH,200803,3,hier_nb,reference,61.07289000000001,50.399487500000006,200801,10.673402500000002
LA-CH,200804,1,hier_nb,reference,34.510819999999995,27.6368465,200804,6.873973499999995
LA-CH,200805,2,hier_nb,reference,53.14854299999999,52.862192500000006,200804,0.2863504999999833
LA-CH,200806,3,hier_nb,reference,155.28667700000003,122.0008095,200804,33.28586750000002
LA-CH,200807,1,hier_nb,reference,64.11573800000002,96.85658924999996,200807,-32.740851249999935
LA-CH,200808,2,hier_nb,reference,57.19540699999999,88.99043875000001,200807,-31.79503175000002
LA-CH,200809,3,hier_nb,reference,74.03386400000002,120.46265225,200807,-46.42878824999998
LA-CH,200810,1,hier_nb,reference,63.753767999999994,47.67266175,200810,16.08110624999999
LA-CH,200811,2,hier_nb,reference,45.281513,44.33711,200810,0.9444029999999941
LA-CH,200812,3,hier_nb,reference,34.086786,32.772664750000004,200810,1.3141212499999924
LA-CH,200901,1,hier_nb,reference,13.006018999999998,10.049703,200901,2.9563159999999993
LA-CH,200902,2,hier_nb,reference,30.165069000000003,25.96861525,200901,4.196453750000003
LA-CH,200903,3,hier_nb,reference,33.320268999999996,21.53617675,200901,11.784092249999997
LA-CH,200904,1,hier_nb,reference,55.924188,36.957363,200904,18.966825
LA-CH,200905,2,hier_nb,reference,31.24918599999998,75.32216250000002,200904,-44.07297650000004
LA-CH,200906,3,hier_nb,reference,46.80479300000002,79.6897195,200904,-32.88492649999998
LA-CH,200907,1,hier_nb,reference,50.262812,71.15796999999995,200907,-20.895157999999952
LA-CH,200908,2,hier_nb,reference,41.511116999999985,65.9228705,200907,-24.411753500000017
LA-CH,200909,3,hier_nb,reference,38.70018300000001,61.406306249999965,200907,-22.706123249999955
LA-CH,200910,1,hier_nb,reference,23.259185,20.148328999999997,200910,3.110856000000002
LA-CH,200911,2,hier_nb,reference,15.514775,16.137065750000005,200910,-0.6222907500000048
LA-CH,200912,3,hier_nb,reference,12.177158999999996,12.705397,200910,-0.5282380000000035
LA-HO,200801,1,hier_nb,reference,0.0021839999999999,0.0033932499999999,200801,-0.0012092499999999998
LA-HO,200802,2,hier_nb,reference,0.000226,0.00093875,200801,-0.0007127500000000001
LA-HO,200803,3,hier_nb,reference,0.0011599999999999,0.0085314999999999,200801,-0.0073715000000000004
LA-HO,200804,1,hier_nb,reference,0.0050769999999999,0.013471,200804,-0.0083940000000001
LA-HO,200805,2,hier_nb,reference,0.0034189999999999,0.022683,200804,-0.019264000000000097
LA-HO,200806,3,hier_nb,reference,0.021142,0.03302,200804,-0.011878
LA-HO,200807,1,hier_nb,reference,0.0928029999999999,0.3769914999999997,200807,-0.2841884999999998
LA-HO,200808,2,hier_nb,reference,0.138338,0.4492542499999994,200807,-0.31091624999999945
LA-HO,200809,3,hier_nb,reference,0.6922510000000001,0.7446340000000005,200807,-0.0523830000000004
LA-HO,200810,1,hier_nb,reference,0.0213509999999999,0.06861625,200810,-0.047265250000000106
LA-HO,200811,2,hier_nb,reference,0.0056389999999999,0.00963075,200810,-0.0039917500000001
LA-HO,200812,3,hier_nb,reference,0.960427,0.8974147499999999,200810,0.0630122500000001
LA-HO,200901,1,hier_nb,reference,0.000789,0.0162604999999999,200901,-0.0154714999999999
LA-HO,200902,2,hier_nb,reference,9.99999999999994e-05,0.0244919999999999,200901,-0.0243919999999999
LA-HO,200903,3,hier_nb,reference,0.000746,0.02520025,200901,-0.02445425
LA-HO,200904,1,hier_nb,reference,0.0013729999999999,0.00536225,200904,-0.0039892500000001
LA-HO,200905,2,hier_nb,reference,0.014469,0.011925,200904,0.0025439999999999994
LA-HO,200906,3,hier_nb,reference,0.042634,0.0431117499999999,200904,-0.00047774999999990186
LA-HO,200907,1,hier_nb,reference,0.1437809999999999,0.2975690000000003,200907,-0.1537880000000004
LA-HO,200908,2,hier_nb,reference,0.1578049999999999,0.4700382500000002,200907,-0.31223325000000035
LA-HO,200909,3,hier_nb,reference,0.699121,0.7268472499999997,200907,-0.02772624999999973
LA-HO,200910,1,hier_nb,reference,0.772155,0.5777009999999999,200910,0.19445400000000013
LA-HO,200911,2,hier_nb,reference,0.8431929999999999,0.78325125,200910,0.059941749999999905
LA-HO,200912,3,hier_nb,reference,0.944801,0.87533575,200910,0.06946525000000003
LA-KH,200801,1,hier_nb,reference,0.492458,0.7769425,200801,-0.2844845
LA-KH,200802,2,hier_nb,reference,0.1125039999999999,0.0899645,200801,0.022539499999999893
LA-KH,200803,3,hier_nb,reference,0.086735,0.08083225,200801,0.005902750000000012
LA-KH,200804,1,hier_nb,reference,0.2558879999999999,0.50089525,200804,-0.24500725000000012
LA-KH,200805,2,hier_nb,reference,0.5926149999999999,1.0987155,200804,-0.5061005000000001
LA-KH,200806,3,hier_nb,reference,2.553848000000002,2.6191885000000004,200804,-0.06534049999999825
LA-KH,200807,1,hier_nb,reference,6.7093129999999945,4.206672750000001,200807,2.5026402499999936
LA-KH,200808,2,hier_nb,reference,6.868336999999997,4.554646249999996,200807,2.313690750000001
LA-KH,200809,3,hier_nb,reference,6.101644,4.605022999999997,200807,1.4966210000000029
LA-KH,200810,1,hier_nb,reference,3.6667750000000017,0.7503565,200810,2.9164185000000016
LA-KH,200811,2,hier_nb,reference,2.005794,1.5314975000000002,200810,0.4742964999999997
LA-KH,200812,3,hier_nb,reference,2.605924,3.205132,200810,-0.599208
LA-KH,200901,1,hier_nb,reference,0.1125249999999999,0.0789115,200901,0.03361349999999991
LA-KH,200902,2,hier_nb,reference,0.096143,0.0184859999999999,200901,0.07765700000000011
LA-KH,200903,3,hier_nb,reference,4.415616,4.757184,200901,-0.34156799999999965
LA-KH,200904,1,hier_nb,reference,0.3531140000000001,0.36157825,200904,-0.008464249999999895
LA-KH,200905,2,hier_nb,reference,3.5484779999999994,2.211093,200904,1.3373849999999994
LA-KH,200906,3,hier_nb,reference,47.692766000000006,64.847896,200904,-17.15513
LA-KH,200907,1,hier_nb,reference,106.157975,116.86190075,200907,-10.70392575000001
LA-KH,200908,2,hier_nb,reference,227.019947,248.8047135,200907,-21.78476649999999
LA-KH,200909,3,hier_nb,reference,198.099279,223.44451925,200907,-25.345240250000018
LA-KH,200910,1,hier_nb,reference,46.021879,43.194995,200910,2.8268839999999997
LA-KH,200911,2,hier_nb,reference,36.140759,21.677693499999997,200910,14.463065500000006
LA-KH,200912,3,hier_nb,reference,54.637064,29.364558,200910,25.272506000000003
LA-LM,200801,1,hier_nb,reference,0.000547,0.0001869999999999,200801,0.00036000000000009993
LA-LM,200802,2,hier_nb,reference,0.0001379999999999,6.124999999999989e-05,200801,7.674999999990011e-05
LA-LM,200803,3,hier_nb,reference,0.0003669999999999,2.3000000000000346e-05,200801,0.00034399999999989967
LA-LM,200804,1,hier_nb,reference,0.001228,0.0076832499999999,200804,-0.0064552499999999
LA-LM,200805,2,hier_nb,reference,0.0035589999999999,0.0507185,200804,-0.0471595000000001
LA-LM,200806,3,hier_nb,reference,0.014485,0.07468125,200804,-0.06019625000000001
LA-LM,200807,1,hier_nb,reference,0.078216,0.9505770000000008,200807,-0.8723610000000008
LA-LM,200808,2,hier_nb,reference,0.0635239999999999,0.5011180000000002,200807,-0.43759400000000026
LA-LM,200809,3,hier_nb,reference,0.0513080000000001,0.7134750000000003,200807,-0.6621670000000002
LA-LM,200810,1,hier_nb,reference,0.007705,0.02528225,200810,-0.01757725
LA-LM,200811,2,hier_nb,reference,0.0017689999999999,0.00321175,200810,-0.0014427500000001002
LA-LM,200812,3,hier_nb,reference,0.0001679999999999,0.0007694999999999,200810,-0.0006015
LA-LM,200901,1,hier_nb,reference,9.400000000000032e-05,0.0001122499999999,200901,-1.824999999989968e-05
LA-LM,200902,2,hier_nb,reference,0.0001209999999999,0.0001109999999999,200901,9.999999999999999e-06
LA-LM,200903,3,hier_nb,reference,0.000136,0.0004552499999999,200901,-0.0003192499999999
LA-LM,200904,1,hier_nb,reference,0.978145,0.95552225,200904,0.022622750000000025
LA-LM,200905,2,hier_nb,reference,0.0056839999999999,0.0038972499999999,200904,0.0017867500000000001
LA-LM,200906,3,hier_nb,reference,1.659561,1.775661,200904,-0.11609999999999987
LA-LM,200907,1,hier_nb,reference,0.7121059999999999,0.93713525,200907,-0.22502925000000007
LA-LM,200908,2,hier_nb,reference,0.1263019999999999,1.1261882500000011,200907,-0.9998862500000012
LA-LM,200909,3,hier_nb,reference,2.830548,2.3978117500000007,200907,0.43273624999999916
LA-LM,200910,1,hier_nb,reference,4.240601000000001,2.75320575,200910,1.487395250000001
LA-LM,200911,2,hier_nb,reference,5.550443,4.56897925,200910,0.9814637499999996
LA-LM,200912,3,hier_nb,reference,3.817358,3.36008825,200910,0.45726975000000003
LA-LP,200801,1,hier_nb,reference,0.8749810000000002,0.82532475,200801,0.04965625000000018
LA-LP,200802,2,hier_nb,reference,13.724017,14.229039,200801,-0.5050220000000003
LA-LP,200803,3,hier_nb,reference,19.612303,20.42374125,200801,-0.8114382499999984
LA-LP,200804,1,hier_nb,reference,26.888523,20.079706,200804,6.808816999999998
LA-LP,200805,2,hier_nb,reference,101.689016,82.12704175,200804,19.56197424999999
LA-LP,200806,3,hier_nb,reference,119.161012,104.643518,200804,14.517494
LA-LP,200807,1,hier_nb,reference,12.434883,9.964950000000002,200807,2.4699329999999975
LA-LP,200808,2,hier_nb,reference,15.196496000000003,8.36418425,200807,6.832311750000004
LA-LP,200809,3,hier_nb,reference,13.152888000000004,8.916167,200807,4.236721000000005
LA-LP,200810,1,hier_nb,reference,11.230853,17.1979405,200810,-5.967087500000002
LA-LP,200811,2,hier_nb,reference,87.895414,107.752947,200810,-19.857533000000004
LA-LP,200812,3,hier_nb,reference,151.655717,157.80555925,200810,-6.149842249999978
LA-LP,200901,1,hier_nb,reference,0.783426,7.926249,200901,-7.142823
LA-LP,200902,2,hier_nb,reference,0.6359350000000001,5.34566875,200901,-4.70973375
LA-LP,200903,3,hier_nb,reference,1.021137,12.5922905,200901,-11.571153500000001
LA-LP,200904,1,hier_nb,reference,0.587523,11.6730205,200904,-11.085497499999999
LA-LP,200905,2,hier_nb,reference,3.627877999999999,34.6189255,200904,-30.991047500000004
LA-LP,200906,3,hier_nb,reference,5.054102,71.9808455,200904,-66.9267435
LA-LP,200907,1,hier_nb,reference,10.809123,20.95936,200907,-10.150237
LA-LP,200908,2,hier_nb,reference,11.901094,21.068553,200907,-9.167459000000001
LA-LP,200909,3,hier_nb,reference,228.58896699999997,284.7330325,200907,-56.14406550000001
LA-LP,200910,1,hier_nb,reference,103.81275399999998,69.28776425,200910,34.52498974999999
LA-LP,200911,2,hier_nb,reference,51.406503,38.725323,200910,12.681179999999998
LA-LP,200912,3,hier_nb,reference,3.00704,6.0545695,200910,-3.0475295000000004
LA-OU,200801,1,hier_nb,reference,0.001453,0.0009954999999999,200801,0.0004575000000001002
LA-OU,200802,2,hier_nb,reference,0.0004839999999999,0.0001854999999999,200801,0.0002985
LA-OU,200803,3,hier_nb,reference,0.001321,6.374999999999979e-05,200801,0.0012572500000000001
LA-OU,200804,1,hier_nb,reference,0.0038059999999999,0.021019,200804,-0.0172130000000001
LA-OU,200805,2,hier_nb,reference,0.00929,0.0979922499999999,200804,-0.0887022499999999
LA-OU,200806,3,hier_nb,reference,0.02665,0.169309,200804,-0.14265899999999998
LA-OU,200807,1,hier_nb,reference,0.077588,1.9330165000000017,200807,-1.8554285000000017
LA-OU,200808,2,hier_nb,reference,0.090263,1.27780225,200807,-1.18753925
LA-OU,200809,3,hier_nb,reference,0.055228,1.5425357500000008,200807,-1.4873077500000007
LA-OU,200810,1,hier_nb,reference,0.0233559999999999,0.0331582499999999,200810,-0.009802250000000002
LA-OU,200811,2,hier_nb,reference,0.007807,0.0057727499999999,200810,0.0020342500000000993
LA-OU,200812,3,hier_nb,reference,0.0021689999999999,0.00139925,200810,0.0007697499999999001
LA-OU,200901,1,hier_nb,reference,0.0006259999999999,0.0002072499999999,200901,0.00041874999999999996
LA-OU,200902,2,hier_nb,reference,0.000577,0.0001965,200901,0.00038050000000000003
LA-OU,200903,3,hier_nb,reference,0.000843,0.00056025,200901,0.00028275
LA-OU,200904,1,hier_nb,reference,0.001454,0.00090175,200904,0.00055225
LA-OU,200905,2,hier_nb,reference,0.0176999999999999,0.0051239999999999,200904,0.012576
LA-OU,200906,3,hier_nb,reference,0.0350369999999999,0.01647975,200904,0.0185572499999999
LA-OU,200907,1,hier_nb,reference,0.085542,1.7412692500000009,200907,-1.6557272500000009
LA-OU,200908,2,hier_nb,reference,0.6161650000000001,2.001218249999999,200907,-1.385053249999999
LA-OU,200909,3,hier_nb,reference,13.933883,9.3298065,200907,4.6040765
LA-OU,200910,1,hier_nb,reference,5.2235439999999995,2.2214875000000003,200910,3.0020564999999992
LA-OU,200911,2,hier_nb,reference,12.465023,8.9728415,200910,3.492181500000001
LA-OU,200912,3,hier_nb,reference,17.751095,16.17595275,200910,1.575142249999999
LA-PH,200901,1,hier_nb,reference,2.499999999999985e-05,0.0130202499999999,200901,-0.0129952499999999
LA-PH,200902,2,hier_nb,reference,4.000000000000097e-06,0.01459375,200901,-0.01458975
LA-PH,200903,3,hier_nb,reference,8.999999999999894e-06,0.01747275,200901,-0.01746375
LA-PH,200904,1,hier_nb,reference,2.599999999999998e-05,0.0034817499999999,200904,-0.0034557499999999
LA-PH,200905,2,hier_nb,reference,0.000418,0.0067925,200904,-0.0063745
LA-PH,200906,3,hier_nb,reference,0.00109,0.0279412499999999,200904,-0.0268512499999999
LA-PH,200907,1,hier_nb,reference,0.001134,0.1950434999999999,200907,-0.1939094999999999
LA-PH,200909,3,hier_nb,reference,0.002306,0.2976595000000001,200907,-0.2953535000000001
LA-PH,200910,1,hier_nb,reference,0.000442,0.0170252499999999,200910,-0.0165832499999999
LA-PH,200911,2,hier_nb,reference,0.000359,0.0064347499999999,200910,-0.0060757499999999
LA-PH,200912,3,hier_nb,reference,1.700000000000052e-05,0.0011549999999999,200910,-0.0011379999999998995
LA-SL,200801,1,hier_nb,reference,0.062056,0.944374,200801,-0.882318
LA-SL,200802,2,hier_nb,reference,0.8322100000000001,0.3960867499999999,200801,0.43612325000000024
LA-SL,200803,3,hier_nb,reference,4.2619739999999995,3.71234675,200801,0.5496272499999995
LA-SL,200804,1,hier_nb,reference,1.344569,0.99449025,200804,0.3500787499999999
LA-SL,200805,2,hier_nb,reference,101.061999,89.40537875,200804,11.656620250000003
LA-SL,200806,3,hier_nb,reference,212.072745,184.4246935,200804,27.648051500000008
LA-SL,200807,1,hier_nb,reference,56.10452500000001,49.26407675,200807,6.840448250000009
LA-SL,200808,2,hier_nb,reference,38.781282,39.41688825,200807,-0.6356062500000021
LA-SL,200809,3,hier_nb,reference,58.060569,57.114015,200807,0.946553999999999
LA-SL,200810,1,hier_nb,reference,73.967708,37.614025,200810,36.353683000000004
LA-SL,200811,2,hier_nb,reference,14.704371000000002,8.01930375,200810,6.685067250000001
LA-SL,200812,3,hier_nb,reference,5.760646,2.8268264999999997,200810,2.9338195000000007
LA-SL,200901,1,hier_nb,reference,0.5405540000000002,1.65789525,200901,-1.1173412499999997
LA-SL,200902,2,hier_nb,reference,22.697285,19.7962565,200901,2.9010285000000025
LA-SL,200903,3,hier_nb,reference,22.721221,13.1628275,200901,9.5583935
LA-SL,200904,1,hier_nb,reference,15.781678,5.858830749999999,200904,9.92284725
LA-SL,200905,2,hier_nb,reference,97.076889,45.2519755,200904,51.824913499999994
LA-SL,200906,3,hier_nb,reference,25.552451999999995,31.8076495,200904,-6.255197500000005
LA-SL,200907,1,hier_nb,reference,122.284752,118.85979425000002,200907,3.424957749999976
LA-SL,200908,2,hier_nb,reference,86.947722,91.037494,200907,-4.089771999999996
LA-SL,200909,3,hier_nb,reference,62.014651,62.04129249999999,200907,-0.02664149999998955
LA-SL,200910,1,hier_nb,reference,70.31972,35.41509575,200910,34.904624250000005
LA-SL,200911,2,hier_nb,reference,31.44028,16.416914499999997,200910,15.023365500000004
LA-SL,200912,3,hier_nb,reference,12.260817,7.024564250000001,200910,5.2362527499999985
LA-SV,200801,1,hier_nb,reference,5.328801000000006,5.560645,200801,-0.2318439999999944
LA-SV,200802,2,hier_nb,reference,1.0829720000000016,1.0085315,200801,0.07444050000000169
LA-SV,200803,3,hier_nb,reference,1.0075829999999997,0.4973877499999999,200801,0.5101952499999998
LA-SV,200804,1,hier_nb,reference,3.881684,3.5772804999999996,200804,0.30440350000000027
LA-SV,200805,2,hier_nb,reference,6.026150000000001,6.43930125,200804,-0.4131512499999985
LA-SV,200806,3,hier_nb,reference,18.91160400000001,24.48841975,200804,-5.576815749999987
LA-SV,200807,1,hier_nb,reference,46.544580999999994,23.12051975,200807,23.424061249999994
LA-SV,200808,2,hier_nb,reference,48.83059500000002,21.36057074999998,200807,27.470024250000037
LA-SV,200809,3,hier_nb,reference,47.765589000000006,23.258939499999997,200807,24.50664950000001
LA-SV,200810,1,hier_nb,reference,25.85982899999999,3.819202250000001,200810,22.04062674999999
LA-SV,200811,2,hier_nb,reference,16.49048600000002,0.8241327500000002,200810,15.666353250000018
LA-SV,200812,3,hier_nb,reference,4.1359879999999976,0.3548737500000001,200810,3.7811142499999972
LA-SV,200901,1,hier_nb,reference,2.6331200000000017,0.0830284999999999,200901,2.550091500000002
LA-SV,200902,2,hier_nb,reference,0.8438140000000001,0.0152394999999999,200901,0.8285745000000002
LA-SV,200903,3,hier_nb,reference,1.3451590000000009,0.12601875,200901,1.2191402500000008
LA-SV,200904,1,hier_nb,reference,3.6311050000000016,0.18258525,200904,3.4485197500000018
LA-SV,200905,2,hier_nb,reference,19.500879,1.2562635,200904,18.244615500000002
LA-SV,200906,3,hier_nb,reference,31.745621999999997,1.6869117500000002,200904,30.058710249999997
LA-SV,200907,1,hier_nb,reference,40.47787500000004,26.799079749999976,200907,13.678795250000064
LA-SV,200908,2,hier_nb,reference,33.49160499999999,29.625094249999957,200907,3.8665107500000353
LA-SV,200909,3,hier_nb,reference,33.725495999999964,33.84717599999999,200907,-0.12168000000002621
LA-SV,200910,1,hier_nb,reference,20.828006999999985,7.0335019999999995,200910,13.794504999999987
LA-SV,200911,2,hier_nb,reference,17.65672099999999,15.431827,200910,2.22489399999999
LA-SV,200912,3,hier_nb,reference,6.365251999999998,1.7666767499999998,200910,4.598575249999998
LA-VT,200801,1,hier_nb,reference,8.096408,11.1160255,200801,-3.019617499999999
LA-VT,200802,2,hier_nb,reference,3.652144,4.11515575,200801,-0.4630117499999997
LA-VT,200803,3,hier_nb,reference,6.698067999999999,16.96018625,200801,-10.26211825
LA-VT,200804,1,hier_nb,reference,18.566912999999996,10.77835425,200804,7.788558749999996
LA-VT,200805,2,hier_nb,reference,21.194769,20.521471750000003,200804,0.6732972499999974
LA-VT,200806,3,hier_nb,reference,72.12087600000001,69.88104925,200804,2.239826750000006
LA-VT,200807,1,hier_nb,reference,107.73516,81.40077274999996,200807,26.334387250000034
LA-VT,200808,2,hier_nb,reference,80.659166,84.85327000000001,200807,-4.19410400000001
LA-VT,200809,3,hier_nb,reference,73.71560499999998,93.64231074999996,200807,-19.926705749999982
LA-VT,200810,1,hier_nb,reference,52.51028799999999,35.20602275,200810,17.304265249999986
LA-VT,200811,2,hier_nb,reference,35.08246200000001,57.436028,200810,-22.353565999999994
LA-VT,200812,3,hier_nb,reference,22.857355,51.8002925,200810,-28.9429375
LA-VT,200901,1,hier_nb,reference,9.202270000000002,20.70266475,200901,-11.500394749999998
LA-VT,200902,2,hier_nb,reference,6.050388999999999,13.901395,200901,-7.851006000000002
LA-VT,200903,3,hier_nb,reference,4.950262,6.35277275,200901,-1.4025107499999994
LA-VT,200904,1,hier_nb,reference,8.940234999999998,10.8966255,200904,-1.956390500000003
LA-VT,200905,2,hier_nb,reference,60.847605999999985,109.941614,200904,-49.09400800000002
LA-VT,200906,3,hier_nb,reference,69.74499500000002,176.63849825,200904,-106.89350324999998
LA-VT,200907,1,hier_nb,reference,78.66273599999997,174.467824,200907,-95.80508800000004
LA-VT,200908,2,hier_nb,reference,82.26058199999997,205.78056975,200907,-123.51998775000004
LA-VT,200909,3,hier_nb,reference,119.63644899999996,278.36174550000004,200907,-158.72529650000007
LA-VT,200910,1,hier_nb,reference,167.165367,197.894393,200910,-30.729026000000005
LA-VT,200911,2,hier_nb,reference,213.524629,268.37443075,200910,-54.84980174999998
LA-VT,200912,3,hier_nb,reference,241.984169,226.40287475,200910,15.581294250000013
LA-XA,200801,1,hier_nb,reference,0.3546990000000001,1.06215775,200801,-0.7074587499999998
LA-XA,200802,2,hier_nb,reference,0.0857590000000001,0.2354625,200801,-0.14970349999999988
LA-XA,200803,3,hier_nb,reference,0.2408739999999998,0.15566625,200801,0.0852077499999998
LA-XA,200804,1,hier_nb,reference,0.4582879999999996,0.7379695000000001,200804,-0.27968150000000047
LA-XA,200805,2,hier_nb,reference,1.3770249999999995,1.32360175,200804,0.05342324999999959
LA-XA,200806,3,hier_nb,reference,4.146191000000002,2.3749184999999997,200804,1.771272500000002
LA-XA,200807,1,hier_nb,reference,9.527858000000002,11.184284999999996,200807,-1.6564269999999937
LA-XA,200808,2,hier_nb,reference,7.872078999999999,4.234384749999999,200807,3.63769425
LA-XA,200809,3,hier_nb,reference,7.367936,2.697391250000001,200807,4.6705447499999995
LA-XA,200810,1,hier_nb,reference,4.585511,1.5762365,200810,3.0092745
LA-XA,200811,2,hier_nb,reference,2.5547660000000008,0.8232865,200810,1.7314795000000007
LA-XA,200812,3,hier_nb,reference,0.6501289999999997,0.408204,200810,0.24192499999999972
LA-XA,200901,1,hier_nb,reference,0.2200789999999999,0.09775275,200901,0.12232624999999991
LA-XA,200902,2,hier_nb,reference,0.1268169999999999,0.03872075,200901,0.0880962499999999
LA-XA,200903,3,hier_nb,reference,0.1924030000000001,0.2171452499999999,200901,-0.0247422499999998
LA-XA,200904,1,hier_nb,reference,0.4378579999999998,0.30977675,200904,0.1280812499999998
LA-XA,200905,2,hier_nb,reference,2.423819999999999,1.1146125000000002,200904,1.309207499999999
LA-XA,200906,3,hier_nb,reference,6.510365999999998,5.670314749999999,200904,0.8400512499999984
LA-XA,200907,1,hier_nb,reference,6.884020999999997,6.406543500000003,200907,0.4774774999999938
LA-XA,200908,2,hier_nb,reference,17.330418,23.106004,200907,-5.775585999999997
LA-XA,200909,3,hier_nb,reference,7.985883999999999,6.533184249999995,200907,1.4526997500000034
LA-XA,200910,1,hier_nb,reference,4.988607000000002,4.4654025,200910,0.5232045000000021
LA-XA,200911,2,hier_nb,reference,4.285157999999999,2.1824275,200910,2.102730499999999
LA-XA,200912,3,hier_nb,reference,1.0193839999999996,1.3401602499999998,200910,-0.3207762500000002
LA-XE,200801,1,hier_nb,reference,0.0146289999999999,0.0157672499999999,200801,-0.0011382499999999986
LA-XE,200802,2,hier_nb,reference,0.003452,0.00728225,200801,-0.0038302499999999995
LA-XE,200803,3,hier_nb,reference,0.016179,0.00405975,200801,0.012119249999999998
LA-XE,200804,1,hier_nb,reference,0.02425,0.01893125,200804,0.0053187500000000006
LA-XE,200805,2,hier_nb,reference,0.060846,0.0490319999999999,200804,0.011814000000000095
LA-XE,200806,3,hier_nb,reference,3.667835,3.87301125,200804,-0.20517624999999962
LA-XE,200807,1,hier_nb,reference,0.4647880000000002,0.4383570000000001,200807,0.026431000000000093
LA-XE,200808,2,hier_nb,reference,0.548718,0.5336115000000001,200807,0.015106499999999912
LA-XE,200809,3,hier_nb,reference,0.573518,0.6918269999999999,200807,-0.11830899999999989
LA-XE,200810,1,hier_nb,reference,0.112819,0.0499849999999999,200810,0.06283400000000011
LA-XE,200811,2,hier_nb,reference,0.043961,0.020021,200810,0.02394
LA-XE,200812,3,hier_nb,reference,0.824857,0.86535475,200810,-0.04049775
LA-XE,200901,1,hier_nb,reference,0.003308,0.00637675,200901,-0.0030687499999999994
LA-XE,200902,2,hier_nb,reference,1.867118,1.8795005,200901,-0.012382499999999963
LA-XE,200903,3,hier_nb,reference,1.782599,1.75755275,200901,0.025046249999999937
LA-XE,200904,1,hier_nb,reference,0.712844,0.521935,200904,0.190909
LA-XE,200905,2,hier_nb,reference,1.010895,0.97420275,200904,0.03669225000000009
LA-XE,200906,3,hier_nb,reference,6.544338000000001,5.86126,200904,0.683078000000001
LA-XE,200907,1,hier_nb,reference,24.411641,25.168266749999997,200907,-0.7566257499999978
LA-XE,200908,2,hier_nb,reference,22.373236,22.43472575,200907,-0.06148974999999979
LA-XE,200909,3,hier_nb,reference,2.701284,4.09308175,200907,-1.3917977499999998
LA-XE,200910,1,hier_nb,reference,4.767284999999999,2.796644,200910,1.9706409999999992
LA-XE,200911,2,hier_nb,reference,1.7199559999999998,5.795607750000002,200910,-4.075651750000002
LA-XE,200912,3,hier_nb,reference,6.177809000000001,6.98543275,200910,-0.8076237499999994
LA-XI,200801,1,hier_nb,reference,6.499999999999909e-05,0.0005107499999999,200801,-0.00044574999999990087
LA-XI,200802,2,hier_nb,reference,4.000000000000097e-06,0.0001444999999999,200801,-0.0001404999999998999
LA-XI,200803,3,hier_nb,reference,4.900000000000043e-05,0.0003409999999999,200801,-0.00029199999999989954
LA-XI,200804,1,hier_nb,reference,0.000144,0.005478,200804,-0.005334
LA-XI,200805,2,hier_nb,reference,0.000904,0.0145995,200804,-0.0136955
LA-XI,200806,3,hier_nb,reference,0.94102,0.8408530000000001,200804,0.1001669999999999
LA-XI,200807,1,hier_nb,reference,0.0121109999999999,0.3255652499999999,200807,-0.31345425000000005
LA-XI,200808,2,hier_nb,reference,0.021376,0.3256207499999999,200807,-0.3042447499999999
LA-XI,200809,3,hier_nb,reference,0.016371,0.3639719999999995,200807,-0.3476009999999995
LA-XI,200810,1,hier_nb,reference,0.0024119999999999,0.0140124999999999,200810,-0.0116005
LA-XI,200811,2,hier_nb,reference,0.000693,0.0035425,200810,-0.0028495
LA-XI,200812,3,hier_nb,reference,0.0001449999999999,0.0009309999999999,200810,-0.000786
LA-XI,200901,1,hier_nb,reference,6.499999999999909e-05,0.00125375,200901,-0.001188750000000001
LA-XI,200902,2,hier_nb,reference,1.600000000000039e-05,0.001519,200901,-0.0015029999999999996
LA-XI,200903,3,hier_nb,reference,6.499999999999909e-05,0.0012149999999999,200901,-0.0011499999999999009
LA-XI,200904,1,hier_nb,reference,0.00017,0.00037025,200904,-0.00020024999999999996
LA-XI,200905,2,hier_nb,reference,38.90144,38.924908,200904,-0.023468000000001155
LA-XI,200906,3,hier_nb,reference,32.752541,32.83338475,200904,-0.08084374999999966
LA-XI,200907,1,hier_nb,reference,0.7996049999999997,0.6998392500000006,200907,0.0997657499999991
LA-XI,200908,2,hier_nb,reference,6.927243000000001,7.121734,200907,-0.1944909999999993
LA-XI,200909,3,hier_nb,reference,0.5212389999999996,0.4275137499999998,200907,0.09372524999999976
LA-XI,200910,1,hier_nb,reference,0.055528,0.96271025,200910,-0.90718225
LA-XI,200911,2,hier_nb,reference,0.0418169999999999,0.3815999999999999,200910,-0.339783
LA-XI,200912,3,hier_nb,reference,0.0003189999999999,0.167857,200910,-0.1675380000000001
LA-AT,200801,1,hier_nb,reference_r1,3.788421,2.89589,200801,0.892531
LA-AT,200802,2,hier_nb,reference_r1,1.911393,1.1779190000000002,200801,0.7334739999999997
LA-AT,200803,3,hier_nb,reference_r1,0.0052099999999999,0.068366,200801,-0.0631560000000001
LA-AT,200804,1,hier_nb,reference_r1,0.0526569999999999,0.43204,200804,-0.3793830000000001
LA-AT,200805,2,hier_nb,reference_r1,2.7854750000000004,1.3779979999999998,200804,1.4074770000000005
LA-AT,200806,3,hier_nb,reference_r1,7.509414,4.025428,200804,3.483986
LA-AT,200807,1,hier_nb,reference_r1,3.5880270000000003,3.4582960000000007,200807,0.1297309999999996
LA-AT,200808,2,hier_nb,reference_r1,6.260508999999999,6.963262,200807,-0.7027530000000013
LA-AT,200809,3,hier_nb,reference_r1,17.36968,17.334718000000002,200807,0.03496199999999661
LA-AT,200810,1,hier_nb,reference_r1,42.642360999999994,32.554036,200810,10.08832499999999
LA-AT,200811,2,hier_nb,reference_r1,39.520303,35.157385,200810,4.3629180000000005
LA-AT,200812,3,hier_nb,reference_r1,21.312028,17.244417,200810,4.067611000000003
LA-AT,200901,1,hier_nb,reference_r1,16.620842,8.311717,200901,8.309125
LA-AT,200902,2,hier_nb,reference_r1,45.191501,39.923892,200901,5.267609
LA-AT,200903,3,hier_nb,reference_r1,75.106387,59.556864999999995,200901,15.549522000000003
LA-AT,200904,1,hier_nb,reference_r1,92.06734,50.321077,200904,41.746263
LA-AT,200905,2,hier_nb,reference_r1,2.0711830000000013,47.70569499999999,200904,-45.63451199999999
LA-AT,200906,3,hier_nb,reference_r1,13.843083999999998,42.66392600000002,200904,-28.82084200000002
LA-AT,200907,1,hier_nb,reference_r1,41.582814000000006,47.604339,200907,-6.021524999999997
LA-AT,200908,2,hier_nb,reference_r1,14.750611,14.811944,200907,-0.06133300000000119
LA-AT,200909,3,hier_nb,reference_r1,10.220502999999995,10.347153,200907,-0.12665000000000504
LA-AT,200910,1,hier_nb,reference_r1,2.199496,7.440359000000001,200910,-5.240863000000001
LA-AT,200911,2,hier_nb,reference_r1,12.343198,5.397127000000001,200910,6.946070999999998
LA-AT,200912,3,hier_nb,reference_r1,4.771692,7.226236999999998,200910,-2.4545449999999978
LA-BK,200801,1,hier_nb,reference_r1,0.8687229999999999,0.956484,200801,-0.08776100000000009
LA-BK,200802,2,hier_nb,reference_r1,0.0019649999999999,9.99999999999994e-05,200801,0.0018649999999999006
LA-BK,200803,3,hier_nb,reference_r1,0.009537,8.999999999999894e-06,200801,0.009528
LA-BK,200804,1,hier_nb,reference_r1,0.0270789999999999,0.0058819999999999,200804,0.021196999999999997
LA-BK,200805,2,hier_nb,reference_r1,11.42761,11.478989,200804,-0.05137900000000073
LA-BK,200806,3,hier_nb,reference_r1,51.516767,52.355057,200804,-0.8382900000000006
LA-BK,200807,1,hier_nb,reference_r1,1.091088,1.9452689999999997,200807,-0.8541809999999996
LA-BK,200808,2,hier_nb,reference_r1,5.396069,5.807879,200807,-0.41181
LA-BK,200809,3,hier_nb,reference_r1,26.198098,20.924205,200807,5.273893000000001
LA-BK,200810,1,hier_nb,reference_r1,44.570442,21.313686000000004,200810,23.256755999999996
LA-BK,200811,2,hier_nb,reference_r1,52.219245,48.309223,200810,3.910021999999998
LA-BK,200812,3,hier_nb,reference_r1,4.16295,3.017966,200810,1.1449840000000004
LA-BK,200901,1,hier_nb,reference_r1,0.607221,0.448822,200901,0.158399
LA-BK,200902,2,hier_nb,reference_r1,0.0473609999999999,0.256761,200901,-0.2094000000000001
LA-BK,200903,3,hier_nb,reference_r1,0.754136,0.6378340000000002,200901,0.1163019999999998
LA-BK,200904,1,hier_nb,reference_r1,2.531204,1.312607,200904,1.2185969999999997
LA-BK,200905,2,hier_nb,reference_r1,71.54265699999999,43.105733,200904,28.43692399999999
LA-BK,200906,3,hier_nb,reference_r1,208.947278,147.57993599999998,200904,61.367342000000036
LA-BK,200907,1,hier_nb,reference_r1,191.219989,186.285127,200907,4.93486200000001
LA-BK,200908,2,hier_nb,reference_r1,85.987102,88.236543,200907,-2.2494410000000045
LA-BK,200909,3,hier_nb,reference_r1,35.239885,37.372719999999994,200907,-2.132834999999993
LA-BK,200910,1,hier_nb,reference_r1,21.561045999999997,21.699608000000005,200910,-0.1385620000000074
LA-BK,200911,2,hier_nb,reference_r1,2.6993550000000006,10.195140999999996,200910,-7.495785999999995
LA-BK,200912,3,hier_nb,reference_r1,2.734375,5.190629000000001,200910,-2.4562540000000013
LA-BL,200801,1,hier_nb,reference_r1,3.5270390000000003,5.573864,200801,-2.046825
LA-BL,200802,2,hier_nb,reference_r1,4.231488000000001,5.695522,200801,-1.4640339999999998
LA-BL,200803,3,hier_nb,reference_r1,0.3931769999999999,0.4229469999999999,200801,-0.02977000000000002
LA-BL,200804,1,hier_nb,reference_r1,1.0806240000000005,1.3831619999999996,200804,-0.3025379999999991
LA-BL,200805,2,hier_nb,reference_r1,5.575555999999999,4.905915,200804,0.6696409999999986
LA-BL,200806,3,hier_nb,reference_r1,6.803504999999998,6.042021999999999,200804,0.7614829999999984
LA-BL,200807,1,hier_nb,reference_r1,14.140247000000002,20.993226999999997,200807,-6.852979999999995
LA-BL,200808,2,hier_nb,reference_r1,14.733270000000005,21.226176,200807,-6.492905999999994
LA-BL,200809,3,hier_nb,reference_r1,15.122698999999995,19.161669999999994,200807,-4.038970999999998
LA-BL,200810,1,hier_nb,reference_r1,16.423255,10.016667000000002,200810,6.406587999999999
LA-BL,200811,2,hier_nb,reference_r1,6.658467999999999,4.026722999999999,200810,2.6317450000000004
LA-BL,200812,3,hier_nb,reference_r1,3.148053,0.8992849999999999,200810,2.248768
LA-BL,200901,1,hier_nb,reference_r1,0.8563179999999999,0.729209,200901,0.12710899999999992
LA-BL,200902,2,hier_nb,reference_r1,1.155479,1.7155180000000003,200901,-0.5600390000000004
LA-BL,200903,3,hier_nb,reference_r1,1.02629,1.093152,200901,-0.06686199999999998
LA-BL,200904,1,hier_nb,reference_r1,1.346961,0.8236150000000002,200904,0.5233459999999999
LA-BL,200905,2,hier_nb,reference_r1,14.101530999999998,3.883565,200904,10.217965999999997
LA-BL,200906,3,hier_nb,reference_r1,14.141430999999995,5.475054999999999,200904,8.666375999999996
LA-BL,200907,1,hier_nb,reference_r1,12.998627,20.911504000000008,200907,-7.912877000000007
LA-BL,200908,2,hier_nb,reference_r1,23.305617999999996,7.218784999999997,200907,16.086833
LA-BL,200909,3,hier_nb,reference_r1,32.285911999999996,7.182751999999994,200907,25.103160000000003
LA-BL,200910,1,hier_nb,reference_r1,22.644665,5.4901409999999995,200910,17.154524000000002
LA-BL,200911,2,hier_nb,reference_r1,12.614133,1.8210489999999997,200910,10.793084
LA-BL,200912,3,hier_nb,reference_r1,1.710693,0.7696850000000004,200910,0.9410079999999996
LA-CH,200801,1,hier_nb,reference_r1,42.307985,29.687018,200801,12.620967000000004
LA-CH,200802,2,hier_nb,reference_r1,66.59802400000001,40.304853,200801,26.293171000000008
LA-CH,200803,3,hier_nb,reference_r1,61.07289000000001,51.106643000000005,200801,9.966247000000003
LA-CH,200804,1,hier_nb,reference_r1,34.510819999999995,21.933435000000003,200804,12.577384999999992
LA-CH,200805,2,hier_nb,reference_r1,53.14854299999999,52.212031000000025,200804,0.9365119999999649
LA-CH,200806,3,hier_nb,reference_r1,155.28667700000003,101.752994,200804,53.533683000000025
LA-CH,200807,1,hier_nb,reference_r1,64.11573800000002,97.40621399999998,200807,-33.290475999999956
LA-CH,200808,2,hier_nb,reference_r1,57.19540699999999,88.11937699999999,200807,-30.923969999999997
LA-CH,200809,3,hier_nb,reference_r1,74.03386400000002,122.438271,200807,-48.40440699999998
LA-CH,200810,1,hier_nb,reference_r1,63.753767999999994,47.403999,200810,16.349768999999995
LA-CH,200811,2,hier_nb,reference_r1,45.281513,47.925228,200810,-2.6437150000000003
LA-CH,200812,3,hier_nb,reference_r1,34.086786,33.247774,200810,0.8390119999999968
LA-CH,200901,1,hier_nb,reference_r1,13.006018999999998,10.234985000000002,200901,2.7710339999999967
LA-CH,200902,2,hier_nb,reference_r1,30.165069000000003,26.421125999999997,200901,3.743943000000005
LA-CH,200903,3,hier_nb,reference_r1,33.320268999999996,21.024416,200901,12.295852999999997
LA-CH,200904,1,hier_nb,reference_r1,55.924188,35.857006000000005,200904,20.067181999999995
LA-CH,200905,2,hier_nb,reference_r1,31.24918599999998,77.111999,200904,-45.86281300000002
LA-CH,200906,3,hier_nb,reference_r1,46.80479300000002,79.79956299999998,200904,-32.99476999999996
LA-CH,200907,1,hier_nb,reference_r1,50.262812,70.88572799999997,200907,-20.622915999999975
LA-CH,200908,2,hier_nb,reference_r1,41.511116999999985,65.03535299999999,200907,-23.524236000000002
LA-CH,200909,3,hier_nb,reference_r1,38.70018300000001,61.93136199999992,200907,-23.231178999999912
LA-CH,200910,1,hier_nb,reference_r1,23.259185,20.443419999999996,200910,2.8157650000000025
LA-CH,200911,2,hier_nb,reference_r1,15.514775,12.404856000000002,200910,3.109918999999998
LA-CH,200912,3,hier_nb,reference_r1,12.177158999999996,14.329564000000005,200910,-2.152405000000009
LA-HO,200801,1,hier_nb,reference_r1,0.0021839999999999,0.0030659999999999,200801,-0.000882
LA-HO,200802,2,hier_nb,reference_r1,0.000226,0.00097,200801,-0.0007440000000000001
LA-HO,200803,3,hier_nb,reference_r1,0.0011599999999999,0.0059159999999999,200801,-0.004756
LA-HO,200804,1,hier_nb,reference_r1,0.0050769999999999,0.0077849999999999,200804,-0.0027079999999999995
LA-HO,200805,2,hier_nb,reference_r1,0.0034189999999999,0.0143429999999999,200804,-0.010924
LA-HO,200806,3,hier_nb,reference_r1,0.021142,0.0085999999999999,200804,0.012542000000000102
LA-HO,200807,1,hier_nb,reference_r1,0.0928029999999999,0.2280589999999991,200807,-0.1352559999999992
LA-HO,200808,2,hier_nb,reference_r1,0.138338,0.3675369999999995,200807,-0.22919899999999951
LA-HO,200809,3,hier_nb,reference_r1,0.6922510000000001,0.6532730000000004,200807,0.038977999999999624
LA-HO,200810,1,hier_nb,reference_r1,0.0213509999999999,0.071268,200810,-0.0499170000000001
LA-HO,200811,2,hier_nb,reference_r1,0.0056389999999999,0.008613,200810,-0.0029740000000001007
LA-HO,200812,3,hier_nb,reference_r1,0.960427,0.902553,200810,0.05787399999999998
LA-HO,200901,1,hier_nb,reference_r1,0.000789,0.0180189999999999,200901,-0.017229999999999898
LA-HO,200902,2,hier_nb,reference_r1,9.99999999999994e-05,0.0215319999999999,200901,-0.0214319999999999
LA-HO,200903,3,hier_nb,reference_r1,0.000746,0.024588,200901,-0.023842
LA-HO,200904,1,hier_nb,reference_r1,0.0013729999999999,0.005208,200904,-0.0038350000000001
LA-HO,200905,2,hier_nb,reference_r1,0.014469,0.012506,200904,0.0019629999999999995
LA-HO,200906,3,hier_nb,reference_r1,0.042634,0.0416269999999999,200904,0.001007000000000098
LA-HO,200907,1,hier_nb,reference_r1,0.1437809999999999,0.3458800000000002,200907,-0.20209900000000028
LA-HO,200908,2,hier_nb,reference_r1,0.1578049999999999,0.6387629999999991,200907,-0.4809579999999992
LA-HO,200909,3,hier_nb,reference_r1,0.699121,0.7578110000000002,200907,-0.05869000000000024
LA-HO,200910,1,hier_nb,reference_r1,0.772155,0.559631,200910,0.21252400000000005
LA-HO,200911,2,hier_nb,reference_r1,0.8431929999999999,0.824841,200910,0.018351999999999813
LA-HO,200912,3,hier_nb,reference_r1,0.944801,0.865054,200910,0.07974700000000001
LA-KH,200801,1,hier_nb,reference_r1,0.492458,0.7367740000000003,200801,-0.24431600000000026
LA-KH,200802,2,hier_nb,reference_r1,0.1125039999999999,0.104993,200801,0.007510999999999893
LA-KH,200803,3,hier_nb,reference_r1,0.086735,0.07538,200801,0.011355000000000004
LA-KH,200804,1,hier_nb,reference_r1,0.2558879999999999,0.4573239999999998,200804,-0.2014359999999999
LA-KH,200805,2,hier_nb,reference_r1,0.5926149999999999,1.3179600000000002,200804,-0.7253450000000004
LA-KH,200806,3,hier_nb,reference_r1,2.553848000000002,2.6881449999999996,200804,-0.13429699999999745
LA-KH,200807,1,hier_nb,reference_r1,6.7093129999999945,4.0386040000000065,200807,2.670708999999988
LA-KH,200808,2,hier_nb,reference_r1,6.868336999999997,4.381444999999999,200807,2.4868919999999974
LA-KH,200809,3,hier_nb,reference_r1,6.101644,4.129304999999995,200807,1.9723390000000052
LA-KH,200810,1,hier_nb,reference_r1,3.6667750000000017,0.7146050000000002,200810,2.9521700000000015
LA-KH,200811,2,hier_nb,reference_r1,2.005794,1.5712550000000003,200810,0.43453899999999956
LA-KH,200812,3,hier_nb,reference_r1,2.605924,3.204727,200810,-0.5988030000000002
LA-KH,200901,1,hier_nb,reference_r1,0.1125249999999999,0.096453,200901,0.016071999999999906
LA-KH,200902,2,hier_nb,reference_r1,0.096143,0.013026,200901,0.08311700000000001
LA-KH,200903,3,hier_nb,reference_r1,4.415616,4.723357,200901,-0.30774100000000004
LA-KH,200904,1,hier_nb,reference_r1,0.3531140000000001,0.3748060000000001,200904,-0.02169199999999999
LA-KH,200905,2,hier_nb,reference_r1,3.5484779999999994,2.250412,200904,1.2980659999999995
LA-KH,200906,3,hier_nb,reference_r1,47.692766000000006,66.41575,200904,-18.722983999999997
LA-KH,200907,1,hier_nb,reference_r1,106.157975,115.296474,200907,-9.13849900000001
LA-KH,200908,2,hier_nb,reference_r1,227.019947,249.068595,200907,-22.048647999999986
LA-KH,200909,3,hier_nb,reference_r1,198.099279,217.711044,200907,-19.61176499999999
LA-KH,200910,1,hier_nb,reference_r1,46.021879,43.99278899999999,200910,2.0290900000000107
LA-KH,200911,2,hier_nb,reference_r1,36.140759,20.173246,200910,15.967513000000004
LA-KH,200912,3,hier_nb,reference_r1,54.637064,27.153737000000003,200910,27.483327
LA-LM,200801,1,hier_nb,reference_r1,0.000547,0.0001209999999999,200801,0.00042600000000009996
LA-LM,200802,2,hier_nb,reference_r1,0.0001379999999999,6.399999999999982e-05,200801,7.399999999990018e-05
LA-LM,200803,3,hier_nb,reference_r1,0.0003669999999999,1.600000000000039e-05,200801,0.0003509999999998996
LA-LM,200804,1,hier_nb,reference_r1,0.001228,0.0001999999999999,200804,0.0010280000000001
LA-LM,200805,2,hier_nb,reference_r1,0.0035589999999999,0.0012269999999999,200804,0.002332
LA-LM,200806,3,hier_nb,reference_r1,0.014485,0.0017109999999999,200804,0.0127740000000001
LA-LM,200807,1,hier_nb,reference_r1,0.078216,0.915139,200807,-0.8369230000000001
LA-LM,200808,2,hier_nb,reference_r1,0.0635239999999999,0.5213650000000012,200807,-0.4578410000000013
LA-LM,200809,3,hier_nb,reference_r1,0.0513080000000001,0.7953309999999991,200807,-0.744022999999999
LA-LM,200810,1,hier_nb,reference_r1,0.007705,0.030305,200810,-0.0226
LA-LM,200811,2,hier_nb,reference_r1,0.0017689999999999,0.002114,200810,-0.0003450000000001
LA-LM,200812,3,hier_nb,reference_r1,0.0001679999999999,0.0005739999999999,200810,-0.000406
LA-LM,200901,1,hier_nb,reference_r1,9.400000000000032e-05,0.0001209999999999,200901,-2.6999999999899676e-05
LA-LM,200902,2,hier_nb,reference_r1,0.0001209999999999,0.000122,200901,-1.0000000001000013e-06
LA-LM,200903,3,hier_nb,reference_r1,0.000136,0.000365,200901,-0.00022899999999999998
LA-LM,200904,1,hier_nb,reference_r1,0.978145,0.96237,200904,0.015775000000000095
LA-LM,200905,2,hier_nb,reference_r1,0.0056839999999999,0.005372,200904,0.00031199999999990003
LA-LM,200906,3,hier_nb,reference_r1,1.659561,1.751769,200904,-0.09220799999999985
LA-LM,200907,1,hier_nb,reference_r1,0.7121059999999999,1.1468290000000003,200907,-0.4347230000000004
LA-LM,200908,2,hier_nb,reference_r1,0.1263019999999999,1.3371250000000003,200907,-1.2108230000000004
LA-LM,200909,3,hier_nb,reference_r1,2.830548,2.265937000000001,200907,0.5646109999999989
LA-LM,200910,1,hier_nb,reference_r1,4.240601000000001,2.5933539999999997,200910,1.647247000000001
LA-LM,200911,2,hier_nb,reference_r1,5.550443,4.743421,200910,0.8070219999999999
LA-LM,200912,3,hier_nb,reference_r1,3.817358,3.2928680000000004,200910,0.5244899999999997
LA-LP,200801,1,hier_nb,reference_r1,0.8749810000000002,0.875329,200801,-0.0003479999999997929
LA-LP,200802,2,hier_nb,reference_r1,13.724017,13.986595,200801,-0.26257799999999953
LA-LP,200803,3,hier_nb,reference_r1,19.612303,20.378937,200801,-0.7666339999999998
LA-LP,200804,1,hier_nb,reference_r1,26.888523,16.986800000000002,200804,9.901722999999997
LA-LP,200805,2,hier_nb,reference_r1,101.689016,72.08313000000001,200804,29.605885999999984
LA-LP,200806,3,hier_nb,reference_r1,119.161012,86.585332,200804,32.575680000000006
LA-LP,200807,1,hier_nb,reference_r1,12.434883,10.268976000000002,200807,2.165906999999997
LA-LP,200808,2,hier_nb,reference_r1,15.196496000000003,8.381991,200807,6.814505000000004
LA-LP,200809,3,hier_nb,reference_r1,13.152888000000004,9.104114,200807,4.048774000000005
LA-LP,200810,1,hier_nb,reference_r1,11.230853,17.309168,200810,-6.078315
LA-LP,200811,2,hier_nb,reference_r1,87.895414,108.263872,200810,-20.368458000000004
LA-LP,200812,3,hier_nb,reference_r1,151.655717,158.113551,200810,-6.457833999999991
LA-LP,200901,1,hier_nb,reference_r1,0.783426,8.092224000000002,200901,-7.308798000000001
LA-LP,200902,2,hier_nb,reference_r1,0.6359350000000001,4.90015,200901,-4.264215
LA-LP,200903,3,hier_nb,reference_r1,1.021137,12.062924000000002,200901,-11.041787000000003
LA-LP,200904,1,hier_nb,reference_r1,0.587523,11.446195,200904,-10.858671999999999
LA-LP,200905,2,hier_nb,reference_r1,3.627877999999999,32.951622,200904,-29.323744
LA-LP,200906,3,hier_nb,reference_r1,5.054102,75.091924,200904,-70.037822
LA-LP,200907,1,hier_nb,reference_r1,10.809123,20.167692,200907,-9.358569
LA-LP,200908,2,hier_nb,reference_r1,11.901094,20.986515999999995,200907,-9.085421999999994
LA-LP,200909,3,hier_nb,reference_r1,228.58896699999997,277.10956699999997,200907,-48.5206
LA-LP,200910,1,hier_nb,reference_r1,103.81275399999998,65.535988,200910,38.27676599999998
LA-LP,200911,2,hier_nb,reference_r1,51.406503,42.4217,200910,8.984803
LA-LP,200912,3,hier_nb,reference_r1,3.00704,6.162929,200910,-3.155889
LA-OU,200801,1,hier_nb,reference_r1,0.001453,0.000905,200801,0.0005480000000000001
LA-OU,200802,2,hier_nb,reference_r1,0.0004839999999999,0.0002559999999999,200801,0.00022799999999999996
LA-OU,200803,3,hier_nb,reference_r1,0.001321,4.900000000000043e-05,200801,0.0012719999999999995
LA-OU,200804,1,hier_nb,reference_r1,0.0038059999999999,0.000905,200804,0.0029009999999999
LA-OU,200805,2,hier_nb,reference_r1,0.00929,0.005827,200804,0.003463
LA-OU,200806,3,hier_nb,reference_r1,0.02665,0.0141019999999999,200804,0.0125480000000001
LA-OU,200807,1,hier_nb,reference_r1,0.077588,1.6279299999999992,200807,-1.5503419999999992
LA-OU,200808,2,hier_nb,reference_r1,0.090263,1.1273920000000004,200807,-1.0371290000000004
LA-OU,200809,3,hier_nb,reference_r1,0.055228,1.3167809999999989,200807,-1.2615529999999988
LA-OU,200810,1,hier_nb,reference_r1,0.0233559999999999,0.0403799999999999,200810,-0.017024
LA-OU,200811,2,hier_nb,reference_r1,0.007807,0.0042979999999999,200810,0.0035090000000000997
LA-OU,200812,3,hier_nb,reference_r1,0.0021689999999999,0.0008219999999999,200810,0.001347
LA-OU,200901,1,hier_nb,reference_r1,0.0006259999999999,0.000289,200901,0.0003369999999999
LA-OU,200902,2,hier_nb,reference_r1,0.000577,3.600000000000044e-05,200901,0.0005409999999999996
LA-OU,200903,3,hier_nb,reference_r1,0.000843,0.000685,200901,0.00015800000000000005
LA-OU,200904,1,hier_nb,reference_r1,0.001454,0.0010379999999999,200904,0.0004160000000001001
LA-OU,200905,2,hier_nb,reference_r1,0.0176999999999999,0.0053129999999999,200904,0.012386999999999999
LA-OU,200906,3,hier_nb,reference_r1,0.0350369999999999,0.0156699999999999,200904,0.019367000000000002
LA-OU,200907,1,hier_nb,reference_r1,0.085542,2.364044,200907,-2.2785019999999996
LA-OU,200908,2,hier_nb,reference_r1,0.6161650000000001,2.6968359999999976,200907,-2.0806709999999975
LA-OU,200909,3,hier_nb,reference_r1,13.933883,8.770896999999998,200907,5.162986000000002
LA-OU,200910,1,hier_nb,reference_r1,5.2235439999999995,2.1991160000000005,200910,3.024427999999999
LA-OU,200911,2,hier_nb,reference_r1,12.465023,9.566518,200910,2.898505
LA-OU,200912,3,hier_nb,reference_r1,17.751095,16.101063,200910,1.6500319999999995
LA-PH,200901,1,hier_nb,reference_r1,2.499999999999985e-05,0.0146789999999999,200901,-0.0146539999999999
LA-PH,200902,2,hier_nb,reference_r1,4.000000000000097e-06,0.019336,200901,-0.019332
LA-PH,200903,3,hier_nb,reference_r1,8.999999999999894e-06,0.021245,200901,-0.021236
LA-PH,200904,1,hier_nb,reference_r1,2.599999999999998e-05,0.0038929999999999,200904,-0.0038669999999999
LA-PH,200905,2,hier_nb,reference_r1,0.000418,0.006921,200904,-0.006503
LA-PH,200906,3,hier_nb,reference_r1,0.00109,0.030276,200904,-0.029186
LA-PH,200907,1,hier_nb,reference_r1,0.001134,0.2014949999999995,200907,-0.2003609999999995
LA-PH,200909,3,hier_nb,reference_r1,0.002306,0.2726230000000003,200907,-0.2703170000000003
LA-PH,200910,1,hier_nb,reference_r1,0.000442,0.018159,200910,-0.017717
LA-PH,200911,2,hier_nb,reference_r1,0.000359,0.0057829999999999,200910,-0.0054239999999999
LA-PH,200912,3,hier_nb,reference_r1,1.700000000000052e-05,0.0010329999999999,200910,-0.0010159999999998996
LA-SL,200801,1,hier_nb,reference_r1,0.062056,0.93596,200801,-0.873904
LA-SL,200802,2,hier_nb,reference_r1,0.8322100000000001,0.3921460000000001,200801,0.440064
LA-SL,200803,3,hier_nb,reference_r1,4.2619739999999995,3.692026,200801,0.5699479999999997
LA-SL,200804,1,hier_nb,reference_r1,1.344569,0.8494930000000003,200804,0.4950759999999996
LA-SL,200805,2,hier_nb,reference_r1,101.061999,89.52403,200804,11.537969000000004
LA-SL,200806,3,hier_nb,reference_r1,212.072745,188.157378,200804,23.915367000000003
LA-SL,200807,1,hier_nb,reference_r1,56.10452500000001,49.670201000000006,200807,6.434324000000004
LA-SL,200808,2,hier_nb,reference_r1,38.781282,39.471311,200807,-0.6900290000000027
LA-SL,200809,3,hier_nb,reference_r1,58.060569,56.592414000000005,200807,1.4681549999999959
LA-SL,200810,1,hier_nb,reference_r1,73.967708,39.311372,200810,34.656336
LA-SL,200811,2,hier_nb,reference_r1,14.704371000000002,7.296982000000002,200810,7.407389
LA-SL,200812,3,hier_nb,reference_r1,5.760646,2.8325199999999997,200810,2.9281260000000007
LA-SL,200901,1,hier_nb,reference_r1,0.5405540000000002,1.774387,200901,-1.2338329999999997
LA-SL,200902,2,hier_nb,reference_r1,22.697285,19.839352,200901,2.857932999999999
LA-SL,200903,3,hier_nb,reference_r1,22.721221,13.149506,200901,9.571715
LA-SL,200904,1,hier_nb,reference_r1,15.781678,5.698871999999998,200904,10.082806000000001
LA-SL,200905,2,hier_nb,reference_r1,97.076889,46.334152,200904,50.74273699999999
LA-SL,200906,3,hier_nb,reference_r1,25.552451999999995,28.17270000000001,200904,-2.6202480000000143
LA-SL,200907,1,hier_nb,reference_r1,122.284752,114.07736200000002,200907,8.207389999999975
LA-SL,200908,2,hier_nb,reference_r1,86.947722,88.702064,200907,-1.754341999999994
LA-SL,200909,3,hier_nb,reference_r1,62.014651,62.36598299999997,200907,-0.3513319999999709
LA-SL,200910,1,hier_nb,reference_r1,70.31972,34.802546,200910,35.517174000000004
LA-SL,200911,2,hier_nb,reference_r1,31.44028,15.498442,200910,15.941838
LA-SL,200912,3,hier_nb,reference_r1,12.260817,7.528991000000001,200910,4.731825999999998
LA-SV,200801,1,hier_nb,reference_r1,5.328801000000006,5.547417000000001,200801,-0.21861599999999548
LA-SV,200802,2,hier_nb,reference_r1,1.0829720000000016,1.0893490000000003,200801,-0.006376999999998745
LA-SV,200803,3,hier_nb,reference_r1,1.0075829999999997,0.48614,200801,0.5214429999999997
LA-SV,200804,1,hier_nb,reference_r1,3.881684,3.279536,200804,0.6021480000000001
LA-SV,200805,2,hier_nb,reference_r1,6.026150000000001,7.876780999999999,200804,-1.8506309999999981
LA-SV,200806,3,hier_nb,reference_r1,18.91160400000001,28.380984,200804,-9.46937999999999
LA-SV,200807,1,hier_nb,reference_r1,46.544580999999994,23.881301000000008,200807,22.663279999999986
LA-SV,200808,2,hier_nb,reference_r1,48.83059500000002,21.63117299999999,200807,27.199422000000027
LA-SV,200809,3,hier_nb,reference_r1,47.765589000000006,22.400266999999985,200807,25.36532200000002
LA-SV,200810,1,hier_nb,reference_r1,25.85982899999999,3.8406100000000007,200810,22.01921899999999
LA-SV,200811,2,hier_nb,reference_r1,16.49048600000002,0.7682600000000002,200810,15.722226000000019
LA-SV,200812,3,hier_nb,reference_r1,4.1359879999999976,0.3406360000000001,200810,3.7953519999999976
LA-SV,200901,1,hier_nb,reference_r1,2.6331200000000017,0.0859659999999999,200901,2.5471540000000017
LA-SV,200902,2,hier_nb,reference_r1,0.8438140000000001,0.0134819999999999,200901,0.8303320000000002
LA-SV,200903,3,hier_nb,reference_r1,1.3451590000000009,0.11032,200901,1.234839000000001
LA-SV,200904,1,hier_nb,reference_r1,3.6311050000000016,0.174683,200904,3.4564220000000017
LA-SV,200905,2,hier_nb,reference_r1,19.500879,1.249162,200904,18.251717
LA-SV,200906,3,hier_nb,reference_r1,31.745621999999997,1.7302809999999995,200904,30.015341
LA-SV,200907,1,hier_nb,reference_r1,40.47787500000004,30.152889999999957,200907,10.324985000000083
LA-SV,200908,2,hier_nb,reference_r1,33.49160499999999,30.933273999999983,200907,2.5583310000000097
LA-SV,200909,3,hier_nb,reference_r1,33.725495999999964,36.888075999999955,200907,-3.1625799999999913
LA-SV,200910,1,hier_nb,reference_r1,20.828006999999985,6.586860999999999,200910,14.241145999999986
LA-SV,200911,2,hier_nb,reference_r1,17.65672099999999,16.811281,200910,0.8454399999999893
LA-SV,200912,3,hier_nb,reference_r1,6.365251999999998,1.8371329999999997,200910,4.5281189999999985
LA-VT,200801,1,hier_nb,reference_r1,8.096408,10.714584000000002,200801,-2.618176000000002
LA-VT,200802,2,hier_nb,reference_r1,3.652144,3.996601000000001,200801,-0.3444570000000011
LA-VT,200803,3,hier_nb,reference_r1,6.698067999999999,16.522857000000002,200801,-9.824789000000003
LA-VT,200804,1,hier_nb,reference_r1,18.566912999999996,11.819135,200804,6.747777999999997
LA-VT,200805,2,hier_nb,reference_r1,21.194769,25.304015999999997,200804,-4.109246999999996
LA-VT,200806,3,hier_nb,reference_r1,72.12087600000001,72.77900499999998,200804,-0.658128999999974
LA-VT,200807,1,hier_nb,reference_r1,107.73516,79.62387999999999,200807,28.111280000000008
LA-VT,200808,2,hier_nb,reference_r1,80.659166,84.09198400000002,200807,-3.432818000000026
LA-VT,200809,3,hier_nb,reference_r1,73.71560499999998,96.71268599999996,200807,-22.99708099999998
LA-VT,200810,1,hier_nb,reference_r1,52.51028799999999,35.38703000000001,200810,17.12325799999998
LA-VT,200811,2,hier_nb,reference_r1,35.08246200000001,61.523733,200810,-26.441270999999993
LA-VT,200812,3,hier_nb,reference_r1,22.857355,53.204702,200810,-30.347347
LA-VT,200901,1,hier_nb,reference_r1,9.202270000000002,19.474863,200901,-10.272592999999997
LA-VT,200902,2,hier_nb,reference_r1,6.050388999999999,14.463068,200901,-8.412679
LA-VT,200903,3,hier_nb,reference_r1,4.950262,6.282218,200901,-1.331956
LA-VT,200904,1,hier_nb,reference_r1,8.940234999999998,10.609374,200904,-1.669139000000003
LA-VT,200905,2,hier_nb,reference_r1,60.847605999999985,108.37036799999998,200904,-47.522762
LA-VT,200906,3,hier_nb,reference_r1,69.74499500000002,166.441737,200904,-96.69674199999997
LA-VT,200907,1,hier_nb,reference_r1,78.66273599999997,180.23592699999995,200907,-101.57319099999998
LA-VT,200908,2,hier_nb,reference_r1,82.26058199999997,206.069892,200907,-123.80931000000004
LA-VT,200909,3,hier_nb,reference_r1,119.63644899999996,279.660473,200907,-160.02402400000005
LA-VT,200910,1,hier_nb,reference_r1,167.165367,193.724737,200910,-26.55937
LA-VT,200911,2,hier_nb,reference_r1,213.524629,279.928436,200910,-66.40380699999997
LA-VT,200912,3,hier_nb,reference_r1,241.984169,210.736437,200910,31.247732000000013
LA-XA,200801,1,hier_nb,reference_r1,0.3546990000000001,1.1126930000000002,200801,-0.7579940000000001
LA-XA,200802,2,hier_nb,reference_r1,0.0857590000000001,0.234801,200801,-0.1490419999999999
LA-XA,200803,3,hier_nb,reference_r1,0.2408739999999998,0.139513,200801,0.10136099999999981
LA-XA,200804,1,hier_nb,reference_r1,0.4582879999999996,0.7268720000000002,200804,-0.2685840000000006
LA-XA,200805,2,hier_nb,reference_r1,1.3770249999999995,1.3175499999999998,200804,0.05947499999999972
LA-XA,200806,3,hier_nb,reference_r1,4.146191000000002,2.1461239999999995,200804,2.0000670000000023
LA-XA,200807,1,hier_nb,reference_r1,9.527858000000002,10.850281999999993,200807,-1.322423999999991
LA-XA,200808,2,hier_nb,reference_r1,7.872078999999999,4.105643000000001,200807,3.766435999999999
LA-XA,200809,3,hier_nb,reference_r1,7.367936,2.502944999999997,200807,4.864991000000003
LA-XA,200810,1,hier_nb,reference_r1,4.585511,1.5478009999999998,200810,3.0377100000000006
LA-XA,200811,2,hier_nb,reference_r1,2.5547660000000008,0.7231389999999998,200810,1.831627000000001
LA-XA,200812,3,hier_nb,reference_r1,0.6501289999999997,0.394121,200810,0.25600799999999974
LA-XA,200901,1,hier_nb,reference_r1,0.2200789999999999,0.0975379999999999,200901,0.12254100000000001
LA-XA,200902,2,hier_nb,reference_r1,0.1268169999999999,0.030936,200901,0.0958809999999999
LA-XA,200903,3,hier_nb,reference_r1,0.1924030000000001,0.212916,200901,-0.020512999999999892
LA-XA,200904,1,hier_nb,reference_r1,0.4378579999999998,0.2745100000000001,200904,0.16334799999999972
LA-XA,200905,2,hier_nb,reference_r1,2.423819999999999,1.0569640000000002,200904,1.366855999999999
LA-XA,200906,3,hier_nb,reference_r1,6.510365999999998,5.6558589999999995,200904,0.8545069999999981
LA-XA,200907,1,hier_nb,reference_r1,6.884020999999997,6.654525,200907,0.22949599999999748
LA-XA,200908,2,hier_nb,reference_r1,17.330418,22.004283,200907,-4.673864999999999
LA-XA,200909,3,hier_nb,reference_r1,7.985883999999999,6.667822999999991,200907,1.3180610000000073
LA-XA,200910,1,hier_nb,reference_r1,4.988607000000002,4.262353999999998,200910,0.7262530000000034
LA-XA,200911,2,hier_nb,reference_r1,4.285157999999999,1.7879880000000004,200910,2.497169999999999
LA-XA,200912,3,hier_nb,reference_r1,1.0193839999999996,1.54066,200910,-0.5212760000000003
LA-XE,200801,1,hier_nb,reference_r1,0.0146289999999999,0.014126,200801,0.0005029999999999011
LA-XE,200802,2,hier_nb,reference_r1,0.003452,0.00859,200801,-0.005138
LA-XE,200803,3,hier_nb,reference_r1,0.016179,0.003414,200801,0.012764999999999999
LA-XE,200804,1,hier_nb,reference_r1,0.02425,0.0088569999999999,200804,0.015393000000000101
LA-XE,200805,2,hier_nb,reference_r1,0.060846,0.037743,200804,0.023103
LA-XE,200806,3,hier_nb,reference_r1,3.667835,4.076605000000001,200804,-0.4087700000000005
LA-XE,200807,1,hier_nb,reference_r1,0.4647880000000002,0.2786010000000001,200807,0.1861870000000001
LA-XE,200808,2,hier_nb,reference_r1,0.548718,0.3408239999999995,200807,0.20789400000000052
LA-XE,200809,3,hier_nb,reference_r1,0.573518,0.646874,200807,-0.07335599999999998
LA-XE,200810,1,hier_nb,reference_r1,0.112819,0.0473129999999999,200810,0.0655060000000001
LA-XE,200811,2,hier_nb,reference_r1,0.043961,0.0126799999999999,200810,0.0312810000000001
LA-XE,200812,3,hier_nb,reference_r1,0.824857,0.896913,200810,-0.07205600000000001
LA-XE,200901,1,hier_nb,reference_r1,0.003308,0.0067139999999999,200901,-0.0034059999999998996
LA-XE,200902,2,hier_nb,reference_r1,1.867118,1.873414,200901,-0.006295999999999857
LA-XE,200903,3,hier_nb,reference_r1,1.782599,1.755445,200901,0.027154000000000122
LA-XE,200904,1,hier_nb,reference_r1,0.712844,0.534985,200904,0.177859
LA-XE,200905,2,hier_nb,reference_r1,1.010895,0.924619,200904,0.08627600000000013
LA-XE,200906,3,hier_nb,reference_r1,6.544338000000001,5.835069,200904,0.7092690000000008
LA-XE,200907,1,hier_nb,reference_r1,24.411641,24.722913999999996,200907,-0.31127299999999636
LA-XE,200908,2,hier_nb,reference_r1,22.373236,22.169993,200907,0.20324299999999695
LA-XE,200909,3,hier_nb,reference_r1,2.701284,4.003242999999999,200907,-1.3019589999999996
LA-XE,200910,1,hier_nb,reference_r1,4.767284999999999,2.638095999999999,200910,2.129189
LA-XE,200911,2,hier_nb,reference_r1,1.7199559999999998,2.4022140000000007,200910,-0.6822580000000009
LA-XE,200912,3,hier_nb,reference_r1,6.177809000000001,6.235538999999999,200910,-0.057729999999998505
LA-XI,200801,1,hier_nb,reference_r1,6.499999999999909e-05,0.000445,200801,-0.0003800000000000009
LA-XI,200802,2,hier_nb,reference_r1,4.000000000000097e-06,0.000226,200801,-0.0002219999999999999
LA-XI,200803,3,hier_nb,reference_r1,4.900000000000043e-05,0.0004499999999999,200801,-0.0004009999999998996
LA-XI,200804,1,hier_nb,reference_r1,0.000144,0.0002979999999999,200804,-0.0001539999999999
LA-XI,200805,2,hier_nb,reference_r1,0.000904,0.001346,200804,-0.000442
LA-XI,200806,3,hier_nb,reference_r1,0.94102,0.935106,200804,0.005913999999999975
LA-XI,200807,1,hier_nb,reference_r1,0.0121109999999999,0.2479899999999997,200807,-0.2358789999999998
LA-XI,200808,2,hier_nb,reference_r1,0.021376,0.2407529999999997,200807,-0.21937699999999968
LA-XI,200809,3,hier_nb,reference_r1,0.016371,0.247541,200807,-0.23117000000000001
LA-XI,200810,1,hier_nb,reference_r1,0.0024119999999999,0.0105359999999999,200810,-0.008124
LA-XI,200811,2,hier_nb,reference_r1,0.000693,0.0017099999999999,200810,-0.0010169999999999
LA-XI,200812,3,hier_nb,reference_r1,0.0001449999999999,0.0007599999999999,200810,-0.000615
LA-XI,200901,1,hier_nb,reference_r1,6.499999999999909e-05,0.000902,200901,-0.0008370000000000009
LA-XI,200902,2,hier_nb,reference_r1,1.600000000000039e-05,0.001051,200901,-0.0010349999999999997
LA-XI,200903,3,hier_nb,reference_r1,6.499999999999909e-05,0.0015239999999999,200901,-0.001458999999999901
LA-XI,200904,1,hier_nb,reference_r1,0.00017,0.0002669999999999,200904,-9.699999999990001e-05
LA-XI,200905,2,hier_nb,reference_r1,38.90144,38.934755,200904,-0.03331500000000176
LA-XI,200906,3,hier_nb,reference_r1,32.752541,32.807079,200904,-0.054538000000000864
LA-XI,200907,1,hier_nb,reference_r1,0.7996049999999997,0.7653860000000012,200907,0.034218999999998445
LA-XI,200908,2,hier_nb,reference_r1,6.927243000000001,6.952957999999999,200907,-0.025714999999998156
LA-XI,200909,3,hier_nb,reference_r1,0.5212389999999996,0.5359949999999998,200907,-0.014756000000000213
LA-XI,200910,1,hier_nb,reference_r1,0.055528,1.1083820000000002,200910,-1.0528540000000002
LA-XI,200911,2,hier_nb,reference_r1,0.0418169999999999,0.3309709999999999,200910,-0.289154
LA-XI,200912,3,hier_nb,reference_r1,0.0003189999999999,0.180008,200910,-0.1796890000000001
LA-AT,200801,1,hier_nb,reference_r2,3.788421,2.870029,200801,0.9183919999999999
LA-AT,200802,2,hier_nb,reference_r2,1.911393,1.166247,200801,0.7451459999999999
LA-AT,200803,3,hier_nb,reference_r2,0.0052099999999999,0.0779409999999999,200801,-0.072731
LA-AT,200804,1,hier_nb,reference_r2,0.0526569999999999,0.4965809999999999,200804,-0.443924
LA-AT,200805,2,hier_nb,reference_r2,2.7854750000000004,2.053591,200804,0.7318840000000004
LA-AT,200806,3,hier_nb,reference_r2,7.509414,5.099836,200804,2.4095779999999998
LA-AT,200807,1,hier_nb,reference_r2,3.5880270000000003,3.6795430000000096,200807,-0.09151600000000926
LA-AT,200808,2,hier_nb,reference_r2,6.260508999999999,6.903518999999996,200807,-0.6430099999999968
LA-AT,200809,3,hier_nb,reference_r2,17.36968,17.34541,200807,0.024269999999997793
LA-AT,200810,1,hier_nb,reference_r2,42.642360999999994,30.636712000000003,200810,12.005648999999991
LA-AT,200811,2,hier_nb,reference_r2,39.520303,36.745142,200810,2.775160999999997
LA-AT,200812,3,hier_nb,reference_r2,21.312028,17.612139,200810,3.6998890000000024
LA-AT,200901,1,hier_nb,reference_r2,16.620842,8.47136,200901,8.149481999999999
LA-AT,200902,2,hier_nb,reference_r2,45.191501,39.265982,200901,5.925519000000001
LA-AT,200903,3,hier_nb,reference_r2,75.106387,59.574331,200901,15.532055999999997
LA-AT,200904,1,hier_nb,reference_r2,92.06734,49.116268,200904,42.951072
LA-AT,200905,2,hier_nb,reference_r2,2.0711830000000013,51.268833999999984,200904,-49.19765099999998
LA-AT,200906,3,hier_nb,reference_r2,13.843083999999998,35.279944,200904,-21.436860000000003
LA-AT,200907,1,hier_nb,reference_r2,41.582814000000006,47.680179,200907,-6.097364999999996
LA-AT,200908,2,hier_nb,reference_r2,14.750611,14.664608,200907,0.08600299999999983
LA-AT,200909,3,hier_nb,reference_r2,10.220502999999995,9.823124,200907,0.3973789999999955
LA-AT,200910,1,hier_nb,reference_r2,2.199496,5.629828,200910,-3.430332
LA-AT,200911,2,hier_nb,reference_r2,12.343198,7.106491000000002,200910,5.236706999999997
LA-AT,200912,3,hier_nb,reference_r2,4.771692,4.375648999999999,200910,0.3960430000000006
LA-BK,200801,1,hier_nb,reference_r2,0.8687229999999999,0.948692,200801,-0.07996900000000007
LA-BK,200802,2,hier_nb,reference_r2,0.0019649999999999,9.99999999999916e-07,200801,0.0019639999999999
LA-BK,200803,3,hier_nb,reference_r2,0.009537,5.00000000000023e-06,200801,0.009532
LA-BK,200804,1,hier_nb,reference_r2,0.0270789999999999,0.0919389999999999,200804,-0.06486
LA-BK,200805,2,hier_nb,reference_r2,11.42761,8.282046999999999,200804,3.145563000000001
LA-BK,200806,3,hier_nb,reference_r2,51.516767,46.60701,200804,4.909756999999999
LA-BK,200807,1,hier_nb,reference_r2,1.091088,1.8842029999999992,200807,-0.7931149999999991
LA-BK,200808,2,hier_nb,reference_r2,5.396069,5.801938,200807,-0.40586900000000004
LA-BK,200809,3,hier_nb,reference_r2,26.198098,21.645176,200807,4.552922000000002
LA-BK,200810,1,hier_nb,reference_r2,44.570442,22.942771000000008,200810,21.627670999999992
LA-BK,200811,2,hier_nb,reference_r2,52.219245,48.272275,200810,3.9469700000000003
LA-BK,200812,3,hier_nb,reference_r2,4.16295,2.9151080000000005,200810,1.247842
LA-BK,200901,1,hier_nb,reference_r2,0.607221,0.463794,200901,0.14342700000000003
LA-BK,200902,2,hier_nb,reference_r2,0.0473609999999999,0.269102,200901,-0.2217410000000001
LA-BK,200903,3,hier_nb,reference_r2,0.754136,0.586875,200901,0.167261
LA-BK,200904,1,hier_nb,reference_r2,2.531204,1.318219,200904,1.2129849999999998
LA-BK,200905,2,hier_nb,reference_r2,71.54265699999999,43.200038,200904,28.342618999999992
LA-BK,200906,3,hier_nb,reference_r2,208.947278,146.591438,200904,62.35584
LA-BK,200907,1,hier_nb,reference_r2,191.219989,184.315415,200907,6.904573999999997
LA-BK,200908,2,hier_nb,reference_r2,85.987102,90.208952,200907,-4.221850000000003
LA-BK,200909,3,hier_nb,reference_r2,35.239885,39.497511,200907,-4.257626000000002
LA-BK,200910,1,hier_nb,reference_r2,21.561045999999997,21.675027,200910,-0.11398100000000255
LA-BK,200911,2,hier_nb,reference_r2,2.6993550000000006,16.155339999999995,200910,-13.455984999999995
LA-BK,200912,3,hier_nb,reference_r2,2.734375,4.625311999999999,200910,-1.8909369999999992
LA-BL,200801,1,hier_nb,reference_r2,3.5270390000000003,5.211004,200801,-1.6839649999999997
LA-BL,200802,2,hier_nb,reference_r2,4.231488000000001,5.742271,200801,-1.510782999999999
LA-BL,200803,3,hier_nb,reference_r2,0.3931769999999999,0.3935499999999999,200801,-0.0003730000000000122
LA-BL,200804,1,hier_nb,reference_r2,1.0806240000000005,1.801488,200804,-0.7208639999999995
LA-BL,200805,2,hier_nb,reference_r2,5.575555999999999,11.091016,200804,-5.515460000000001
LA-BL,200806,3,hier_nb,reference_r2,6.803504999999998,11.807714,200804,-5.004209000000003
LA-BL,200807,1,hier_nb,reference_r2,14.140247000000002,19.489928999999997,200807,-5.349681999999994
LA-BL,200808,2,hier_nb,reference_r2,14.733270000000005,20.422767,200807,-5.689496999999996
LA-BL,200809,3,hier_nb,reference_r2,15.122698999999995,18.832101999999992,200807,-3.7094029999999965
LA-BL,200810,1,hier_nb,reference_r2,16.423255,10.138714000000004,200810,6.284540999999997
LA-BL,200811,2,hier_nb,reference_r2,6.658467999999999,3.98417,200810,2.674297999999999
LA-BL,200812,3,hier_nb,reference_r2,3.148053,0.9679320000000002,200810,2.1801209999999998
LA-BL,200901,1,hier_nb,reference_r2,0.8563179999999999,0.727095,200901,0.12922299999999987
LA-BL,200902,2,hier_nb,reference_r2,1.155479,1.7457879999999997,200901,-0.5903089999999998
LA-BL,200903,3,hier_nb,reference_r2,1.02629,0.9977959999999996,200901,0.028494000000000352
LA-BL,200904,1,hier_nb,reference_r2,1.346961,0.7688329999999999,200904,0.5781280000000002
LA-BL,200905,2,hier_nb,reference_r2,14.101530999999998,4.063975000000001,200904,10.037555999999997
LA-BL,200906,3,hier_nb,reference_r2,14.141430999999995,5.191542999999999,200904,8.949887999999996
LA-BL,200907,1,hier_nb,reference_r2,12.998627,21.442379000000003,200907,-8.443752000000002
LA-BL,200908,2,hier_nb,reference_r2,23.305617999999996,5.833576000000001,200907,17.472041999999995
LA-BL,200909,3,hier_nb,reference_r2,32.285911999999996,5.436509999999998,200907,26.849401999999998
LA-BL,200910,1,hier_nb,reference_r2,22.644665,5.468042999999998,200910,17.176622000000002
LA-BL,200911,2,hier_nb,reference_r2,12.614133,2.460592,200910,10.153541
LA-BL,200912,3,hier_nb,reference_r2,1.710693,0.6904659999999998,200910,1.0202270000000002
LA-CH,200801,1,hier_nb,reference_r2,42.307985,29.400878,200801,12.907107000000003
LA-CH,200802,2,hier_nb,reference_r2,66.59802400000001,41.710931,200801,24.887093000000007
LA-CH,200803,3,hier_nb,reference_r2,61.07289000000001,48.63571,200801,12.437180000000005
LA-CH,200804,1,hier_nb,reference_r2,34.510819999999995,36.551064,200804,-2.0402440000000013
LA-CH,200805,2,hier_nb,reference_r2,53.14854299999999,61.931813000000005,200804,-8.783270000000016
LA-CH,200806,3,hier_nb,reference_r2,155.28667700000003,169.26722999999998,200804,-13.980552999999958
LA-CH,200807,1,hier_nb,reference_r2,64.11573800000002,95.311037,200807,-31.195298999999977
LA-CH,200808,2,hier_nb,reference_r2,57.19540699999999,91.334289,200807,-34.13888200000001
LA-CH,200809,3,hier_nb,reference_r2,74.03386400000002,123.56388700000002,200807,-49.530023
LA-CH,200810,1,hier_nb,reference_r2,63.753767999999994,48.776076,200810,14.97769199999999
LA-CH,200811,2,hier_nb,reference_r2,45.281513,49.353605,200810,-4.072092000000005
LA-CH,200812,3,hier_nb,reference_r2,34.086786,34.683201999999994,200810,-0.5964159999999978
LA-CH,200901,1,hier_nb,reference_r2,13.006018999999998,10.119243,200901,2.8867759999999976
LA-CH,200902,2,hier_nb,reference_r2,30.165069000000003,27.214198000000003,200901,2.9508709999999994
LA-CH,200903,3,hier_nb,reference_r2,33.320268999999996,22.387956999999997,200901,10.932312
LA-CH,200904,1,hier_nb,reference_r2,55.924188,39.571918,200904,16.352270000000004
LA-CH,200905,2,hier_nb,reference_r2,31.24918599999998,77.67261800000003,200904,-46.42343200000005
LA-CH,200906,3,hier_nb,reference_r2,46.80479300000002,71.83555600000003,200904,-25.030763000000007
LA-CH,200907,1,hier_nb,reference_r2,50.262812,72.095211,200907,-21.83239900000001
LA-CH,200908,2,hier_nb,reference_r2,41.511116999999985,64.89548500000001,200907,-23.384368000000023
LA-CH,200909,3,hier_nb,reference_r2,38.70018300000001,60.58468499999998,200907,-21.88450199999997
LA-CH,200910,1,hier_nb,reference_r2,23.259185,20.648829,200910,2.6103559999999995
LA-CH,200911,2,hier_nb,reference_r2,15.514775,20.115042000000003,200910,-4.600267000000002
LA-CH,200912,3,hier_nb,reference_r2,12.177158999999996,11.842319999999994,200910,0.33483900000000233
LA-HO,200801,1,hier_nb,reference_r2,0.0021839999999999,0.0028089999999999,200801,-0.0006250000000000001
LA-HO,200802,2,hier_nb,reference_r2,0.000226,0.001024,200801,-0.000798
LA-HO,200803,3,hier_nb,reference_r2,0.0011599999999999,0.0061849999999999,200801,-0.005025
LA-HO,200804,1,hier_nb,reference_r2,0.0050769999999999,0.01699,200804,-0.0119130000000001
LA-HO,200805,2,hier_nb,reference_r2,0.0034189999999999,0.0505309999999999,200804,-0.047112
LA-HO,200806,3,hier_nb,reference_r2,0.021142,0.106754,200804,-0.085612
LA-HO,200807,1,hier_nb,reference_r2,0.0928029999999999,0.4200189999999999,200807,-0.327216
LA-HO,200808,2,hier_nb,reference_r2,0.138338,0.4557479999999998,200807,-0.31740999999999986
LA-HO,200809,3,hier_nb,reference_r2,0.6922510000000001,0.8657190000000003,200807,-0.1734680000000003
LA-HO,200810,1,hier_nb,reference_r2,0.0213509999999999,0.07379,200810,-0.0524390000000001
LA-HO,200811,2,hier_nb,reference_r2,0.0056389999999999,0.007235,200810,-0.0015960000000001
LA-HO,200812,3,hier_nb,reference_r2,0.960427,0.8987419999999999,200810,0.0616850000000001
LA-HO,200901,1,hier_nb,reference_r2,0.000789,0.0168959999999999,200901,-0.0161069999999999
LA-HO,200902,2,hier_nb,reference_r2,9.99999999999994e-05,0.0283689999999999,200901,-0.028268999999999902
LA-HO,200903,3,hier_nb,reference_r2,0.000746,0.0238049999999999,200901,-0.0230589999999999
LA-HO,200904,1,hier_nb,reference_r2,0.0013729999999999,0.00596,200904,-0.0045870000000001
LA-HO,200905,2,hier_nb,reference_r2,0.014469,0.014989,200904,-0.0005200000000000014
LA-HO,200906,3,hier_nb,reference_r2,0.042634,0.0415379999999999,200904,0.001096000000000097
LA-HO,200907,1,hier_nb,reference_r2,0.1437809999999999,0.3486150000000005,200907,-0.2048340000000006
LA-HO,200908,2,hier_nb,reference_r2,0.1578049999999999,0.568760000000001,200907,-0.4109550000000012
LA-HO,200909,3,hier_nb,reference_r2,0.699121,0.782449999999999,200907,-0.08332899999999899
LA-HO,200910,1,hier_nb,reference_r2,0.772155,0.5915029999999999,200910,0.18065200000000015
LA-HO,200911,2,hier_nb,reference_r2,0.8431929999999999,0.7675,200910,0.0756929999999999
LA-HO,200912,3,hier_nb,reference_r2,0.944801,0.88176,200910,0.06304100000000001
LA-KH,200801,1,hier_nb,reference_r2,0.492458,0.8436089999999998,200801,-0.3511509999999998
LA-KH,200802,2,hier_nb,reference_r2,0.1125039999999999,0.1006579999999999,200801,0.011845999999999995
LA-KH,200803,3,hier_nb,reference_r2,0.086735,0.084513,200801,0.0022220000000000018
LA-KH,200804,1,hier_nb,reference_r2,0.2558879999999999,0.3475000000000001,200804,-0.0916120000000002
LA-KH,200805,2,hier_nb,reference_r2,0.5926149999999999,0.8777169999999996,200804,-0.28510199999999974
LA-KH,200806,3,hier_nb,reference_r2,2.553848000000002,2.284251000000001,200804,0.269597000000001
LA-KH,200807,1,hier_nb,reference_r2,6.7093129999999945,4.221245999999994,200807,2.488067000000001
LA-KH,200808,2,hier_nb,reference_r2,6.868336999999997,4.132339000000002,200807,2.735997999999995
LA-KH,200809,3,hier_nb,reference_r2,6.101644,4.838402000000002,200807,1.2632419999999982
LA-KH,200810,1,hier_nb,reference_r2,3.6667750000000017,0.712469,200810,2.9543060000000017
LA-KH,200811,2,hier_nb,reference_r2,2.005794,1.6994600000000002,200810,0.30633399999999966
LA-KH,200812,3,hier_nb,reference_r2,2.605924,3.2335190000000003,200810,-0.6275950000000003
LA-KH,200901,1,hier_nb,reference_r2,0.1125249999999999,0.095673,200901,0.01685199999999991
LA-KH,200902,2,hier_nb,reference_r2,0.096143,0.0148939999999999,200901,0.0812490000000001
LA-KH,200903,3,hier_nb,reference_r2,4.415616,4.787865,200901,-0.37224900000000005
LA-KH,200904,1,hier_nb,reference_r2,0.3531140000000001,0.319434,200904,0.0336800000000001
LA-KH,200905,2,hier_nb,reference_r2,3.5484779999999994,2.2428190000000003,200904,1.305658999999999
LA-KH,200906,3,hier_nb,reference_r2,47.692766000000006,63.818406,200904,-16.125639999999997
LA-KH,200907,1,hier_nb,reference_r2,106.157975,113.180951,200907,-7.022976
LA-KH,200908,2,hier_nb,reference_r2,227.019947,238.574493,200907,-11.554545999999988
LA-KH,200909,3,hier_nb,reference_r2,198.099279,223.8797,200907,-25.78042100000002
LA-KH,200910,1,hier_nb,reference_r2,46.021879,42.39027300000001,200910,3.631605999999991
LA-KH,200911,2,hier_nb,reference_r2,36.140759,22.924324999999996,200910,13.216434000000007
LA-KH,200912,3,hier_nb,reference_r2,54.637064,30.880674000000003,200910,23.75639
LA-LM,200801,1,hier_nb,reference_r2,0.000547,0.000226,200801,0.000321
LA-LM,200802,2,hier_nb,reference_r2,0.0001379999999999,8.099999999999948e-05,200801,5.699999999990053e-05
LA-LM,200803,3,hier_nb,reference_r2,0.0003669999999999,4.000000000000097e-06,200801,0.0003629999999998999
LA-LM,200804,1,hier_nb,reference_r2,0.001228,0.0301639999999999,200804,-0.0289359999999999
LA-LM,200805,2,hier_nb,reference_r2,0.0035589999999999,0.198095,200804,-0.1945360000000001
LA-LM,200806,3,hier_nb,reference_r2,0.014485,0.292751,200804,-0.27826599999999996
LA-LM,200807,1,hier_nb,reference_r2,0.078216,1.0682200000000002,200807,-0.9900040000000002
LA-LM,200808,2,hier_nb,reference_r2,0.0635239999999999,0.5533980000000005,200807,-0.4898740000000006
LA-LM,200809,3,hier_nb,reference_r2,0.0513080000000001,0.5952210000000004,200807,-0.5439130000000003
LA-LM,200810,1,hier_nb,reference_r2,0.007705,0.0238269999999999,200810,-0.0161219999999999
LA-LM,200811,2,hier_nb,reference_r2,0.0017689999999999,0.002683,200810,-0.0009140000000001001
LA-LM,200812,3,hier_nb,reference_r2,0.0001679999999999,0.000148,200810,1.9999999999900008e-05
LA-LM,200901,1,hier_nb,reference_r2,9.400000000000032e-05,0.0001019999999999,200901,-7.999999999899675e-06
LA-LM,200902,2,hier_nb,reference_r2,0.0001209999999999,9.99999999999994e-05,200901,2.09999999999006e-05
LA-LM,200903,3,hier_nb,reference_r2,0.000136,0.0004839999999999,200901,-0.0003479999999999
LA-LM,200904,1,hier_nb,reference_r2,0.978145,0.94868,200904,0.029465000000000074
LA-LM,200905,2,hier_nb,reference_r2,0.0056839999999999,0.0033749999999999,200904,0.002309
LA-LM,200906,3,hier_nb,reference_r2,1.659561,1.778816,200904,-0.11925499999999989
LA-LM,200907,1,hier_nb,reference_r2,0.7121059999999999,0.942513,200907,-0.23040700000000014
LA-LM,200908,2,hier_nb,reference_r2,0.1263019999999999,1.34788,200907,-1.221578
LA-LM,200909,3,hier_nb,reference_r2,2.830548,2.340674,200907,0.4898739999999999
LA-LM,200910,1,hier_nb,reference_r2,4.240601000000001,2.816205,200910,1.4243960000000007
LA-LM,200911,2,hier_nb,reference_r2,5.550443,4.455114999999999,200910,1.0953280000000003
LA-LM,200912,3,hier_nb,reference_r2,3.817358,3.353251,200910,0.4641069999999998
LA-LP,200801,1,hier_nb,reference_r2,0.8749810000000002,0.7571660000000002,200801,0.117815
LA-LP,200802,2,hier_nb,reference_r2,13.724017,14.267759,200801,-0.543742
LA-LP,200803,3,hier_nb,reference_r2,19.612303,20.295906,200801,-0.683602999999998
LA-LP,200804,1,hier_nb,reference_r2,26.888523,31.738872000000004,200804,-4.850349000000005
LA-LP,200805,2,hier_nb,reference_r2,101.689016,112.771204,200804,-11.082188000000002
LA-LP,200806,3,hier_nb,reference_r2,119.161012,153.205867,200804,-34.04485500000001
LA-LP,200807,1,hier_nb,reference_r2,12.434883,9.993556000000003,200807,2.441326999999996
LA-LP,200808,2,hier_nb,reference_r2,15.196496000000003,8.205945999999997,200807,6.990550000000006
LA-LP,200809,3,hier_nb,reference_r2,13.152888000000004,8.876618,200807,4.276270000000004
LA-LP,200810,1,hier_nb,reference_r2,11.230853,16.71071,200810,-5.479856999999999
LA-LP,200811,2,hier_nb,reference_r2,87.895414,108.873379,200810,-20.977964999999998
LA-LP,200812,3,hier_nb,reference_r2,151.655717,157.84191199999998,200810,-6.1861949999999695
LA-LP,200901,1,hier_nb,reference_r2,0.783426,8.096719,200901,-7.313293
LA-LP,200902,2,hier_nb,reference_r2,0.6359350000000001,4.327036,200901,-3.6911009999999997
LA-LP,200903,3,hier_nb,reference_r2,1.021137,11.661655999999995,200901,-10.640518999999996
LA-LP,200904,1,hier_nb,reference_r2,0.587523,11.652033,200904,-11.064509999999999
LA-LP,200905,2,hier_nb,reference_r2,3.627877999999999,35.67989000000001,200904,-32.052012000000005
LA-LP,200906,3,hier_nb,reference_r2,5.054102,70.77148200000002,200904,-65.71738000000002
LA-LP,200907,1,hier_nb,reference_r2,10.809123,20.486870999999997,200907,-9.677747999999998
LA-LP,200908,2,hier_nb,reference_r2,11.901094,20.185861999999997,200907,-8.284767999999996
LA-LP,200909,3,hier_nb,reference_r2,228.58896699999997,283.036426,200907,-54.44745900000004
LA-LP,200910,1,hier_nb,reference_r2,103.81275399999998,73.503249,200910,30.309504999999987
LA-LP,200911,2,hier_nb,reference_r2,51.406503,35.459931,200910,15.946572000000003
LA-LP,200912,3,hier_nb,reference_r2,3.00704,5.855303000000001,200910,-2.848263000000001
LA-OU,200801,1,hier_nb,reference_r2,0.001453,0.0012409999999999,200801,0.00021200000000010013
LA-OU,200802,2,hier_nb,reference_r2,0.0004839999999999,6.399999999999982e-05,200801,0.00041999999999990016
LA-OU,200803,3,hier_nb,reference_r2,0.001321,8.099999999999948e-05,200801,0.0012400000000000004
LA-OU,200804,1,hier_nb,reference_r2,0.0038059999999999,0.080944,200804,-0.0771380000000001
LA-OU,200805,2,hier_nb,reference_r2,0.00929,0.3718069999999998,200804,-0.36251699999999976
LA-OU,200806,3,hier_nb,reference_r2,0.02665,0.6405690000000002,200804,-0.6139190000000002
LA-OU,200807,1,hier_nb,reference_r2,0.077588,1.957936,200807,-1.880348
LA-OU,200808,2,hier_nb,reference_r2,0.090263,1.3450399999999991,200807,-1.2547769999999991
LA-OU,200809,3,hier_nb,reference_r2,0.055228,1.5896340000000002,200807,-1.5344060000000002
LA-OU,200810,1,hier_nb,reference_r2,0.0233559999999999,0.0335859999999999,200810,-0.01023
LA-OU,200811,2,hier_nb,reference_r2,0.007807,0.003444,200810,0.004363
LA-OU,200812,3,hier_nb,reference_r2,0.0021689999999999,0.000635,200810,0.0015339999999999
LA-OU,200901,1,hier_nb,reference_r2,0.0006259999999999,0.0002339999999999,200901,0.000392
LA-OU,200902,2,hier_nb,reference_r2,0.000577,0.0002249999999999,200901,0.00035200000000010006
LA-OU,200903,3,hier_nb,reference_r2,0.000843,0.0002339999999999,200901,0.0006090000000001
LA-OU,200904,1,hier_nb,reference_r2,0.001454,0.00073,200904,0.000724
LA-OU,200905,2,hier_nb,reference_r2,0.0176999999999999,0.0065199999999999,200904,0.011179999999999999
LA-OU,200906,3,hier_nb,reference_r2,0.0350369999999999,0.0146779999999999,200904,0.020359000000000002
LA-OU,200907,1,hier_nb,reference_r2,0.085542,1.6200480000000006,200907,-1.5345060000000006
LA-OU,200908,2,hier_nb,reference_r2,0.6161650000000001,2.1309520000000006,200907,-1.5147870000000005
LA-OU,200909,3,hier_nb,reference_r2,13.933883,9.051423,200907,4.88246
LA-OU,200910,1,hier_nb,reference_r2,5.2235439999999995,2.259908,200910,2.9636359999999997
LA-OU,200911,2,hier_nb,reference_r2,12.465023,8.562932,200910,3.9020910000000004
LA-OU,200912,3,hier_nb,reference_r2,17.751095,16.293002,200910,1.458092999999998
LA-PH,200901,1,hier_nb,reference_r2,2.499999999999985e-05,0.017178,200901,-0.017152999999999998
LA-PH,200902,2,hier_nb,reference_r2,4.000000000000097e-06,0.0116239999999999,200901,-0.0116199999999999
LA-PH,200903,3,hier_nb,reference_r2,8.999999999999894e-06,0.015307,200901,-0.015297999999999999
LA-PH,200904,1,hier_nb,reference_r2,2.599999999999998e-05,0.0035339999999999,200904,-0.0035079999999999
LA-PH,200905,2,hier_nb,reference_r2,0.000418,0.0082129999999999,200904,-0.007794999999999899
LA-PH,200906,3,hier_nb,reference_r2,0.00109,0.026865,200904,-0.025775
LA-PH,200907,1,hier_nb,reference_r2,0.001134,0.2463779999999999,200907,-0.2452439999999999
LA-PH,200909,3,hier_nb,reference_r2,0.002306,0.4324589999999997,200907,-0.43015299999999973
LA-PH,200910,1,hier_nb,reference_r2,0.000442,0.013547,200910,-0.013105
LA-PH,200911,2,hier_nb,reference_r2,0.000359,0.0079899999999999,200910,-0.0076309999999999
LA-PH,200912,3,hier_nb,reference_r2,1.700000000000052e-05,0.001654,200910,-0.0016369999999999996
LA-SL,200801,1,hier_nb,reference_r2,0.062056,0.9609960000000002,200801,-0.8989400000000002
LA-SL,200802,2,hier_nb,reference_r2,0.8322100000000001,0.4065709999999998,200801,0.4256390000000003
LA-SL,200803,3,hier_nb,reference_r2,4.2619739999999995,3.618485,200801,0.6434889999999993
LA-SL,200804,1,hier_nb,reference_r2,1.344569,1.2881089999999995,200804,0.0564600000000004
LA-SL,200805,2,hier_nb,reference_r2,101.061999,88.681095,200804,12.380904000000001
LA-SL,200806,3,hier_nb,reference_r2,212.072745,182.102189,200804,29.970555999999988
LA-SL,200807,1,hier_nb,reference_r2,56.10452500000001,48.087969999999984,200807,8.016555000000025
LA-SL,200808,2,hier_nb,reference_r2,38.781282,37.69212300000001,200807,1.089158999999988
LA-SL,200809,3,hier_nb,reference_r2,58.060569,56.927235,200807,1.1333339999999978
LA-SL,200810,1,hier_nb,reference_r2,73.967708,38.914912,200810,35.052796
LA-SL,200811,2,hier_nb,reference_r2,14.704371000000002,7.517941000000002,200810,7.18643
LA-SL,200812,3,hier_nb,reference_r2,5.760646,2.700215,200810,3.0604310000000003
LA-SL,200901,1,hier_nb,reference_r2,0.5405540000000002,1.8186020000000005,200901,-1.2780480000000003
LA-SL,200902,2,hier_nb,reference_r2,22.697285,19.869148000000003,200901,2.828136999999998
LA-SL,200903,3,hier_nb,reference_r2,22.721221,13.274758,200901,9.446463
LA-SL,200904,1,hier_nb,reference_r2,15.781678,6.034967999999999,200904,9.74671
LA-SL,200905,2,hier_nb,reference_r2,97.076889,45.707485,200904,51.369403999999996
LA-SL,200906,3,hier_nb,reference_r2,25.552451999999995,34.25086399999999,200904,-8.698411999999998
LA-SL,200907,1,hier_nb,reference_r2,122.284752,115.541823,200907,6.742929000000004
LA-SL,200908,2,hier_nb,reference_r2,86.947722,87.82631500000001,200907,-0.8785930000000093
LA-SL,200909,3,hier_nb,reference_r2,62.014651,61.209676,200907,0.8049749999999989
LA-SL,200910,1,hier_nb,reference_r2,70.31972,34.766141000000005,200910,35.553579
LA-SL,200911,2,hier_nb,reference_r2,31.44028,17.021496,200910,14.418784000000002
LA-SL,200912,3,hier_nb,reference_r2,12.260817,6.997938000000001,200910,5.262878999999998
LA-SV,200801,1,hier_nb,reference_r2,5.328801000000006,5.727430999999999,200801,-0.3986299999999936
LA-SV,200802,2,hier_nb,reference_r2,1.0829720000000016,1.0720569999999996,200801,0.010915000000002006
LA-SV,200803,3,hier_nb,reference_r2,1.0075829999999997,0.495967,200801,0.5116159999999996
LA-SV,200804,1,hier_nb,reference_r2,3.881684,2.4851609999999997,200804,1.3965230000000002
LA-SV,200805,2,hier_nb,reference_r2,6.026150000000001,4.594252000000001,200804,1.4318980000000003
LA-SV,200806,3,hier_nb,reference_r2,18.91160400000001,16.320681000000008,200804,2.5909230000000036
LA-SV,200807,1,hier_nb,reference_r2,46.544580999999994,22.10757099999998,200807,24.437010000000015
LA-SV,200808,2,hier_nb,reference_r2,48.83059500000002,18.885549999999967,200807,29.94504500000005
LA-SV,200809,3,hier_nb,reference_r2,47.765589000000006,26.240959999999973,200807,21.524629000000033
LA-SV,200810,1,hier_nb,reference_r2,25.85982899999999,3.883800000000001,200810,21.97602899999999
LA-SV,200811,2,hier_nb,reference_r2,16.49048600000002,0.775015,200810,15.715471000000019
LA-SV,200812,3,hier_nb,reference_r2,4.1359879999999976,0.35477,200810,3.7812179999999977
LA-SV,200901,1,hier_nb,reference_r2,2.6331200000000017,0.0935149999999999,200901,2.5396050000000017
LA-SV,200902,2,hier_nb,reference_r2,0.8438140000000001,0.0167589999999999,200901,0.8270550000000002
LA-SV,200903,3,hier_nb,reference_r2,1.3451590000000009,0.1169239999999999,200901,1.228235000000001
LA-SV,200904,1,hier_nb,reference_r2,3.6311050000000016,0.183268,200904,3.4478370000000016
LA-SV,200905,2,hier_nb,reference_r2,19.500879,1.158766,200904,18.342113
LA-SV,200906,3,hier_nb,reference_r2,31.745621999999997,1.7325730000000004,200904,30.013048999999995
LA-SV,200907,1,hier_nb,reference_r2,40.47787500000004,30.679626999999986,200907,9.798248000000054
LA-SV,200908,2,hier_nb,reference_r2,33.49160499999999,34.536985999999956,200907,-1.0453809999999635
LA-SV,200909,3,hier_nb,reference_r2,33.725495999999964,37.720864000000006,200907,-3.9953680000000418
LA-SV,200910,1,hier_nb,reference_r2,20.828006999999985,7.350740000000002,200910,13.477266999999983
LA-SV,200911,2,hier_nb,reference_r2,17.65672099999999,14.811204,200910,2.8455169999999903
LA-SV,200912,3,hier_nb,reference_r2,6.365251999999998,1.603733999999999,200910,4.761517999999999
LA-VT,200801,1,hier_nb,reference_r2,8.096408,11.966943,200801,-3.8705350000000003
LA-VT,200802,2,hier_nb,reference_r2,3.652144,3.921690000000001,200801,-0.26954600000000095
LA-VT,200803,3,hier_nb,reference_r2,6.698067999999999,16.988966,200801,-10.290898000000002
LA-VT,200804,1,hier_nb,reference_r2,18.566912999999996,5.232127000000002,200804,13.334785999999994
LA-VT,200805,2,hier_nb,reference_r2,21.194769,11.074110000000005,200804,10.120658999999996
LA-VT,200806,3,hier_nb,reference_r2,72.12087600000001,33.82941000000001,200804,38.291466
LA-VT,200807,1,hier_nb,reference_r2,107.73516,82.810205,200807,24.924954999999997
LA-VT,200808,2,hier_nb,reference_r2,80.659166,84.79809499999999,200807,-4.13892899999999
LA-VT,200809,3,hier_nb,reference_r2,73.71560499999998,88.43824000000001,200807,-14.722635000000025
LA-VT,200810,1,hier_nb,reference_r2,52.51028799999999,34.23430500000002,200810,18.275982999999968
LA-VT,200811,2,hier_nb,reference_r2,35.08246200000001,63.076217,200810,-27.993754999999993
LA-VT,200812,3,hier_nb,reference_r2,22.857355,52.983022000000005,200810,-30.125667000000007
LA-VT,200901,1,hier_nb,reference_r2,9.202270000000002,19.981765000000003,200901,-10.779495
LA-VT,200902,2,hier_nb,reference_r2,6.050388999999999,13.921715,200901,-7.871326000000002
LA-VT,200903,3,hier_nb,reference_r2,4.950262,6.318354999999999,200901,-1.3680929999999982
LA-VT,200904,1,hier_nb,reference_r2,8.940234999999998,11.17111,200904,-2.230875000000003
LA-VT,200905,2,hier_nb,reference_r2,60.847605999999985,106.849626,200904,-46.002020000000016
LA-VT,200906,3,hier_nb,reference_r2,69.74499500000002,173.583861,200904,-103.838866
LA-VT,200907,1,hier_nb,reference_r2,78.66273599999997,173.3183140000001,200907,-94.65557800000013
LA-VT,200908,2,hier_nb,reference_r2,82.26058199999997,208.28285299999993,200907,-126.02227099999996
LA-VT,200909,3,hier_nb,reference_r2,119.63644899999996,270.50272200000006,200907,-150.8662730000001
LA-VT,200910,1,hier_nb,reference_r2,167.165367,192.928868,200910,-25.76350099999999
LA-VT,200911,2,hier_nb,reference_r2,213.524629,246.434299,200910,-32.909670000000006
LA-VT,200912,3,hier_nb,reference_r2,241.984169,232.33493500000003,200910,9.649233999999979
LA-XA,200801,1,hier_nb,reference_r2,0.3546990000000001,1.087205,200801,-0.7325059999999999
LA-XA,200802,2,hier_nb,reference_r2,0.0857590000000001,0.247975,200801,-0.16221599999999992
LA-XA,200803,3,hier_nb,reference_r2,0.2408739999999998,0.158262,200801,0.0826119999999998
LA-XA,200804,1,hier_nb,reference_r2,0.4582879999999996,0.4294739999999999,200804,0.028813999999999673
LA-XA,200805,2,hier_nb,reference_r2,1.3770249999999995,1.258622,200804,0.11840299999999959
LA-XA,200806,3,hier_nb,reference_r2,4.146191000000002,2.9524669999999995,200804,1.1937240000000022
LA-XA,200807,1,hier_nb,reference_r2,9.527858000000002,10.835366,200807,-1.3075079999999986
LA-XA,200808,2,hier_nb,reference_r2,7.872078999999999,3.851817999999998,200807,4.020261000000001
LA-XA,200809,3,hier_nb,reference_r2,7.367936,2.27628,200807,5.091656
LA-XA,200810,1,hier_nb,reference_r2,4.585511,1.599311,200810,2.9862
LA-XA,200811,2,hier_nb,reference_r2,2.5547660000000008,0.7601170000000002,200810,1.7946490000000006
LA-XA,200812,3,hier_nb,reference_r2,0.6501289999999997,0.440991,200810,0.2091379999999997
LA-XA,200901,1,hier_nb,reference_r2,0.2200789999999999,0.10459,200901,0.11548899999999991
LA-XA,200902,2,hier_nb,reference_r2,0.1268169999999999,0.037595,200901,0.0892219999999999
LA-XA,200903,3,hier_nb,reference_r2,0.1924030000000001,0.212144,200901,-0.019740999999999898
LA-XA,200904,1,hier_nb,reference_r2,0.4378579999999998,0.30185,200904,0.1360079999999998
LA-XA,200905,2,hier_nb,reference_r2,2.423819999999999,1.2287720000000002,200904,1.195047999999999
LA-XA,200906,3,hier_nb,reference_r2,6.510365999999998,5.806432999999999,200904,0.7039329999999984
LA-XA,200907,1,hier_nb,reference_r2,6.884020999999997,6.875187000000011,200907,0.00883399999998602
LA-XA,200908,2,hier_nb,reference_r2,17.330418,22.443091999999993,200907,-5.112673999999991
LA-XA,200909,3,hier_nb,reference_r2,7.985883999999999,6.936960999999997,200907,1.048923000000002
LA-XA,200910,1,hier_nb,reference_r2,4.988607000000002,4.572735999999999,200910,0.41587100000000277
LA-XA,200911,2,hier_nb,reference_r2,4.285157999999999,2.5080670000000005,200910,1.7770909999999986
LA-XA,200912,3,hier_nb,reference_r2,1.0193839999999996,1.1685249999999998,200910,-0.1491410000000002
LA-XE,200801,1,hier_nb,reference_r2,0.0146289999999999,0.0134849999999999,200801,0.001144000000000001
LA-XE,200802,2,hier_nb,reference_r2,0.003452,0.007958,200801,-0.004506
LA-XE,200803,3,hier_nb,reference_r2,0.016179,0.004571,200801,0.011607999999999999
LA-XE,200804,1,hier_nb,reference_r2,0.02425,0.025236,200804,-0.0009860000000000008
LA-XE,200805,2,hier_nb,reference_r2,0.060846,0.0677099999999999,200804,-0.006863999999999898
LA-XE,200806,3,hier_nb,reference_r2,3.667835,3.517428,200804,0.15040699999999996
LA-XE,200807,1,hier_nb,reference_r2,0.4647880000000002,0.4643760000000005,200807,0.0004119999999996904
LA-XE,200808,2,hier_nb,reference_r2,0.548718,0.5777359999999998,200807,-0.029017999999999766
LA-XE,200809,3,hier_nb,reference_r2,0.573518,0.6821890000000002,200807,-0.10867100000000018
LA-XE,200810,1,hier_nb,reference_r2,0.112819,0.046339,200810,0.06648000000000001
LA-XE,200811,2,hier_nb,reference_r2,0.043961,0.0087069999999999,200810,0.0352540000000001
LA-XE,200812,3,hier_nb,reference_r2,0.824857,0.878037,200810,-0.053180000000000005
LA-XE,200901,1,hier_nb,reference_r2,0.003308,0.008175,200901,-0.004867
LA-XE,200902,2,hier_nb,reference_r2,1.867118,1.89434,200901,-0.027221999999999857
LA-XE,200903,3,hier_nb,reference_r2,1.782599,1.77034,200901,0.01225900000000002
LA-XE,200904,1,hier_nb,reference_r2,0.712844,0.515199,200904,0.19764500000000007
LA-XE,200905,2,hier_nb,reference_r2,1.010895,1.009627,200904,0.0012680000000000469
LA-XE,200906,3,hier_nb,reference_r2,6.544338000000001,5.777077,200904,0.7672610000000004
LA-XE,200907,1,hier_nb,reference_r2,24.411641,24.536406,200907,-0.12476500000000001
LA-XE,200908,2,hier_nb,reference_r2,22.373236,21.610439999999997,200907,0.7627960000000016
LA-XE,200909,3,hier_nb,reference_r2,2.701284,3.856923,200907,-1.1556390000000003
LA-XE,200910,1,hier_nb,reference_r2,4.767284999999999,2.772753,200910,1.9945319999999995
LA-XE,200911,2,hier_nb,reference_r2,1.7199559999999998,9.009448000000006,200910,-7.289492000000006
LA-XE,200912,3,hier_nb,reference_r2,6.177809000000001,6.752690000000001,200910,-0.5748810000000004
LA-XI,200801,1,hier_nb,reference_r2,6.499999999999909e-05,0.000531,200801,-0.0004660000000000009
LA-XI,200802,2,hier_nb,reference_r2,4.000000000000097e-06,9.99999999999994e-05,200801,-9.59999999999993e-05
LA-XI,200803,3,hier_nb,reference_r2,4.900000000000043e-05,0.0001539999999999,200801,-0.00010499999999989958
LA-XI,200804,1,hier_nb,reference_r2,0.000144,0.020198,200804,-0.020054000000000002
LA-XI,200805,2,hier_nb,reference_r2,0.000904,0.054979,200804,-0.054075
LA-XI,200806,3,hier_nb,reference_r2,0.94102,0.5715620000000001,200804,0.36945799999999984
LA-XI,200807,1,hier_nb,reference_r2,0.0121109999999999,0.4480550000000001,200807,-0.4359440000000002
LA-XI,200808,2,hier_nb,reference_r2,0.021376,0.3596569999999994,200807,-0.3382809999999994
LA-XI,200809,3,hier_nb,reference_r2,0.016371,0.4386389999999984,200807,-0.42226799999999837
LA-XI,200810,1,hier_nb,reference_r2,0.0024119999999999,0.015991,200810,-0.013579000000000098
LA-XI,200811,2,hier_nb,reference_r2,0.000693,0.002603,200810,-0.0019099999999999998
LA-XI,200812,3,hier_nb,reference_r2,0.0001449999999999,0.0004049999999999,200810,-0.00026000000000000003
LA-XI,200901,1,hier_nb,reference_r2,6.499999999999909e-05,0.001867,200901,-0.0018020000000000009
LA-XI,200902,2,hier_nb,reference_r2,1.600000000000039e-05,0.001718,200901,-0.0017019999999999995
LA-XI,200903,3,hier_nb,reference_r2,6.499999999999909e-05,0.0013359999999999,200901,-0.001270999999999901
LA-XI,200904,1,hier_nb,reference_r2,0.00017,0.000539,200904,-0.00036899999999999997
LA-XI,200905,2,hier_nb,reference_r2,38.90144,38.92053,200904,-0.019089999999998497
LA-XI,200906,3,hier_nb,reference_r2,32.752541,32.853654999999996,200904,-0.10111399999999549
LA-XI,200907,1,hier_nb,reference_r2,0.7996049999999997,0.7331480000000008,200907,0.06645699999999888
LA-XI,200908,2,hier_nb,reference_r2,6.927243000000001,6.875860999999999,200907,0.05138200000000204
LA-XI,200909,3,hier_nb,reference_r2,0.5212389999999996,0.5530080000000002,200907,-0.0317690000000006
LA-XI,200910,1,hier_nb,reference_r2,0.055528,0.7758910000000001,200910,-0.7203630000000001
LA-XI,200911,2,hier_nb,reference_r2,0.0418169999999999,0.397899,200910,-0.3560820000000001
LA-XI,200912,3,hier_nb,reference_r2,0.0003189999999999,0.1502909999999999,200910,-0.149972
LA-AT,200801,1,hier_nb,reference_r3,3.788421,2.720357,200801,1.0680640000000001
LA-AT,200802,2,hier_nb,reference_r3,1.911393,1.307112,200801,0.6042809999999998
LA-AT,200803,3,hier_nb,reference_r3,0.0052099999999999,0.086338,200801,-0.0811280000000001
LA-AT,200804,1,hier_nb,reference_r3,0.0526569999999999,0.599758,200804,-0.5471010000000001
LA-AT,200805,2,hier_nb,reference_r3,2.7854750000000004,1.4779870000000002,200804,1.3074880000000002
LA-AT,200806,3,hier_nb,reference_r3,7.509414,3.699967000000001,200804,3.8094469999999987
LA-AT,200807,1,hier_nb,reference_r3,3.5880270000000003,3.4457489999999993,200807,0.14227800000000101
LA-AT,200808,2,hier_nb,reference_r3,6.260508999999999,6.713205000000002,200807,-0.4526960000000031
LA-AT,200809,3,hier_nb,reference_r3,17.36968,17.844587,200807,-0.47490700000000174
LA-AT,200810,1,hier_nb,reference_r3,42.642360999999994,28.765348,200810,13.877012999999994
LA-AT,200811,2,hier_nb,reference_r3,39.520303,27.515794,200810,12.004508999999999
LA-AT,200812,3,hier_nb,reference_r3,21.312028,16.018390999999998,200810,5.293637000000004
LA-AT,200901,1,hier_nb,reference_r3,16.620842,8.210778999999999,200901,8.410063000000001
LA-AT,200902,2,hier_nb,reference_r3,45.191501,39.230272,200901,5.961229000000003
LA-AT,200903,3,hier_nb,reference_r3,75.106387,60.195632,200901,14.910754999999995
LA-AT,200904,1,hier_nb,reference_r3,92.06734,51.80044199999999,200904,40.26689800000001
LA-AT,200905,2,hier_nb,reference_r3,2.0711830000000013,44.34508199999999,200904,-42.273898999999986
LA-AT,200906,3,hier_nb,reference_r3,13.843083999999998,40.321078,200904,-26.477994000000002
LA-AT,200907,1,hier_nb,reference_r3,41.582814000000006,52.602928,200907,-11.020113999999992
LA-AT,200908,2,hier_nb,reference_r3,14.750611,15.761648,200907,-1.011037
LA-AT,200909,3,hier_nb,reference_r3,10.220502999999995,10.428328,200907,-0.20782500000000503
LA-AT,200910,1,hier_nb,reference_r3,2.199496,6.254522999999999,200910,-4.055026999999999
LA-AT,200911,2,hier_nb,reference_r3,12.343198,5.788535999999999,200910,6.554662
LA-AT,200912,3,hier_nb,reference_r3,4.771692,6.605401999999998,200910,-1.8337099999999982
LA-BK,200801,1,hier_nb,reference_r3,0.8687229999999999,0.948676,200801,-0.07995300000000005
LA-BK,200802,2,hier_nb,reference_r3,0.0019649999999999,4.900000000000043e-05,200801,0.0019159999999998996
LA-BK,200803,3,hier_nb,reference_r3,0.009537,4.900000000000043e-05,200801,0.009488
LA-BK,200804,1,hier_nb,reference_r3,0.0270789999999999,0.00355,200804,0.023528999999999897
LA-BK,200805,2,hier_nb,reference_r3,11.42761,11.5591,200804,-0.13149000000000122
LA-BK,200806,3,hier_nb,reference_r3,51.516767,52.293507,200804,-0.7767399999999967
LA-BK,200807,1,hier_nb,reference_r3,1.091088,2.232635000000002,200807,-1.1415470000000019
LA-BK,200808,2,hier_nb,reference_r3,5.396069,5.803381999999996,200807,-0.4073129999999958
LA-BK,200809,3,hier_nb,reference_r3,26.198098,21.341335,200807,4.856763000000001
LA-BK,200810,1,hier_nb,reference_r3,44.570442,20.43059700000001,200810,24.13984499999999
LA-BK,200811,2,hier_nb,reference_r3,52.219245,45.528704000000005,200810,6.690540999999996
LA-BK,200812,3,hier_nb,reference_r3,4.16295,2.942051999999999,200810,1.2208980000000014
LA-BK,200901,1,hier_nb,reference_r3,0.607221,0.4362939999999999,200901,0.1709270000000001
LA-BK,200902,2,hier_nb,reference_r3,0.0473609999999999,0.285778,200901,-0.23841700000000007
LA-BK,200903,3,hier_nb,reference_r3,0.754136,0.5932529999999998,200901,0.16088300000000022
LA-BK,200904,1,hier_nb,reference_r3,2.531204,1.2074739999999995,200904,1.3237300000000003
LA-BK,200905,2,hier_nb,reference_r3,71.54265699999999,43.848861,200904,27.693795999999992
LA-BK,200906,3,hier_nb,reference_r3,208.947278,145.775887,200904,63.171391
LA-BK,200907,1,hier_nb,reference_r3,191.219989,197.045967,200907,-5.825977999999992
LA-BK,200908,2,hier_nb,reference_r3,85.987102,97.078634,200907,-11.091532
LA-BK,200909,3,hier_nb,reference_r3,35.239885,41.781874,200907,-6.541989000000001
LA-BK,200910,1,hier_nb,reference_r3,21.561045999999997,18.651781,200910,2.9092649999999978
LA-BK,200911,2,hier_nb,reference_r3,2.6993550000000006,10.574944,200910,-7.875589
LA-BK,200912,3,hier_nb,reference_r3,2.734375,5.397960000000001,200910,-2.663585000000001
LA-BL,200801,1,hier_nb,reference_r3,3.5270390000000003,5.312348,200801,-1.7853089999999998
LA-BL,200802,2,hier_nb,reference_r3,4.231488000000001,6.144602,200801,-1.9131139999999993
LA-BL,200803,3,hier_nb,reference_r3,0.3931769999999999,0.422519,200801,-0.02934200000000009
LA-BL,200804,1,hier_nb,reference_r3,1.0806240000000005,1.9219150000000005,200804,-0.841291
LA-BL,200805,2,hier_nb,reference_r3,5.575555999999999,5.607081000000001,200804,-0.031525000000002024
LA-BL,200806,3,hier_nb,reference_r3,6.803504999999998,6.243787000000001,200804,0.5597179999999966
LA-BL,200807,1,hier_nb,reference_r3,14.140247000000002,19.772516999999997,200807,-5.632269999999995
LA-BL,200808,2,hier_nb,reference_r3,14.733270000000005,20.356723,200807,-5.623452999999994
LA-BL,200809,3,hier_nb,reference_r3,15.122698999999995,17.903394,200807,-2.7806950000000032
LA-BL,200810,1,hier_nb,reference_r3,16.423255,9.194311000000004,200810,7.228943999999997
LA-BL,200811,2,hier_nb,reference_r3,6.658467999999999,5.077385,200810,1.5810829999999996
LA-BL,200812,3,hier_nb,reference_r3,3.148053,1.0833199999999996,200810,2.0647330000000004
LA-BL,200901,1,hier_nb,reference_r3,0.8563179999999999,0.784907,200901,0.07141099999999989
LA-BL,200902,2,hier_nb,reference_r3,1.155479,1.635296,200901,-0.47981700000000016
LA-BL,200903,3,hier_nb,reference_r3,1.02629,1.070364,200901,-0.04407400000000017
LA-BL,200904,1,hier_nb,reference_r3,1.346961,0.8236380000000003,200904,0.5233229999999998
LA-BL,200905,2,hier_nb,reference_r3,14.101530999999998,3.5996620000000004,200904,10.501868999999997
LA-BL,200906,3,hier_nb,reference_r3,14.141430999999995,6.129073,200904,8.012357999999995
LA-BL,200907,1,hier_nb,reference_r3,12.998627,24.432139999999997,200907,-11.433512999999996
LA-BL,200908,2,hier_nb,reference_r3,23.305617999999996,5.1644929999999984,200907,18.141124999999995
LA-BL,200909,3,hier_nb,reference_r3,32.285911999999996,1.9267629999999991,200907,30.359149
LA-BL,200910,1,hier_nb,reference_r3,22.644665,5.803838000000001,200910,16.840826999999997
LA-BL,200911,2,hier_nb,reference_r3,12.614133,1.6016139999999996,200910,11.012519000000001
LA-BL,200912,3,hier_nb,reference_r3,1.710693,0.7384339999999998,200910,0.9722590000000002
LA-CH,200801,1,hier_nb,reference_r3,42.307985,30.117882,200801,12.190103
LA-CH,200802,2,hier_nb,reference_r3,66.59802400000001,48.570685,200801,18.027339000000012
LA-CH,200803,3,hier_nb,reference_r3,61.07289000000001,51.246465,200801,9.826425000000008
LA-CH,200804,1,hier_nb,reference_r3,34.510819999999995,28.13525899999999,200804,6.375561000000005
LA-CH,200805,2,hier_nb,reference_r3,53.14854299999999,45.15965300000002,200804,7.988889999999969
LA-CH,200806,3,hier_nb,reference_r3,155.28667700000003,116.478607,200804,38.80807000000003
LA-CH,200807,1,hier_nb,reference_r3,64.11573800000002,100.65572699999996,200807,-36.539988999999935
LA-CH,200808,2,hier_nb,reference_r3,57.19540699999999,90.724118,200807,-33.528711000000015
LA-CH,200809,3,hier_nb,reference_r3,74.03386400000002,120.46804899999997,200807,-46.43418499999994
LA-CH,200810,1,hier_nb,reference_r3,63.753767999999994,46.70008299999999,200810,17.053685
LA-CH,200811,2,hier_nb,reference_r3,45.281513,31.479150000000004,200810,13.802362999999993
LA-CH,200812,3,hier_nb,reference_r3,34.086786,30.016807000000004,200810,4.069978999999993
LA-CH,200901,1,hier_nb,reference_r3,13.006018999999998,9.878589000000002,200901,3.127429999999997
LA-CH,200902,2,hier_nb,reference_r3,30.165069000000003,27.316217,200901,2.848852000000001
LA-CH,200903,3,hier_nb,reference_r3,33.320268999999996,21.429513,200901,11.890755999999996
LA-CH,200904,1,hier_nb,reference_r3,55.924188,37.011744,200904,18.912444
LA-CH,200905,2,hier_nb,reference_r3,31.24918599999998,76.55674200000001,200904,-45.307556000000034
LA-CH,200906,3,hier_nb,reference_r3,46.80479300000002,80.861706,200904,-34.05691299999998
LA-CH,200907,1,hier_nb,reference_r3,50.262812,71.16950299999999,200907,-20.906690999999995
LA-CH,200908,2,hier_nb,reference_r3,41.511116999999985,69.797297,200907,-28.286180000000016
LA-CH,200909,3,hier_nb,reference_r3,38.70018300000001,62.769825,200907,-24.069641999999988
LA-CH,200910,1,hier_nb,reference_r3,23.259185,19.448175999999997,200910,3.811009000000002
LA-CH,200911,2,hier_nb,reference_r3,15.514775,11.976567000000005,200910,3.5382079999999956
LA-CH,200912,3,hier_nb,reference_r3,12.177158999999996,12.895533,200910,-0.7183740000000043
LA-HO,200801,1,hier_nb,reference_r3,0.0021839999999999,0.003891,200801,-0.0017070000000001
LA-HO,200802,2,hier_nb,reference_r3,0.000226,0.000789,200801,-0.000563
LA-HO,200803,3,hier_nb,reference_r3,0.0011599999999999,0.0146379999999999,200801,-0.013477999999999999
LA-HO,200804,1,hier_nb,reference_r3,0.0050769999999999,0.022315,200804,-0.0172380000000001
LA-HO,200805,2,hier_nb,reference_r3,0.0034189999999999,0.013646,200804,-0.0102270000000001
LA-HO,200806,3,hier_nb,reference_r3,0.021142,0.008409,200804,0.012733000000000001
LA-HO,200807,1,hier_nb,reference_r3,0.0928029999999999,0.4430440000000004,200807,-0.35024100000000047
LA-HO,200808,2,hier_nb,reference_r3,0.138338,0.5289209999999986,200807,-0.3905829999999987
LA-HO,200809,3,hier_nb,reference_r3,0.6922510000000001,0.7766020000000005,200807,-0.0843510000000004
LA-HO,200810,1,hier_nb,reference_r3,0.0213509999999999,0.064998,200810,-0.0436470000000001
LA-HO,200811,2,hier_nb,reference_r3,0.0056389999999999,0.0166949999999999,200810,-0.011056
LA-HO,200812,3,hier_nb,reference_r3,0.960427,0.874354,200810,0.08607300000000007
LA-HO,200901,1,hier_nb,reference_r3,0.000789,0.017624,200901,-0.016835
LA-HO,200902,2,hier_nb,reference_r3,9.99999999999994e-05,0.021591,200901,-0.021491
LA-HO,200903,3,hier_nb,reference_r3,0.000746,0.0211299999999999,200901,-0.0203839999999999
LA-HO,200904,1,hier_nb,reference_r3,0.0013729999999999,0.004986,200904,-0.0036130000000001
LA-HO,200905,2,hier_nb,reference_r3,0.014469,0.0086509999999999,200904,0.005818000000000099
LA-HO,200906,3,hier_nb,reference_r3,0.042634,0.0485709999999999,200904,-0.005936999999999901
LA-HO,200907,1,hier_nb,reference_r3,0.1437809999999999,0.1095700000000001,200907,0.03421099999999981
LA-HO,200908,2,hier_nb,reference_r3,0.1578049999999999,0.162795,200907,-0.0049900000000001055
LA-HO,200909,3,hier_nb,reference_r3,0.699121,0.6488049999999999,200907,0.05031600000000014
LA-HO,200910,1,hier_nb,reference_r3,0.772155,0.582575,200910,0.18958000000000008
LA-HO,200911,2,hier_nb,reference_r3,0.8431929999999999,0.828743,200910,0.014449999999999852
LA-HO,200912,3,hier_nb,reference_r3,0.944801,0.893077,200910,0.05172399999999999
LA-KH,200801,1,hier_nb,reference_r3,0.492458,0.798697,200801,-0.306239
LA-KH,200802,2,hier_nb,reference_r3,0.1125039999999999,0.058326,200801,0.05417799999999989
LA-KH,200803,3,hier_nb,reference_r3,0.086735,0.077979,200801,0.008756
LA-KH,200804,1,hier_nb,reference_r3,0.2558879999999999,0.7155910000000001,200804,-0.4597030000000002
LA-KH,200805,2,hier_nb,reference_r3,0.5926149999999999,1.0163909999999996,200804,-0.4237759999999997
LA-KH,200806,3,hier_nb,reference_r3,2.553848000000002,2.8948620000000007,200804,-0.3410139999999986
LA-KH,200807,1,hier_nb,reference_r3,6.7093129999999945,4.980236000000005,200807,1.7290769999999895
LA-KH,200808,2,hier_nb,reference_r3,6.868336999999997,5.170608999999985,200807,1.6977280000000121
LA-KH,200809,3,hier_nb,reference_r3,6.101644,5.132678999999996,200807,0.9689650000000043
LA-KH,200810,1,hier_nb,reference_r3,3.6667750000000017,0.89249,200810,2.7742850000000017
LA-KH,200811,2,hier_nb,reference_r3,2.005794,1.229941,200810,0.7758529999999999
LA-KH,200812,3,hier_nb,reference_r3,2.605924,3.092307,200810,-0.486383
LA-KH,200901,1,hier_nb,reference_r3,0.1125249999999999,0.069965,200901,0.0425599999999999
LA-KH,200902,2,hier_nb,reference_r3,0.096143,0.019764,200901,0.076379
LA-KH,200903,3,hier_nb,reference_r3,4.415616,4.828799999999999,200901,-0.41318399999999933
LA-KH,200904,1,hier_nb,reference_r3,0.3531140000000001,0.4130399999999999,200904,-0.05992599999999981
LA-KH,200905,2,hier_nb,reference_r3,3.5484779999999994,2.1217179999999995,200904,1.4267599999999998
LA-KH,200906,3,hier_nb,reference_r3,47.692766000000006,64.896245,200904,-17.203478999999987
LA-KH,200907,1,hier_nb,reference_r3,106.157975,127.287933,200907,-21.129958000000002
LA-KH,200908,2,hier_nb,reference_r3,227.019947,268.953178,200907,-41.93323099999998
LA-KH,200909,3,hier_nb,reference_r3,198.099279,240.04923,200907,-41.949951
LA-KH,200910,1,hier_nb,reference_r3,46.021879,44.403861000000006,200910,1.6180179999999922
LA-KH,200911,2,hier_nb,reference_r3,36.140759,20.132869999999997,200910,16.007889000000006
LA-KH,200912,3,hier_nb,reference_r3,54.637064,27.96267,200910,26.674394000000003
LA-LM,200801,1,hier_nb,reference_r3,0.000547,0.0002559999999999,200801,0.00029100000000009994
LA-LM,200802,2,hier_nb,reference_r3,0.0001379999999999,3.600000000000044e-05,200801,0.00010199999999989956
LA-LM,200803,3,hier_nb,reference_r3,0.0003669999999999,3.600000000000044e-05,200801,0.00033099999999989957
LA-LM,200804,1,hier_nb,reference_r3,0.001228,0.000144,200804,0.001084
LA-LM,200805,2,hier_nb,reference_r3,0.0035589999999999,0.0016349999999999,200804,0.001924
LA-LM,200806,3,hier_nb,reference_r3,0.014485,0.001391,200804,0.013094
LA-LM,200807,1,hier_nb,reference_r3,0.078216,0.8332150000000027,200807,-0.7549990000000028
LA-LM,200808,2,hier_nb,reference_r3,0.0635239999999999,0.4028939999999998,200807,-0.3393699999999999
LA-LM,200809,3,hier_nb,reference_r3,0.0513080000000001,0.6516940000000009,200807,-0.6003860000000008
LA-LM,200810,1,hier_nb,reference_r3,0.007705,0.0187219999999999,200810,-0.011016999999999898
LA-LM,200811,2,hier_nb,reference_r3,0.0017689999999999,0.005503,200810,-0.0037340000000001
LA-LM,200812,3,hier_nb,reference_r3,0.0001679999999999,0.00173,200810,-0.0015620000000001
LA-LM,200901,1,hier_nb,reference_r3,9.400000000000032e-05,8.099999999999948e-05,200901,1.3000000000000845e-05
LA-LM,200902,2,hier_nb,reference_r3,0.0001209999999999,0.0001009999999999,200901,1.9999999999999998e-05
LA-LM,200903,3,hier_nb,reference_r3,0.000136,0.0004839999999999,200901,-0.0003479999999999
LA-LM,200904,1,hier_nb,reference_r3,0.978145,0.958458,200904,0.01968700000000001
LA-LM,200905,2,hier_nb,reference_r3,0.0056839999999999,0.0034669999999999,200904,0.0022170000000000002
LA-LM,200906,3,hier_nb,reference_r3,1.659561,1.7925799999999998,200904,-0.13301899999999978
LA-LM,200907,1,hier_nb,reference_r3,0.7121059999999999,0.5983580000000002,200907,0.11374799999999974
LA-LM,200908,2,hier_nb,reference_r3,0.1263019999999999,0.4616890000000002,200907,-0.3353870000000003
LA-LM,200909,3,hier_nb,reference_r3,2.830548,2.471052,200907,0.35949600000000004
LA-LM,200910,1,hier_nb,reference_r3,4.240601000000001,2.7145930000000003,200910,1.5260080000000005
LA-LM,200911,2,hier_nb,reference_r3,5.550443,4.633958,200910,0.9164849999999998
LA-LM,200912,3,hier_nb,reference_r3,3.817358,3.330243,200910,0.4871150000000002
LA-LP,200801,1,hier_nb,reference_r3,0.8749810000000002,0.8178340000000002,200801,0.05714700000000006
LA-LP,200802,2,hier_nb,reference_r3,13.724017,14.43482,200801,-0.7108030000000003
LA-LP,200803,3,hier_nb,reference_r3,19.612303,20.460843,200801,-0.8485399999999998
LA-LP,200804,1,hier_nb,reference_r3,26.888523,14.504039,200804,12.384483999999999
LA-LP,200805,2,hier_nb,reference_r3,101.689016,74.529849,200804,27.159166999999997
LA-LP,200806,3,hier_nb,reference_r3,119.161012,95.231354,200804,23.929658000000003
LA-LP,200807,1,hier_nb,reference_r3,12.434883,9.658103999999998,200807,2.776779000000001
LA-LP,200808,2,hier_nb,reference_r3,15.196496000000003,8.347596,200807,6.848900000000004
LA-LP,200809,3,hier_nb,reference_r3,13.152888000000004,8.784699999999999,200807,4.368188000000005
LA-LP,200810,1,hier_nb,reference_r3,11.230853,18.4312,200810,-7.200347000000001
LA-LP,200811,2,hier_nb,reference_r3,87.895414,104.608028,200810,-16.712614000000002
LA-LP,200812,3,hier_nb,reference_r3,151.655717,157.15014399999998,200810,-5.494426999999973
LA-LP,200901,1,hier_nb,reference_r3,0.783426,8.142661,200901,-7.359235
LA-LP,200902,2,hier_nb,reference_r3,0.6359350000000001,5.307313000000001,200901,-4.671378000000001
LA-LP,200903,3,hier_nb,reference_r3,1.021137,11.867869000000002,200901,-10.846732000000003
LA-LP,200904,1,hier_nb,reference_r3,0.587523,12.373787999999998,200904,-11.786264999999997
LA-LP,200905,2,hier_nb,reference_r3,3.627877999999999,34.402712,200904,-30.774834000000002
LA-LP,200906,3,hier_nb,reference_r3,5.054102,71.29301699999999,200904,-66.23891499999999
LA-LP,200907,1,hier_nb,reference_r3,10.809123,22.999188,200907,-12.190065
LA-LP,200908,2,hier_nb,reference_r3,11.901094,23.232467,200907,-11.331373
LA-LP,200909,3,hier_nb,reference_r3,228.58896699999997,302.974131,200907,-74.38516400000003
LA-LP,200910,1,hier_nb,reference_r3,103.81275399999998,62.344385999999986,200910,41.468368
LA-LP,200911,2,hier_nb,reference_r3,51.406503,40.208724999999994,200910,11.197778000000007
LA-LP,200912,3,hier_nb,reference_r3,3.00704,6.972092,200910,-3.965052
LA-OU,200801,1,hier_nb,reference_r3,0.001453,0.0013939999999999,200801,5.900000000009999e-05
LA-OU,200802,2,hier_nb,reference_r3,0.0004839999999999,0.0001969999999999,200801,0.000287
LA-OU,200803,3,hier_nb,reference_r3,0.001321,9.99999999999994e-05,200801,0.0012210000000000005
LA-OU,200804,1,hier_nb,reference_r3,0.0038059999999999,0.0012649999999999,200804,0.002541
LA-OU,200805,2,hier_nb,reference_r3,0.00929,0.0057099999999999,200804,0.0035800000000000996
LA-OU,200806,3,hier_nb,reference_r3,0.02665,0.0114759999999999,200804,0.0151740000000001
LA-OU,200807,1,hier_nb,reference_r3,0.077588,2.004765000000006,200807,-1.9271770000000061
LA-OU,200808,2,hier_nb,reference_r3,0.090263,1.246016000000001,200807,-1.155753000000001
LA-OU,200809,3,hier_nb,reference_r3,0.055228,1.7052740000000028,200807,-1.6500460000000028
LA-OU,200810,1,hier_nb,reference_r3,0.0233559999999999,0.022923,200810,0.0004329999999999022
LA-OU,200811,2,hier_nb,reference_r3,0.007807,0.0104699999999999,200810,-0.0026629999999999
LA-OU,200812,3,hier_nb,reference_r3,0.0021689999999999,0.002454,200810,-0.00028500000000009984
LA-OU,200901,1,hier_nb,reference_r3,0.0006259999999999,0.0002249999999999,200901,0.000401
LA-OU,200902,2,hier_nb,reference_r3,0.000577,3.600000000000044e-05,200901,0.0005409999999999996
LA-OU,200903,3,hier_nb,reference_r3,0.000843,0.001066,200901,-0.0002230000000000001
LA-OU,200904,1,hier_nb,reference_r3,0.001454,0.000746,200904,0.000708
LA-OU,200905,2,hier_nb,reference_r3,0.0176999999999999,0.0051539999999999,200904,0.012546
LA-OU,200906,3,hier_nb,reference_r3,0.0350369999999999,0.018393,200904,0.016643999999999902
LA-OU,200907,1,hier_nb,reference_r3,0.085542,0.7790909999999993,200907,-0.6935489999999993
LA-OU,200908,2,hier_nb,reference_r3,0.6161650000000001,1.0595989999999995,200907,-0.44343399999999944
LA-OU,200909,3,hier_nb,reference_r3,13.933883,10.460322,200907,3.473561
LA-OU,200910,1,hier_nb,reference_r3,5.2235439999999995,2.070412,200910,3.1531319999999994
LA-OU,200911,2,hier_nb,reference_r3,12.465023,9.464362,200910,3.000661000000001
LA-OU,200912,3,hier_nb,reference_r3,17.751095,16.049995,200910,1.7011000000000003
LA-PH,200901,1,hier_nb,reference_r3,2.499999999999985e-05,0.0118299999999999,200901,-0.011804999999999899
LA-PH,200902,2,hier_nb,reference_r3,4.000000000000097e-06,0.013668,200901,-0.013663999999999999
LA-PH,200903,3,hier_nb,reference_r3,8.999999999999894e-06,0.02143,200901,-0.021421000000000003
LA-PH,200904,1,hier_nb,reference_r3,2.599999999999998e-05,0.003154,200904,-0.003128
LA-PH,200905,2,hier_nb,reference_r3,0.000418,0.0050199999999999,200904,-0.0046019999999999004
LA-PH,200906,3,hier_nb,reference_r3,0.00109,0.0276219999999999,200904,-0.0265319999999999
LA-PH,200907,1,hier_nb,reference_r3,0.001134,0.061466,200907,-0.060332
LA-PH,200909,3,hier_nb,reference_r3,0.002306,0.1039769999999999,200907,-0.1016709999999999
LA-PH,200910,1,hier_nb,reference_r3,0.000442,0.0217049999999999,200910,-0.0212629999999999
LA-PH,200911,2,hier_nb,reference_r3,0.000359,0.0041319999999999,200910,-0.0037729999999998997
LA-PH,200912,3,hier_nb,reference_r3,1.700000000000052e-05,0.0009749999999999,200910,-0.0009579999999998995
LA-SL,200801,1,hier_nb,reference_r3,0.062056,0.9900379999999998,200801,-0.9279819999999998
LA-SL,200802,2,hier_nb,reference_r3,0.8322100000000001,0.3865939999999999,200801,0.44561600000000023
LA-SL,200803,3,hier_nb,reference_r3,4.2619739999999995,3.82775,200801,0.4342239999999995
LA-SL,200804,1,hier_nb,reference_r3,1.344569,1.0171480000000002,200804,0.32742099999999974
LA-SL,200805,2,hier_nb,reference_r3,101.061999,91.398675,200804,9.663324000000003
LA-SL,200806,3,hier_nb,reference_r3,212.072745,184.732684,200804,27.34006099999999
LA-SL,200807,1,hier_nb,reference_r3,56.10452500000001,50.01057800000001,200807,6.093947
LA-SL,200808,2,hier_nb,reference_r3,38.781282,40.01365999999999,200807,-1.23237799999999
LA-SL,200809,3,hier_nb,reference_r3,58.060569,58.99029300000001,200807,-0.9297240000000073
LA-SL,200810,1,hier_nb,reference_r3,73.967708,34.767648,200810,39.20006
LA-SL,200811,2,hier_nb,reference_r3,14.704371000000002,9.607678,200810,5.096693000000002
LA-SL,200812,3,hier_nb,reference_r3,5.760646,2.959109,200810,2.801537
LA-SL,200901,1,hier_nb,reference_r3,0.5405540000000002,1.6865449999999995,200901,-1.1459909999999993
LA-SL,200902,2,hier_nb,reference_r3,22.697285,20.128694,200901,2.5685910000000014
LA-SL,200903,3,hier_nb,reference_r3,22.721221,13.08828,200901,9.632941
LA-SL,200904,1,hier_nb,reference_r3,15.781678,5.9089659999999995,200904,9.872712
LA-SL,200905,2,hier_nb,reference_r3,97.076889,45.17947999999999,200904,51.897409
LA-SL,200906,3,hier_nb,reference_r3,25.552451999999995,32.29494699999999,200904,-6.742494999999998
LA-SL,200907,1,hier_nb,reference_r3,122.284752,130.135464,200907,-7.850712000000016
LA-SL,200908,2,hier_nb,reference_r3,86.947722,99.269912,200907,-12.322190000000006
LA-SL,200909,3,hier_nb,reference_r3,62.014651,65.459931,200907,-3.445279999999997
LA-SL,200910,1,hier_nb,reference_r3,70.31972,36.651577,200910,33.668143
LA-SL,200911,2,hier_nb,reference_r3,31.44028,14.467916999999996,200910,16.972363000000005
LA-SL,200912,3,hier_nb,reference_r3,12.260817,6.707491000000001,200910,5.553325999999998
LA-SV,200801,1,hier_nb,reference_r3,5.328801000000006,5.407520999999999,200801,-0.07871999999999346
LA-SV,200802,2,hier_nb,reference_r3,1.0829720000000016,0.8048259999999998,200801,0.2781460000000018
LA-SV,200803,3,hier_nb,reference_r3,1.0075829999999997,0.4507189999999998,200801,0.5568639999999998
LA-SV,200804,1,hier_nb,reference_r3,3.881684,4.957571999999999,200804,-1.075887999999999
LA-SV,200805,2,hier_nb,reference_r3,6.026150000000001,5.260216,200804,0.7659340000000014
LA-SV,200806,3,hier_nb,reference_r3,18.91160400000001,26.585654999999996,200804,-7.674050999999984
LA-SV,200807,1,hier_nb,reference_r3,46.544580999999994,24.206484999999983,200807,22.33809600000001
LA-SV,200808,2,hier_nb,reference_r3,48.83059500000002,22.60182199999997,200807,26.228773000000047
LA-SV,200809,3,hier_nb,reference_r3,47.765589000000006,23.842084,200807,23.923505000000006
LA-SV,200810,1,hier_nb,reference_r3,25.85982899999999,3.654162,200810,22.20566699999999
LA-SV,200811,2,hier_nb,reference_r3,16.49048600000002,1.0289720000000004,200810,15.461514000000019
LA-SV,200812,3,hier_nb,reference_r3,4.1359879999999976,0.3905100000000001,200810,3.7454779999999976
LA-SV,200901,1,hier_nb,reference_r3,2.6331200000000017,0.0810779999999999,200901,2.552042000000002
LA-SV,200902,2,hier_nb,reference_r3,0.8438140000000001,0.0106959999999999,200901,0.8331180000000001
LA-SV,200903,3,hier_nb,reference_r3,1.3451590000000009,0.122613,200901,1.2225460000000008
LA-SV,200904,1,hier_nb,reference_r3,3.6311050000000016,0.178993,200904,3.4521120000000014
LA-SV,200905,2,hier_nb,reference_r3,19.500879,1.3662669999999997,200904,18.134612
LA-SV,200906,3,hier_nb,reference_r3,31.745621999999997,1.6046540000000005,200904,30.140967999999997
LA-SV,200907,1,hier_nb,reference_r3,40.47787500000004,16.916741000000002,200907,23.561134000000038
LA-SV,200908,2,hier_nb,reference_r3,33.49160499999999,20.36157999999999,200907,13.130025000000003
LA-SV,200909,3,hier_nb,reference_r3,33.725495999999964,27.710908000000003,200907,6.014587999999961
LA-SV,200910,1,hier_nb,reference_r3,20.828006999999985,6.915573999999999,200910,13.912432999999986
LA-SV,200911,2,hier_nb,reference_r3,17.65672099999999,16.280793000000003,200910,1.3759279999999876
LA-SV,200912,3,hier_nb,reference_r3,6.365251999999998,1.9969140000000003,200910,4.368337999999998
LA-VT,200801,1,hier_nb,reference_r3,8.096408,10.977586000000002,200801,-2.881178000000002
LA-VT,200802,2,hier_nb,reference_r3,3.652144,4.6070400000000005,200801,-0.9548960000000006
LA-VT,200803,3,hier_nb,reference_r3,6.698067999999999,18.21255,200801,-11.514482000000001
LA-VT,200804,1,hier_nb,reference_r3,18.566912999999996,14.923139000000004,200804,3.6437739999999916
LA-VT,200805,2,hier_nb,reference_r3,21.194769,20.89227900000001,200804,0.3024899999999917
LA-VT,200806,3,hier_nb,reference_r3,72.12087600000001,93.21422099999998,200804,-21.09334499999997
LA-VT,200807,1,hier_nb,reference_r3,107.73516,76.15982299999996,200807,31.575337000000033
LA-VT,200808,2,hier_nb,reference_r3,80.659166,82.88120900000001,200807,-2.2220430000000135
LA-VT,200809,3,hier_nb,reference_r3,73.71560499999998,91.55173200000002,200807,-17.836127000000033
LA-VT,200810,1,hier_nb,reference_r3,52.51028799999999,34.57022599999999,200810,17.940061999999998
LA-VT,200811,2,hier_nb,reference_r3,35.08246200000001,44.964343,200810,-9.881880999999993
LA-VT,200812,3,hier_nb,reference_r3,22.857355,49.84832800000001,200810,-26.99097300000001
LA-VT,200901,1,hier_nb,reference_r3,9.202270000000002,21.592998,200901,-12.390728
LA-VT,200902,2,hier_nb,reference_r3,6.050388999999999,14.355337,200901,-8.304948000000001
LA-VT,200903,3,hier_nb,reference_r3,4.950262,6.595117,200901,-1.6448549999999997
LA-VT,200904,1,hier_nb,reference_r3,8.940234999999998,10.836351,200904,-1.8961160000000028
LA-VT,200905,2,hier_nb,reference_r3,60.847605999999985,114.010535,200904,-53.16292900000002
LA-VT,200906,3,hier_nb,reference_r3,69.74499500000002,196.674877,200904,-126.92988199999999
LA-VT,200907,1,hier_nb,reference_r3,78.66273599999997,171.25835999999998,200907,-92.59562400000002
LA-VT,200908,2,hier_nb,reference_r3,82.26058199999997,198.768989,200907,-116.50840700000003
LA-VT,200909,3,hier_nb,reference_r3,119.63644899999996,287.536237,200907,-167.89978800000006
LA-VT,200910,1,hier_nb,reference_r3,167.165367,204.543601,200910,-37.37823399999999
LA-VT,200911,2,hier_nb,reference_r3,213.524629,299.916196,200910,-86.39156700000001
LA-VT,200912,3,hier_nb,reference_r3,241.984169,225.463204,200910,16.520965000000018
LA-XA,200801,1,hier_nb,reference_r3,0.3546990000000001,1.1108160000000002,200801,-0.7561170000000002
LA-XA,200802,2,hier_nb,reference_r3,0.0857590000000001,0.2130419999999999,200801,-0.1272829999999998
LA-XA,200803,3,hier_nb,reference_r3,0.2408739999999998,0.1682739999999999,200801,0.07259999999999991
LA-XA,200804,1,hier_nb,reference_r3,0.4582879999999996,1.05403,200804,-0.5957420000000004
LA-XA,200805,2,hier_nb,reference_r3,1.3770249999999995,1.4987899999999996,200804,-0.12176500000000012
LA-XA,200806,3,hier_nb,reference_r3,4.146191000000002,2.1744769999999995,200804,1.9717140000000022
LA-XA,200807,1,hier_nb,reference_r3,9.527858000000002,11.302290999999997,200807,-1.7744329999999948
LA-XA,200808,2,hier_nb,reference_r3,7.872078999999999,4.398085999999999,200807,3.473993
LA-XA,200809,3,hier_nb,reference_r3,7.367936,2.9016810000000035,200807,4.466254999999997
LA-XA,200810,1,hier_nb,reference_r3,4.585511,1.5543209999999998,200810,3.0311900000000005
LA-XA,200811,2,hier_nb,reference_r3,2.5547660000000008,1.090963,200810,1.4638030000000009
LA-XA,200812,3,hier_nb,reference_r3,0.6501289999999997,0.4136139999999999,200810,0.2365149999999998
LA-XA,200901,1,hier_nb,reference_r3,0.2200789999999999,0.111623,200901,0.10845599999999991
LA-XA,200902,2,hier_nb,reference_r3,0.1268169999999999,0.039612,200901,0.0872049999999999
LA-XA,200903,3,hier_nb,reference_r3,0.1924030000000001,0.205743,200901,-0.013339999999999907
LA-XA,200904,1,hier_nb,reference_r3,0.4378579999999998,0.307819,200904,0.1300389999999998
LA-XA,200905,2,hier_nb,reference_r3,2.423819999999999,1.071732,200904,1.3520879999999993
LA-XA,200906,3,hier_nb,reference_r3,6.510365999999998,5.569809,200904,0.9405569999999974
LA-XA,200907,1,hier_nb,reference_r3,6.884020999999997,5.943300000000001,200907,0.9407209999999964
LA-XA,200908,2,hier_nb,reference_r3,17.330418,25.179608,200907,-7.84919
LA-XA,200909,3,hier_nb,reference_r3,7.985883999999999,6.306405999999999,200907,1.6794779999999996
LA-XA,200910,1,hier_nb,reference_r3,4.988607000000002,4.687617000000001,200910,0.30099000000000053
LA-XA,200911,2,hier_nb,reference_r3,4.285157999999999,1.8435689999999996,200910,2.4415889999999996
LA-XA,200912,3,hier_nb,reference_r3,1.0193839999999996,1.3938480000000002,200910,-0.3744640000000006
LA-XE,200801,1,hier_nb,reference_r3,0.0146289999999999,0.0203689999999999,200801,-0.00574
LA-XE,200802,2,hier_nb,reference_r3,0.003452,0.008834,200801,-0.005382
LA-XE,200803,3,hier_nb,reference_r3,0.016179,0.004821,200801,0.011358
LA-XE,200804,1,hier_nb,reference_r3,0.02425,0.0298869999999999,200804,-0.005636999999999899
LA-XE,200805,2,hier_nb,reference_r3,0.060846,0.045142,200804,0.015703999999999996
LA-XE,200806,3,hier_nb,reference_r3,3.667835,3.906143,200804,-0.23830799999999996
LA-XE,200807,1,hier_nb,reference_r3,0.4647880000000002,0.4150019999999994,200807,0.049786000000000774
LA-XE,200808,2,hier_nb,reference_r3,0.548718,0.5209220000000006,200807,0.027795999999999488
LA-XE,200809,3,hier_nb,reference_r3,0.573518,0.6863719999999995,200807,-0.11285399999999957
LA-XE,200810,1,hier_nb,reference_r3,0.112819,0.0584329999999999,200810,0.0543860000000001
LA-XE,200811,2,hier_nb,reference_r3,0.043961,0.04886,200810,-0.004899000000000001
LA-XE,200812,3,hier_nb,reference_r3,0.824857,0.8194619999999999,200810,0.005395000000000039
LA-XE,200901,1,hier_nb,reference_r3,0.003308,0.006439,200901,-0.003131
LA-XE,200902,2,hier_nb,reference_r3,1.867118,1.877285,200901,-0.010167000000000037
LA-XE,200903,3,hier_nb,reference_r3,1.782599,1.74852,200901,0.03407899999999997
LA-XE,200904,1,hier_nb,reference_r3,0.712844,0.524918,200904,0.18792600000000004
LA-XE,200905,2,hier_nb,reference_r3,1.010895,0.995196,200904,0.01569900000000013
LA-XE,200906,3,hier_nb,reference_r3,6.544338000000001,6.082333,200904,0.46200500000000044
LA-XE,200907,1,hier_nb,reference_r3,24.411641,27.104156,200907,-2.692515
LA-XE,200908,2,hier_nb,reference_r3,22.373236,24.184106,200907,-1.8108700000000013
LA-XE,200909,3,hier_nb,reference_r3,2.701284,4.707744999999999,200907,-2.0064609999999994
LA-XE,200910,1,hier_nb,reference_r3,4.767284999999999,2.7683170000000015,200910,1.9989679999999979
LA-XE,200911,2,hier_nb,reference_r3,1.7199559999999998,2.766860000000001,200910,-1.0469040000000014
LA-XE,200912,3,hier_nb,reference_r3,6.177809000000001,6.505773000000005,200910,-0.32796400000000414
LA-XI,200801,1,hier_nb,reference_r3,6.499999999999909e-05,0.0005819999999999,200801,-0.0005169999999999009
LA-XI,200802,2,hier_nb,reference_r3,4.000000000000097e-06,8.099999999999948e-05,200801,-7.699999999999938e-05
LA-XI,200803,3,hier_nb,reference_r3,4.900000000000043e-05,0.0002899999999999,200801,-0.00024099999999989955
LA-XI,200804,1,hier_nb,reference_r3,0.000144,0.001029,200804,-0.0008849999999999999
LA-XI,200805,2,hier_nb,reference_r3,0.000904,0.001223,200804,-0.00031899999999999995
LA-XI,200806,3,hier_nb,reference_r3,0.94102,0.927383,200804,0.01363700000000001
LA-XI,200807,1,hier_nb,reference_r3,0.0121109999999999,0.363836,200807,-0.35172500000000007
LA-XI,200808,2,hier_nb,reference_r3,0.021376,0.4009730000000004,200807,-0.3795970000000004
LA-XI,200809,3,hier_nb,reference_r3,0.016371,0.4440650000000001,200807,-0.4276940000000001
LA-XI,200810,1,hier_nb,reference_r3,0.0024119999999999,0.0124549999999999,200810,-0.010043
LA-XI,200811,2,hier_nb,reference_r3,0.000693,0.006938,200810,-0.006245
LA-XI,200812,3,hier_nb,reference_r3,0.0001449999999999,0.001908,200810,-0.0017630000000001
LA-XI,200901,1,hier_nb,reference_r3,6.499999999999909e-05,0.000855,200901,-0.0007900000000000009
LA-XI,200902,2,hier_nb,reference_r3,1.600000000000039e-05,0.0022,200901,-0.0021839999999999997
LA-XI,200903,3,hier_nb,reference_r3,6.499999999999909e-05,0.0011419999999999,200901,-0.001076999999999901
LA-XI,200904,1,hier_nb,reference_r3,0.00017,0.000343,200904,-0.00017299999999999998
LA-XI,200905,2,hier_nb,reference_r3,38.90144,38.91347,200904,-0.012029999999995766
LA-XI,200906,3,hier_nb,reference_r3,32.752541,32.841024999999995,200904,-0.08848399999999401
LA-XI,200907,1,hier_nb,reference_r3,0.7996049999999997,0.6216379999999999,200907,0.17796699999999976
LA-XI,200908,2,hier_nb,reference_r3,6.927243000000001,7.786625000000001,200907,-0.8593820000000001
LA-XI,200909,3,hier_nb,reference_r3,0.5212389999999996,0.1301489999999998,200907,0.39108999999999977
LA-XI,200910,1,hier_nb,reference_r3,0.055528,1.073362,200910,-1.017834
LA-XI,200911,2,hier_nb,reference_r3,0.0418169999999999,0.3366849999999999,200910,-0.294868
LA-XI,200912,3,hier_nb,reference_r3,0.0003189999999999,0.172367,200910,-0.1720480000000001
LA-AT,200801,1,hier_nb,reference_r4,3.788421,2.940606,200801,0.8478150000000002
LA-AT,200802,2,hier_nb,reference_r4,1.911393,1.257416,200801,0.6539769999999998
LA-AT,200803,3,hier_nb,reference_r4,0.0052099999999999,0.080566,200801,-0.0753560000000001
LA-AT,200804,1,hier_nb,reference_r4,0.0526569999999999,0.494324,200804,-0.4416670000000001
LA-AT,200805,2,hier_nb,reference_r4,2.7854750000000004,1.3447549999999997,200804,1.4407200000000007
LA-AT,200806,3,hier_nb,reference_r4,7.509414,3.709752,200804,3.7996619999999997
LA-AT,200807,1,hier_nb,reference_r4,3.5880270000000003,3.516498999999996,200807,0.07152800000000425
LA-AT,200808,2,hier_nb,reference_r4,6.260508999999999,6.484037999999998,200807,-0.2235289999999992
LA-AT,200809,3,hier_nb,reference_r4,17.36968,16.688795,200807,0.680885
LA-AT,200810,1,hier_nb,reference_r4,42.642360999999994,31.125575000000005,200810,11.516785999999989
LA-AT,200811,2,hier_nb,reference_r4,39.520303,35.459612,200810,4.0606909999999985
LA-AT,200812,3,hier_nb,reference_r4,21.312028,17.743806,200810,3.5682220000000022
LA-AT,200901,1,hier_nb,reference_r4,16.620842,8.205105,200901,8.415737
LA-AT,200902,2,hier_nb,reference_r4,45.191501,36.638995,200901,8.552506000000001
LA-AT,200903,3,hier_nb,reference_r4,75.106387,55.84772099999999,200901,19.258666000000005
LA-AT,200904,1,hier_nb,reference_r4,92.06734,50.889222,200904,41.178118000000005
LA-AT,200905,2,hier_nb,reference_r4,2.0711830000000013,50.47987100000002,200904,-48.40868800000001
LA-AT,200906,3,hier_nb,reference_r4,13.843083999999998,39.294937,200904,-25.451853
LA-AT,200907,1,hier_nb,reference_r4,41.582814000000006,48.063233,200907,-6.480418999999991
LA-AT,200908,2,hier_nb,reference_r4,14.750611,14.612253999999998,200907,0.13835700000000095
LA-AT,200909,3,hier_nb,reference_r4,10.220502999999995,10.286309,200907,-0.0658060000000038
LA-AT,200910,1,hier_nb,reference_r4,2.199496,6.444138000000002,200910,-4.2446420000000025
LA-AT,200911,2,hier_nb,reference_r4,12.343198,6.378180999999998,200910,5.965017000000001
LA-AT,200912,3,hier_nb,reference_r4,4.771692,4.568213,200910,0.20347899999999974
LA-BK,200801,1,hier_nb,reference_r4,0.8687229999999999,0.970225,200801,-0.10150200000000009
LA-BK,200802,2,hier_nb,reference_r4,0.0019649999999999,3.600000000000044e-05,200801,0.0019289999999998995
LA-BK,200803,3,hier_nb,reference_r4,0.009537,4.900000000000043e-05,200801,0.009488
LA-BK,200804,1,hier_nb,reference_r4,0.0270789999999999,0.0042989999999999,200804,0.022779999999999998
LA-BK,200805,2,hier_nb,reference_r4,11.42761,11.532724,200804,-0.10511400000000037
LA-BK,200806,3,hier_nb,reference_r4,51.516767,52.21612,200804,-0.699352999999995
LA-BK,200807,1,hier_nb,reference_r4,1.091088,1.815097999999999,200807,-0.7240099999999989
LA-BK,200808,2,hier_nb,reference_r4,5.396069,6.014073000000002,200807,-0.6180040000000018
LA-BK,200809,3,hier_nb,reference_r4,26.198098,21.832803,200807,4.365295000000003
LA-BK,200810,1,hier_nb,reference_r4,44.570442,23.075999999999993,200810,21.494442000000006
LA-BK,200811,2,hier_nb,reference_r4,52.219245,48.554433,200810,3.6648119999999977
LA-BK,200812,3,hier_nb,reference_r4,4.16295,3.0128570000000003,200810,1.150093
LA-BK,200901,1,hier_nb,reference_r4,0.607221,0.468653,200901,0.13856800000000002
LA-BK,200902,2,hier_nb,reference_r4,0.0473609999999999,0.393014,200901,-0.3456530000000001
LA-BK,200903,3,hier_nb,reference_r4,0.754136,0.8515650000000003,200901,-0.09742900000000032
LA-BK,200904,1,hier_nb,reference_r4,2.531204,1.3115760000000003,200904,1.2196279999999995
LA-BK,200905,2,hier_nb,reference_r4,71.54265699999999,43.079332,200904,28.46332499999999
LA-BK,200906,3,hier_nb,reference_r4,208.947278,146.248686,200904,62.69859200000002
LA-BK,200907,1,hier_nb,reference_r4,191.219989,184.980924,200907,6.239065000000011
LA-BK,200908,2,hier_nb,reference_r4,85.987102,87.752117,200907,-1.7650150000000053
LA-BK,200909,3,hier_nb,reference_r4,35.239885,36.954396,200907,-1.7145110000000017
LA-BK,200910,1,hier_nb,reference_r4,21.561045999999997,20.29888799999999,200910,1.2621580000000066
LA-BK,200911,2,hier_nb,reference_r4,2.6993550000000006,14.316450000000003,200910,-11.617095000000003
LA-BK,200912,3,hier_nb,reference_r4,2.734375,4.118297999999999,200910,-1.3839229999999993
LA-BL,200801,1,hier_nb,reference_r4,3.5270390000000003,5.386182,200801,-1.8591429999999995
LA-BL,200802,2,hier_nb,reference_r4,4.231488000000001,5.796976,200801,-1.5654879999999993
LA-BL,200803,3,hier_nb,reference_r4,0.3931769999999999,0.4501950000000001,200801,-0.057018000000000235
LA-BL,200804,1,hier_nb,reference_r4,1.0806240000000005,1.3802889999999994,200804,-0.29966499999999896
LA-BL,200805,2,hier_nb,reference_r4,5.575555999999999,5.112352000000001,200804,0.4632039999999975
LA-BL,200806,3,hier_nb,reference_r4,6.803504999999998,6.207605000000001,200804,0.5958999999999968
LA-BL,200807,1,hier_nb,reference_r4,14.140247000000002,20.095872,200807,-5.955624999999998
LA-BL,200808,2,hier_nb,reference_r4,14.733270000000005,20.43022,200807,-5.696949999999994
LA-BL,200809,3,hier_nb,reference_r4,15.122698999999995,18.198658,200807,-3.0759590000000028
LA-BL,200810,1,hier_nb,reference_r4,16.423255,9.569141000000002,200810,6.854113999999999
LA-BL,200811,2,hier_nb,reference_r4,6.658467999999999,4.0177179999999995,200810,2.6407499999999997
LA-BL,200812,3,hier_nb,reference_r4,3.148053,0.957545,200810,2.190508
LA-BL,200901,1,hier_nb,reference_r4,0.8563179999999999,0.741419,200901,0.11489899999999986
LA-BL,200902,2,hier_nb,reference_r4,1.155479,1.634331,200901,-0.47885200000000006
LA-BL,200903,3,hier_nb,reference_r4,1.02629,1.3598209999999995,200901,-0.3335309999999996
LA-BL,200904,1,hier_nb,reference_r4,1.346961,0.8033060000000001,200904,0.543655
LA-BL,200905,2,hier_nb,reference_r4,14.101530999999998,3.7694420000000006,200904,10.332088999999996
LA-BL,200906,3,hier_nb,reference_r4,14.141430999999995,5.676852,200904,8.464578999999995
LA-BL,200907,1,hier_nb,reference_r4,12.998627,21.156795,200907,-8.158167999999998
LA-BL,200908,2,hier_nb,reference_r4,23.305617999999996,6.483022999999996,200907,16.822595
LA-BL,200909,3,hier_nb,reference_r4,32.285911999999996,4.902146999999999,200907,27.383764999999997
LA-BL,200910,1,hier_nb,reference_r4,22.644665,5.2166650000000025,200910,17.427999999999997
LA-BL,200911,2,hier_nb,reference_r4,12.614133,2.546054999999999,200910,10.068078000000002
LA-BL,200912,3,hier_nb,reference_r4,1.710693,0.6497229999999998,200910,1.0609700000000002
LA-CH,200801,1,hier_nb,reference_r4,42.307985,28.152776,200801,14.155209000000003
LA-CH,200802,2,hier_nb,reference_r4,66.59802400000001,43.61334600000001,200801,22.984678000000002
LA-CH,200803,3,hier_nb,reference_r4,61.07289000000001,50.609132,200801,10.463758000000006
LA-CH,200804,1,hier_nb,reference_r4,34.510819999999995,23.927628000000013,200804,10.583191999999983
LA-CH,200805,2,hier_nb,reference_r4,53.14854299999999,52.145272999999975,200804,1.0032700000000148
LA-CH,200806,3,hier_nb,reference_r4,155.28667700000003,100.50440699999996,200804,54.78227000000007
LA-CH,200807,1,hier_nb,reference_r4,64.11573800000002,94.05337899999996,200807,-29.937640999999942
LA-CH,200808,2,hier_nb,reference_r4,57.19540699999999,85.78397100000001,200807,-28.58856400000002
LA-CH,200809,3,hier_nb,reference_r4,74.03386400000002,115.38040200000005,200807,-41.346538000000024
LA-CH,200810,1,hier_nb,reference_r4,63.753767999999994,47.810489,200810,15.943278999999997
LA-CH,200811,2,hier_nb,reference_r4,45.281513,48.590457,200810,-3.308944000000004
LA-CH,200812,3,hier_nb,reference_r4,34.086786,33.142876,200810,0.9439099999999954
LA-CH,200901,1,hier_nb,reference_r4,13.006018999999998,9.965995000000005,200901,3.0400239999999936
LA-CH,200902,2,hier_nb,reference_r4,30.165069000000003,22.92292,200901,7.242149000000001
LA-CH,200903,3,hier_nb,reference_r4,33.320268999999996,21.302821,200901,12.017447999999995
LA-CH,200904,1,hier_nb,reference_r4,55.924188,35.388784,200904,20.535404
LA-CH,200905,2,hier_nb,reference_r4,31.24918599999998,69.947291,200904,-38.69810500000003
LA-CH,200906,3,hier_nb,reference_r4,46.80479300000002,86.26205299999998,200904,-39.45725999999996
LA-CH,200907,1,hier_nb,reference_r4,50.262812,70.4814379999998,200907,-20.2186259999998
LA-CH,200908,2,hier_nb,reference_r4,41.511116999999985,63.963347,200907,-22.452230000000014
LA-CH,200909,3,hier_nb,reference_r4,38.70018300000001,60.33935299999996,200907,-21.63916999999995
LA-CH,200910,1,hier_nb,reference_r4,23.259185,20.052890999999995,200910,3.2062940000000033
LA-CH,200911,2,hier_nb,reference_r4,15.514775,20.051798000000005,200910,-4.537023000000005
LA-CH,200912,3,hier_nb,reference_r4,12.177158999999996,11.754171000000008,200910,0.4229879999999877
LA-HO,200801,1,hier_nb,reference_r4,0.0021839999999999,0.0038069999999999,200801,-0.0016229999999999999
LA-HO,200802,2,hier_nb,reference_r4,0.000226,0.000972,200801,-0.000746
LA-HO,200803,3,hier_nb,reference_r4,0.0011599999999999,0.007387,200801,-0.0062270000000001005
LA-HO,200804,1,hier_nb,reference_r4,0.0050769999999999,0.006794,200804,-0.0017170000000000995
LA-HO,200805,2,hier_nb,reference_r4,0.0034189999999999,0.012212,200804,-0.008793000000000101
LA-HO,200806,3,hier_nb,reference_r4,0.021142,0.0083169999999999,200804,0.0128250000000001
LA-HO,200807,1,hier_nb,reference_r4,0.0928029999999999,0.4168439999999993,200807,-0.3240409999999994
LA-HO,200808,2,hier_nb,reference_r4,0.138338,0.4448109999999996,200807,-0.30647299999999966
LA-HO,200809,3,hier_nb,reference_r4,0.6922510000000001,0.6829420000000006,200807,0.009308999999999457
LA-HO,200810,1,hier_nb,reference_r4,0.0213509999999999,0.064409,200810,-0.043058000000000096
LA-HO,200811,2,hier_nb,reference_r4,0.0056389999999999,0.0059799999999999,200810,-0.00034100000000000016
LA-HO,200812,3,hier_nb,reference_r4,0.960427,0.91401,200810,0.04641700000000004
LA-HO,200901,1,hier_nb,reference_r4,0.000789,0.0125029999999999,200901,-0.0117139999999999
LA-HO,200902,2,hier_nb,reference_r4,9.99999999999994e-05,0.026476,200901,-0.026376
LA-HO,200903,3,hier_nb,reference_r4,0.000746,0.031278,200901,-0.030532
LA-HO,200904,1,hier_nb,reference_r4,0.0013729999999999,0.0052949999999999,200904,-0.003922
LA-HO,200905,2,hier_nb,reference_r4,0.014469,0.011554,200904,0.002914999999999999
LA-HO,200906,3,hier_nb,reference_r4,0.042634,0.040711,200904,0.001923000000000001
LA-HO,200907,1,hier_nb,reference_r4,0.1437809999999999,0.3862110000000003,200907,-0.2424300000000004
LA-HO,200908,2,hier_nb,reference_r4,0.1578049999999999,0.5098350000000007,200907,-0.35203000000000084
LA-HO,200909,3,hier_nb,reference_r4,0.699121,0.7183229999999998,200907,-0.01920199999999983
LA-HO,200910,1,hier_nb,reference_r4,0.772155,0.5770949999999999,200910,0.19506000000000012
LA-HO,200911,2,hier_nb,reference_r4,0.8431929999999999,0.711921,200910,0.13127199999999983
LA-HO,200912,3,hier_nb,reference_r4,0.944801,0.861452,200910,0.083349
LA-KH,200801,1,hier_nb,reference_r4,0.492458,0.7286899999999998,200801,-0.23623199999999983
LA-KH,200802,2,hier_nb,reference_r4,0.1125039999999999,0.095881,200801,0.016622999999999902
LA-KH,200803,3,hier_nb,reference_r4,0.086735,0.085457,200801,0.0012780000000000014
LA-KH,200804,1,hier_nb,reference_r4,0.2558879999999999,0.483166,200804,-0.2272780000000001
LA-KH,200805,2,hier_nb,reference_r4,0.5926149999999999,1.1827940000000003,200804,-0.5901790000000005
LA-KH,200806,3,hier_nb,reference_r4,2.553848000000002,2.609496,200804,-0.05564799999999792
LA-KH,200807,1,hier_nb,reference_r4,6.7093129999999945,3.5866049999999987,200807,3.122707999999996
LA-KH,200808,2,hier_nb,reference_r4,6.868336999999997,4.534191999999997,200807,2.3341449999999995
LA-KH,200809,3,hier_nb,reference_r4,6.101644,4.3197059999999965,200807,1.7819380000000038
LA-KH,200810,1,hier_nb,reference_r4,3.6667750000000017,0.6818619999999997,200810,2.984913000000002
LA-KH,200811,2,hier_nb,reference_r4,2.005794,1.625334,200810,0.3804599999999998
LA-KH,200812,3,hier_nb,reference_r4,2.605924,3.2899749999999996,200810,-0.6840509999999997
LA-KH,200901,1,hier_nb,reference_r4,0.1125249999999999,0.053555,200901,0.058969999999999904
LA-KH,200902,2,hier_nb,reference_r4,0.096143,0.0262599999999999,200901,0.06988300000000011
LA-KH,200903,3,hier_nb,reference_r4,4.415616,4.688714,200901,-0.27309800000000006
LA-KH,200904,1,hier_nb,reference_r4,0.3531140000000001,0.3390330000000001,200904,0.01408100000000001
LA-KH,200905,2,hier_nb,reference_r4,3.5484779999999994,2.229423,200904,1.3190549999999992
LA-KH,200906,3,hier_nb,reference_r4,47.692766000000006,64.261183,200904,-16.568416999999997
LA-KH,200907,1,hier_nb,reference_r4,106.157975,111.68224499999997,200907,-5.524269999999973
LA-KH,200908,2,hier_nb,reference_r4,227.019947,238.622588,200907,-11.602641000000006
LA-KH,200909,3,hier_nb,reference_r4,198.099279,212.138103,200907,-14.038824000000005
LA-KH,200910,1,hier_nb,reference_r4,46.021879,41.99305699999999,200910,4.028822000000005
LA-KH,200911,2,hier_nb,reference_r4,36.140759,23.480333,200910,12.660426000000001
LA-KH,200912,3,hier_nb,reference_r4,54.637064,31.461151,200910,23.175913
LA-LM,200801,1,hier_nb,reference_r4,0.000547,0.0001449999999999,200801,0.0004020000000001
LA-LM,200802,2,hier_nb,reference_r4,0.0001379999999999,6.399999999999982e-05,200801,7.399999999990018e-05
LA-LM,200803,3,hier_nb,reference_r4,0.0003669999999999,3.600000000000044e-05,200801,0.00033099999999989957
LA-LM,200804,1,hier_nb,reference_r4,0.001228,0.0002249999999999,200804,0.0010030000000001
LA-LM,200805,2,hier_nb,reference_r4,0.0035589999999999,0.0019169999999999,200804,0.001642
LA-LM,200806,3,hier_nb,reference_r4,0.014485,0.0028719999999999,200804,0.011613000000000099
LA-LM,200807,1,hier_nb,reference_r4,0.078216,0.9857340000000008,200807,-0.9075180000000008
LA-LM,200808,2,hier_nb,reference_r4,0.0635239999999999,0.5268149999999991,200807,-0.46329099999999923
LA-LM,200809,3,hier_nb,reference_r4,0.0513080000000001,0.8116540000000008,200807,-0.7603460000000006
LA-LM,200810,1,hier_nb,reference_r4,0.007705,0.0282749999999999,200810,-0.0205699999999999
LA-LM,200811,2,hier_nb,reference_r4,0.0017689999999999,0.002547,200810,-0.0007780000000000998
LA-LM,200812,3,hier_nb,reference_r4,0.0001679999999999,0.0006259999999999,200810,-0.00045799999999999997
LA-LM,200901,1,hier_nb,reference_r4,9.400000000000032e-05,0.0001449999999999,200901,-5.099999999989969e-05
LA-LM,200902,2,hier_nb,reference_r4,0.0001209999999999,0.0001209999999999,200901,0.0
LA-LM,200903,3,hier_nb,reference_r4,0.000136,0.0004879999999999,200901,-0.00035199999999990003
LA-LM,200904,1,hier_nb,reference_r4,0.978145,0.952581,200904,0.02556400000000003
LA-LM,200905,2,hier_nb,reference_r4,0.0056839999999999,0.003375,200904,0.0023089999999999
LA-LM,200906,3,hier_nb,reference_r4,1.659561,1.779479,200904,-0.11991799999999997
LA-LM,200907,1,hier_nb,reference_r4,0.7121059999999999,1.060841,200907,-0.348735
LA-LM,200908,2,hier_nb,reference_r4,0.1263019999999999,1.3580590000000043,200907,-1.2317570000000044
LA-LM,200909,3,hier_nb,reference_r4,2.830548,2.5135840000000016,200907,0.31696399999999825
LA-LM,200910,1,hier_nb,reference_r4,4.240601000000001,2.8886710000000004,200910,1.3519300000000003
LA-LM,200911,2,hier_nb,reference_r4,5.550443,4.443423,200910,1.1070199999999994
LA-LM,200912,3,hier_nb,reference_r4,3.817358,3.463991,200910,0.353367
LA-LP,200801,1,hier_nb,reference_r4,0.8749810000000002,0.8509699999999998,200801,0.02401100000000045
LA-LP,200802,2,hier_nb,reference_r4,13.724017,14.226982,200801,-0.5029649999999997
LA-LP,200803,3,hier_nb,reference_r4,19.612303,20.559279,200801,-0.9469759999999994
LA-LP,200804,1,hier_nb,reference_r4,26.888523,17.089113,200804,9.799409999999998
LA-LP,200805,2,hier_nb,reference_r4,101.689016,69.12398400000001,200804,32.56503199999999
LA-LP,200806,3,hier_nb,reference_r4,119.161012,83.551519,200804,35.609493
LA-LP,200807,1,hier_nb,reference_r4,12.434883,9.939164000000002,200807,2.4957189999999976
LA-LP,200808,2,hier_nb,reference_r4,15.196496000000003,8.521204000000001,200807,6.6752920000000024
LA-LP,200809,3,hier_nb,reference_r4,13.152888000000004,8.899235999999998,200807,4.253652000000006
LA-LP,200810,1,hier_nb,reference_r4,11.230853,16.340684000000003,200810,-5.109831000000003
LA-LP,200811,2,hier_nb,reference_r4,87.895414,109.266509,200810,-21.371094999999997
LA-LP,200812,3,hier_nb,reference_r4,151.655717,158.11663,200810,-6.460912999999977
LA-LP,200901,1,hier_nb,reference_r4,0.783426,7.373391999999999,200901,-6.589965999999999
LA-LP,200902,2,hier_nb,reference_r4,0.6359350000000001,6.8481760000000005,200901,-6.212241000000001
LA-LP,200903,3,hier_nb,reference_r4,1.021137,14.776713,200901,-13.755576000000001
LA-LP,200904,1,hier_nb,reference_r4,0.587523,11.220066,200904,-10.632542999999998
LA-LP,200905,2,hier_nb,reference_r4,3.627877999999999,35.441478000000004,200904,-31.813600000000005
LA-LP,200906,3,hier_nb,reference_r4,5.054102,70.76695899999999,200904,-65.71285699999999
LA-LP,200907,1,hier_nb,reference_r4,10.809123,20.183689,200907,-9.374566000000002
LA-LP,200908,2,hier_nb,reference_r4,11.901094,19.869366999999997,200907,-7.968272999999996
LA-LP,200909,3,hier_nb,reference_r4,228.58896699999997,275.812006,200907,-47.22303900000003
LA-LP,200910,1,hier_nb,reference_r4,103.81275399999998,75.76743399999998,200910,28.045320000000004
LA-LP,200911,2,hier_nb,reference_r4,51.406503,36.810936,200910,14.595567000000003
LA-LP,200912,3,hier_nb,reference_r4,3.00704,5.227954,200910,-2.2209140000000005
LA-OU,200801,1,hier_nb,reference_r4,0.001453,0.0004419999999999,200801,0.0010110000000001001
LA-OU,200802,2,hier_nb,reference_r4,0.0004839999999999,0.0002249999999999,200801,0.000259
LA-OU,200803,3,hier_nb,reference_r4,0.001321,2.499999999999985e-05,200801,0.001296
LA-OU,200804,1,hier_nb,reference_r4,0.0038059999999999,0.000962,200804,0.0028439999999999004
LA-OU,200805,2,hier_nb,reference_r4,0.00929,0.008625,200804,0.0006649999999999989
LA-OU,200806,3,hier_nb,reference_r4,0.02665,0.0110889999999999,200804,0.0155610000000001
LA-OU,200807,1,hier_nb,reference_r4,0.077588,2.1414350000000013,200807,-2.0638470000000013
LA-OU,200808,2,hier_nb,reference_r4,0.090263,1.392761,200807,-1.302498
LA-OU,200809,3,hier_nb,reference_r4,0.055228,1.5584540000000011,200807,-1.503226000000001
LA-OU,200810,1,hier_nb,reference_r4,0.0233559999999999,0.035744,200810,-0.012388000000000097
LA-OU,200811,2,hier_nb,reference_r4,0.007807,0.0048789999999999,200810,0.0029280000000001
LA-OU,200812,3,hier_nb,reference_r4,0.0021689999999999,0.001686,200810,0.0004829999999999002
LA-OU,200901,1,hier_nb,reference_r4,0.0006259999999999,8.099999999999948e-05,200901,0.0005449999999999005
LA-OU,200902,2,hier_nb,reference_r4,0.000577,0.0004889999999999,200901,8.800000000010004e-05
LA-OU,200903,3,hier_nb,reference_r4,0.000843,0.0002559999999999,200901,0.0005870000000001
LA-OU,200904,1,hier_nb,reference_r4,0.001454,0.001093,200904,0.000361
LA-OU,200905,2,hier_nb,reference_r4,0.0176999999999999,0.0035089999999999,200904,0.014191
LA-OU,200906,3,hier_nb,reference_r4,0.0350369999999999,0.017178,200904,0.017858999999999903
LA-OU,200907,1,hier_nb,reference_r4,0.085542,2.201894000000003,200907,-2.1163520000000027
LA-OU,200908,2,hier_nb,reference_r4,0.6161650000000001,2.1174859999999995,200907,-1.5013209999999995
LA-OU,200909,3,hier_nb,reference_r4,13.933883,9.036583999999998,200907,4.897299000000002
LA-OU,200910,1,hier_nb,reference_r4,5.2235439999999995,2.356514,200910,2.8670299999999993
LA-OU,200911,2,hier_nb,reference_r4,12.465023,8.297554,200910,4.1674690000000005
LA-OU,200912,3,hier_nb,reference_r4,17.751095,16.259750999999998,200910,1.4913440000000016
LA-PH,200901,1,hier_nb,reference_r4,2.499999999999985e-05,0.008394,200901,-0.008369000000000001
LA-PH,200902,2,hier_nb,reference_r4,4.000000000000097e-06,0.013747,200901,-0.013743
LA-PH,200903,3,hier_nb,reference_r4,8.999999999999894e-06,0.011909,200901,-0.011899999999999999
LA-PH,200904,1,hier_nb,reference_r4,2.599999999999998e-05,0.003346,200904,-0.00332
LA-PH,200905,2,hier_nb,reference_r4,0.000418,0.0070159999999999,200904,-0.0065979999999999
LA-PH,200906,3,hier_nb,reference_r4,0.00109,0.0270019999999999,200904,-0.0259119999999999
LA-PH,200907,1,hier_nb,reference_r4,0.001134,0.2708350000000004,200907,-0.26970100000000036
LA-PH,200909,3,hier_nb,reference_r4,0.002306,0.3815790000000003,200907,-0.3792730000000003
LA-PH,200910,1,hier_nb,reference_r4,0.000442,0.0146899999999999,200910,-0.0142479999999999
LA-PH,200911,2,hier_nb,reference_r4,0.000359,0.007834,200910,-0.007475000000000001
LA-PH,200912,3,hier_nb,reference_r4,1.700000000000052e-05,0.000958,200910,-0.0009409999999999995
LA-SL,200801,1,hier_nb,reference_r4,0.062056,0.8905020000000001,200801,-0.8284460000000001
LA-SL,200802,2,hier_nb,reference_r4,0.8322100000000001,0.3990359999999999,200801,0.4331740000000002
LA-SL,200803,3,hier_nb,reference_r4,4.2619739999999995,3.711126,200801,0.5508479999999993
LA-SL,200804,1,hier_nb,reference_r4,1.344569,0.8232109999999997,200804,0.5213580000000002
LA-SL,200805,2,hier_nb,reference_r4,101.061999,88.017715,200804,13.044284000000005
LA-SL,200806,3,hier_nb,reference_r4,212.072745,182.706523,200804,29.366221999999993
LA-SL,200807,1,hier_nb,reference_r4,56.10452500000001,49.287558,200807,6.816967000000012
LA-SL,200808,2,hier_nb,reference_r4,38.781282,40.490459,200807,-1.709177000000004
LA-SL,200809,3,hier_nb,reference_r4,58.060569,55.946118,200807,2.1144510000000025
LA-SL,200810,1,hier_nb,reference_r4,73.967708,37.46216799999999,200810,36.50554000000001
LA-SL,200811,2,hier_nb,reference_r4,14.704371000000002,7.654614,200810,7.049757000000002
LA-SL,200812,3,hier_nb,reference_r4,5.760646,2.8154619999999992,200810,2.945184000000001
LA-SL,200901,1,hier_nb,reference_r4,0.5405540000000002,1.3520469999999998,200901,-0.8114929999999996
LA-SL,200902,2,hier_nb,reference_r4,22.697285,19.347832,200901,3.3494530000000005
LA-SL,200903,3,hier_nb,reference_r4,22.721221,13.138766,200901,9.582455
LA-SL,200904,1,hier_nb,reference_r4,15.781678,5.792517,200904,9.989161
LA-SL,200905,2,hier_nb,reference_r4,97.076889,43.786785,200904,53.29010399999999
LA-SL,200906,3,hier_nb,reference_r4,25.552451999999995,32.51208700000001,200904,-6.959635000000013
LA-SL,200907,1,hier_nb,reference_r4,122.284752,115.68452800000004,200907,6.600223999999955
LA-SL,200908,2,hier_nb,reference_r4,86.947722,88.35168499999999,200907,-1.4039629999999903
LA-SL,200909,3,hier_nb,reference_r4,62.014651,59.12957999999999,200907,2.8850710000000106
LA-SL,200910,1,hier_nb,reference_r4,70.31972,35.440118999999996,200910,34.87960100000001
LA-SL,200911,2,hier_nb,reference_r4,31.44028,18.679802999999993,200910,12.760477000000009
LA-SL,200912,3,hier_nb,reference_r4,12.260817,6.863837,200910,5.396979999999999
LA-SV,200801,1,hier_nb,reference_r4,5.328801000000006,5.560211000000001,200801,-0.231409999999995
LA-SV,200802,2,hier_nb,reference_r4,1.0829720000000016,1.067894,200801,0.015078000000001701
LA-SV,200803,3,hier_nb,reference_r4,1.0075829999999997,0.5567249999999999,200801,0.45085799999999976
LA-SV,200804,1,hier_nb,reference_r4,3.881684,3.5868529999999996,200804,0.2948310000000003
LA-SV,200805,2,hier_nb,reference_r4,6.026150000000001,8.025956,200804,-1.9998059999999995
LA-SV,200806,3,hier_nb,reference_r4,18.91160400000001,26.666359000000007,200804,-7.754754999999996
LA-SV,200807,1,hier_nb,reference_r4,46.544580999999994,22.286722000000022,200807,24.25785899999997
LA-SV,200808,2,hier_nb,reference_r4,48.83059500000002,22.32373799999999,200807,26.506857000000025
LA-SV,200809,3,hier_nb,reference_r4,47.765589000000006,20.55244700000003,200807,27.213141999999976
LA-SV,200810,1,hier_nb,reference_r4,25.85982899999999,3.898237,200810,21.96159199999999
LA-SV,200811,2,hier_nb,reference_r4,16.49048600000002,0.7242839999999999,200810,15.766202000000018
LA-SV,200812,3,hier_nb,reference_r4,4.1359879999999976,0.333579,200810,3.8024089999999977
LA-SV,200901,1,hier_nb,reference_r4,2.6331200000000017,0.071555,200901,2.5615650000000016
LA-SV,200902,2,hier_nb,reference_r4,0.8438140000000001,0.0200209999999999,200901,0.8237930000000002
LA-SV,200903,3,hier_nb,reference_r4,1.3451590000000009,0.1542179999999999,200901,1.190941000000001
LA-SV,200904,1,hier_nb,reference_r4,3.6311050000000016,0.193397,200904,3.4377080000000015
LA-SV,200905,2,hier_nb,reference_r4,19.500879,1.2508590000000002,200904,18.25002
LA-SV,200906,3,hier_nb,reference_r4,31.745621999999997,1.6801389999999996,200904,30.065482999999997
LA-SV,200907,1,hier_nb,reference_r4,40.47787500000004,29.44706099999996,200907,11.030814000000081
LA-SV,200908,2,hier_nb,reference_r4,33.49160499999999,32.6685369999999,200907,0.8230680000000916
LA-SV,200909,3,hier_nb,reference_r4,33.725495999999964,33.06885599999998,200907,0.6566399999999817
LA-SV,200910,1,hier_nb,reference_r4,20.828006999999985,7.280832999999998,200910,13.547173999999988
LA-SV,200911,2,hier_nb,reference_r4,17.65672099999999,13.82403,200910,3.83269099999999
LA-SV,200912,3,hier_nb,reference_r4,6.365251999999998,1.628926,200910,4.736325999999998
LA-VT,200801,1,hier_nb,reference_r4,8.096408,10.804989,200801,-2.7085810000000006
LA-VT,200802,2,hier_nb,reference_r4,3.652144,3.935292000000001,200801,-0.28314800000000107
LA-VT,200803,3,hier_nb,reference_r4,6.698067999999999,16.116372,200801,-9.418304
LA-VT,200804,1,hier_nb,reference_r4,18.566912999999996,11.139016000000002,200804,7.427896999999994
LA-VT,200805,2,hier_nb,reference_r4,21.194769,24.815482000000003,200804,-3.620713000000002
LA-VT,200806,3,hier_nb,reference_r4,72.12087600000001,79.70156100000003,200804,-7.580685000000017
LA-VT,200807,1,hier_nb,reference_r4,107.73516,87.0091829999999,200807,20.7259770000001
LA-VT,200808,2,hier_nb,reference_r4,80.659166,87.64179200000001,200807,-6.98262600000001
LA-VT,200809,3,hier_nb,reference_r4,73.71560499999998,97.86658499999989,200807,-24.150979999999905
LA-VT,200810,1,hier_nb,reference_r4,52.51028799999999,36.63253,200810,15.877757999999986
LA-VT,200811,2,hier_nb,reference_r4,35.08246200000001,60.17981900000001,200810,-25.097357000000002
LA-VT,200812,3,hier_nb,reference_r4,22.857355,51.16511799999999,200810,-28.307762999999994
LA-VT,200901,1,hier_nb,reference_r4,9.202270000000002,21.761033,200901,-12.558762999999999
LA-VT,200902,2,hier_nb,reference_r4,6.050388999999999,12.86546,200901,-6.815071000000001
LA-VT,200903,3,hier_nb,reference_r4,4.950262,6.215401000000002,200901,-1.2651390000000013
LA-VT,200904,1,hier_nb,reference_r4,8.940234999999998,10.969666999999998,200904,-2.029432
LA-VT,200905,2,hier_nb,reference_r4,60.847605999999985,110.53592700000002,200904,-49.68832100000003
LA-VT,200906,3,hier_nb,reference_r4,69.74499500000002,169.85351799999995,200904,-100.10852299999993
LA-VT,200907,1,hier_nb,reference_r4,78.66273599999997,173.05869499999994,200907,-94.39595899999998
LA-VT,200908,2,hier_nb,reference_r4,82.26058199999997,210.0005450000001,200907,-127.73996300000013
LA-VT,200909,3,hier_nb,reference_r4,119.63644899999996,275.74755000000005,200907,-156.11110100000008
LA-VT,200910,1,hier_nb,reference_r4,167.165367,200.38036600000004,200910,-33.214999000000034
LA-VT,200911,2,hier_nb,reference_r4,213.524629,247.218792,200910,-33.694163
LA-VT,200912,3,hier_nb,reference_r4,241.984169,237.076923,200910,4.907246000000015
LA-XA,200801,1,hier_nb,reference_r4,0.3546990000000001,0.937917,200801,-0.5832179999999999
LA-XA,200802,2,hier_nb,reference_r4,0.0857590000000001,0.246032,200801,-0.1602729999999999
LA-XA,200803,3,hier_nb,reference_r4,0.2408739999999998,0.156616,200801,0.0842579999999998
LA-XA,200804,1,hier_nb,reference_r4,0.4582879999999996,0.7415020000000001,200804,-0.2832140000000005
LA-XA,200805,2,hier_nb,reference_r4,1.3770249999999995,1.219445,200804,0.1575799999999996
LA-XA,200806,3,hier_nb,reference_r4,4.146191000000002,2.2266060000000003,200804,1.9195850000000014
LA-XA,200807,1,hier_nb,reference_r4,9.527858000000002,11.749201,200807,-2.2213429999999974
LA-XA,200808,2,hier_nb,reference_r4,7.872078999999999,4.581992,200807,3.2900869999999998
LA-XA,200809,3,hier_nb,reference_r4,7.367936,3.108659000000003,200807,4.259276999999997
LA-XA,200810,1,hier_nb,reference_r4,4.585511,1.6035130000000004,200810,2.981998
LA-XA,200811,2,hier_nb,reference_r4,2.5547660000000008,0.7189270000000003,200810,1.8358390000000004
LA-XA,200812,3,hier_nb,reference_r4,0.6501289999999997,0.38409,200810,0.26603899999999975
LA-XA,200901,1,hier_nb,reference_r4,0.2200789999999999,0.07726,200901,0.14281899999999992
LA-XA,200902,2,hier_nb,reference_r4,0.1268169999999999,0.04674,200901,0.0800769999999999
LA-XA,200903,3,hier_nb,reference_r4,0.1924030000000001,0.2377779999999999,200901,-0.045374999999999804
LA-XA,200904,1,hier_nb,reference_r4,0.4378579999999998,0.354928,200904,0.08292999999999978
LA-XA,200905,2,hier_nb,reference_r4,2.423819999999999,1.100982,200904,1.3228379999999993
LA-XA,200906,3,hier_nb,reference_r4,6.510365999999998,5.649157999999999,200904,0.8612079999999986
LA-XA,200907,1,hier_nb,reference_r4,6.884020999999997,6.153162000000002,200907,0.7308589999999953
LA-XA,200908,2,hier_nb,reference_r4,17.330418,22.79703300000001,200907,-5.466615000000008
LA-XA,200909,3,hier_nb,reference_r4,7.985883999999999,6.221546999999994,200907,1.7643370000000047
LA-XA,200910,1,hier_nb,reference_r4,4.988607000000002,4.338903000000002,200910,0.6497039999999998
LA-XA,200911,2,hier_nb,reference_r4,4.285157999999999,2.590086000000001,200910,1.695071999999998
LA-XA,200912,3,hier_nb,reference_r4,1.0193839999999996,1.2576079999999998,200910,-0.2382240000000002
LA-XE,200801,1,hier_nb,reference_r4,0.0146289999999999,0.0150889999999999,200801,-0.0004599999999999986
LA-XE,200802,2,hier_nb,reference_r4,0.003452,0.003747,200801,-0.0002949999999999997
LA-XE,200803,3,hier_nb,reference_r4,0.016179,0.003433,200801,0.012745999999999999
LA-XE,200804,1,hier_nb,reference_r4,0.02425,0.011745,200804,0.012505
LA-XE,200805,2,hier_nb,reference_r4,0.060846,0.0455329999999999,200804,0.015313000000000097
LA-XE,200806,3,hier_nb,reference_r4,3.667835,3.991869,200804,-0.3240339999999997
LA-XE,200807,1,hier_nb,reference_r4,0.4647880000000002,0.5954490000000003,200807,-0.13066100000000014
LA-XE,200808,2,hier_nb,reference_r4,0.548718,0.6949640000000006,200807,-0.14624600000000054
LA-XE,200809,3,hier_nb,reference_r4,0.573518,0.7518729999999998,200807,-0.17835499999999982
LA-XE,200810,1,hier_nb,reference_r4,0.112819,0.0478549999999999,200810,0.0649640000000001
LA-XE,200811,2,hier_nb,reference_r4,0.043961,0.009837,200810,0.034124
LA-XE,200812,3,hier_nb,reference_r4,0.824857,0.867007,200810,-0.04215000000000002
LA-XE,200901,1,hier_nb,reference_r4,0.003308,0.004179,200901,-0.0008710000000000002
LA-XE,200902,2,hier_nb,reference_r4,1.867118,1.872963,200901,-0.005844999999999878
LA-XE,200903,3,hier_nb,reference_r4,1.782599,1.755906,200901,0.026693000000000078
LA-XE,200904,1,hier_nb,reference_r4,0.712844,0.5126379999999999,200904,0.2002060000000001
LA-XE,200905,2,hier_nb,reference_r4,1.010895,0.967369,200904,0.043526000000000065
LA-XE,200906,3,hier_nb,reference_r4,6.544338000000001,5.750561,200904,0.7937770000000004
LA-XE,200907,1,hier_nb,reference_r4,24.411641,24.309591,200907,0.10204999999999842
LA-XE,200908,2,hier_nb,reference_r4,22.373236,21.774364,200907,0.5988720000000001
LA-XE,200909,3,hier_nb,reference_r4,2.701284,3.804416,200907,-1.103132
LA-XE,200910,1,hier_nb,reference_r4,4.767284999999999,3.00741,200910,1.7598749999999992
LA-XE,200911,2,hier_nb,reference_r4,1.7199559999999998,9.003909,200910,-7.283953
LA-XE,200912,3,hier_nb,reference_r4,6.177809000000001,8.447728999999995,200910,-2.2699199999999946
LA-XI,200801,1,hier_nb,reference_r4,6.499999999999909e-05,0.0004849999999999,200801,-0.0004199999999999009
LA-XI,200802,2,hier_nb,reference_r4,4.000000000000097e-06,0.0001709999999999,200801,-0.0001669999999998999
LA-XI,200803,3,hier_nb,reference_r4,4.900000000000043e-05,0.00047,200801,-0.00042099999999999955
LA-XI,200804,1,hier_nb,reference_r4,0.000144,0.0003869999999999,200804,-0.0002429999999999
LA-XI,200805,2,hier_nb,reference_r4,0.000904,0.00085,200804,5.400000000000001e-05
LA-XI,200806,3,hier_nb,reference_r4,0.94102,0.929361,200804,0.011658999999999975
LA-XI,200807,1,hier_nb,reference_r4,0.0121109999999999,0.2423799999999998,200807,-0.2302689999999999
LA-XI,200808,2,hier_nb,reference_r4,0.021376,0.3010999999999999,200807,-0.2797239999999999
LA-XI,200809,3,hier_nb,reference_r4,0.016371,0.3256429999999994,200807,-0.3092719999999994
LA-XI,200810,1,hier_nb,reference_r4,0.0024119999999999,0.017068,200810,-0.0146560000000001
LA-XI,200811,2,hier_nb,reference_r4,0.000693,0.002919,200810,-0.002226
LA-XI,200812,3,hier_nb,reference_r4,0.0001449999999999,0.0006509999999999,200810,-0.000506
LA-XI,200901,1,hier_nb,reference_r4,6.499999999999909e-05,0.001391,200901,-0.001326000000000001
LA-XI,200902,2,hier_nb,reference_r4,1.600000000000039e-05,0.0011069999999999,200901,-0.0010909999999998996
LA-XI,200903,3,hier_nb,reference_r4,6.499999999999909e-05,0.000858,200901,-0.000793000000000001
LA-XI,200904,1,hier_nb,reference_r4,0.00017,0.0003319999999999,200904,-0.00016199999999989996
LA-XI,200905,2,hier_nb,reference_r4,38.90144,38.930877,200904,-0.02943700000000149
LA-XI,200906,3,hier_nb,reference_r4,32.752541,32.83178,200904,-0.07923900000000117
LA-XI,200907,1,hier_nb,reference_r4,0.7996049999999997,0.6791850000000004,200907,0.1204199999999993
LA-XI,200908,2,hier_nb,reference_r4,6.927243000000001,6.871492,200907,0.05575100000000077
LA-XI,200909,3,hier_nb,reference_r4,0.5212389999999996,0.4909029999999994,200907,0.03033600000000014
LA-XI,200910,1,hier_nb,reference_r4,0.055528,0.8932059999999997,200910,-0.8376779999999997
LA-XI,200911,2,hier_nb,reference_r4,0.0418169999999999,0.4608449999999999,200910,-0.419028
LA-XI,200912,3,hier_nb,reference_r4,0.0003189999999999,0.1687619999999999,200910,-0.168443
LA-AT,200801,1,climatology,reference,4.0,2.8567205,200801,1.1432794999999998
LA-AT,200802,2,climatology,reference,1.63,1.2271735,200801,0.4028265
LA-AT,200803,3,climatology,reference,0.0,0.07830275,200801,-0.07830275
LA-AT,200804,1,climatology,reference,0.02,0.50567575,200804,-0.48567574999999996
LA-AT,200805,2,climatology,reference,3.45,1.56358275,200804,1.8864172500000003
LA-AT,200806,3,climatology,reference,8.86,4.13374575,200804,4.726254249999999
LA-AT,200807,1,climatology,reference,4.54,3.5250217500000014,200807,1.0149782499999986
LA-AT,200808,2,climatology,reference,9.47,6.766005999999999,200807,2.7039940000000016
LA-AT,200809,3,climatology,reference,17.57,17.3033775,200807,0.26662250000000043
LA-AT,200810,1,climatology,reference,38.95,30.770417750000004,200810,8.17958225
LA-AT,200811,2,climatology,reference,43.0,33.719483249999996,200810,9.280516750000004
LA-AT,200812,3,climatology,reference,22.28,17.15468825,200810,5.125311750000002
LA-AT,200901,1,climatology,reference,17.305124,8.29974025,200901,9.00538375
LA-AT,200902,2,climatology,reference,45.164529,38.76478525,200901,6.399743749999999
LA-AT,200903,3,climatology,reference,77.0,58.79363725,200901,18.206362749999997
LA-AT,200904,1,climatology,reference,98.652562,50.53175225,200904,48.12080975000001
LA-AT,200905,2,climatology,reference,0.1242149999999999,48.4498705,200904,-48.3256555
LA-AT,200906,3,climatology,reference,21.319868,39.38997125,200904,-18.070103250000003
LA-AT,200907,1,climatology,reference,61.750116,48.98766975,200907,12.762446249999996
LA-AT,200908,2,climatology,reference,17.823736,14.9626135,200907,2.8611225000000005
LA-AT,200909,3,climatology,reference,10.060613,10.2212285,200907,-0.16061550000000047
LA-AT,200910,1,climatology,reference,4.830283999999999,6.4422120000000005,200910,-1.6119280000000016
LA-AT,200911,2,climatology,reference,13.444083,6.16758375,200910,7.276499249999999
LA-AT,200912,3,climatology,reference,4.502959,5.693875249999999,200910,-1.190916249999999
LA-BK,200801,1,climatology,reference,0.81,0.95601925,200801,-0.14601924999999993
LA-BK,200802,2,climatology,reference,0.01,4.6500000000000046e-05,200801,0.0099535
LA-BK,200803,3,climatology,reference,0.01,2.8000000000000247e-05,200801,0.009972
LA-BK,200804,1,climatology,reference,0.01,0.0264175,200804,-0.0164175
LA-BK,200805,2,climatology,reference,11.64,10.713214999999998,200804,0.9267850000000024
LA-BK,200806,3,climatology,reference,52.17,50.8679235,200804,1.3020764999999983
LA-BK,200807,1,climatology,reference,0.6600000000000001,1.96930125,200807,-1.3093012499999999
LA-BK,200808,2,climatology,reference,6.84,5.856817999999999,200807,0.9831820000000011
LA-BK,200809,3,climatology,reference,29.34,21.43587975,200807,7.904120249999998
LA-BK,200810,1,climatology,reference,44.92,21.940763500000003,200810,22.9792365
LA-BK,200811,2,climatology,reference,55.0,47.66615875,200810,7.333841249999999
LA-BK,200812,3,climatology,reference,5.0,2.97199575,200810,2.02800425
LA-BK,200901,1,climatology,reference,0.6691239999999999,0.45439075,200901,0.21473324999999993
LA-BK,200902,2,climatology,reference,0.0082809999999999,0.30116375,200901,-0.2928827500000001
LA-BK,200903,3,climatology,reference,0.826281,0.6673817500000001,200901,0.15889924999999994
LA-BK,200904,1,climatology,reference,2.826281,1.287469,200904,1.5388119999999998
LA-BK,200905,2,climatology,reference,71.61762,43.308491,200904,28.309129000000006
LA-BK,200906,3,climatology,reference,206.10648,146.54898674999998,200904,59.55749325000002
LA-BK,200907,1,climatology,reference,209.635455,188.15685825,200907,21.47859675000001
LA-BK,200908,2,climatology,reference,106.650017,90.8190615,200907,15.830955500000002
LA-BK,200909,3,climatology,reference,43.240067,38.901625249999995,200907,4.338441750000008
LA-BK,200910,1,climatology,reference,23.210034,20.581325999999997,200910,2.628708000000003
LA-BK,200911,2,climatology,reference,4.5454550000000005,12.810468749999998,200910,-8.265013749999998
LA-BK,200912,3,climatology,reference,3.313405,4.833049750000001,200910,-1.5196447500000008
LA-BL,200801,1,climatology,reference,5.6899999999999995,5.3708495,200801,0.3191504999999992
LA-BL,200802,2,climatology,reference,2.88,5.84484275,200801,-2.96484275
LA-BL,200803,3,climatology,reference,2.29,0.42230275,200801,1.86769725
LA-BL,200804,1,climatology,reference,2.8299999999999996,1.6217134999999998,200804,1.2082864999999998
LA-BL,200805,2,climatology,reference,9.2,6.6790910000000006,200804,2.5209089999999987
LA-BL,200806,3,climatology,reference,10.070000000000002,7.575282,200804,2.4947180000000024
LA-BL,200807,1,climatology,reference,27.62,20.087886249999997,200807,7.532113750000004
LA-BL,200808,2,climatology,reference,19.03,20.6089715,200807,-1.578971499999998
LA-BL,200809,3,climatology,reference,25.370000000000005,18.523956,200807,6.846044000000006
LA-BL,200810,1,climatology,reference,16.870000000000005,9.729708250000002,200810,7.140291750000003
LA-BL,200811,2,climatology,reference,6.290000000000001,4.276498999999999,200810,2.0135010000000015
LA-BL,200812,3,climatology,reference,2.05,0.9770205,200810,1.0729794999999998
LA-BL,200901,1,climatology,reference,0.7038849999999999,0.7456575000000001,200901,-0.04177250000000021
LA-BL,200902,2,climatology,reference,0.926381,1.68273325,200901,-0.7563522500000001
LA-BL,200903,3,climatology,reference,2.5287120000000005,1.1302832499999995,200901,1.398428750000001
LA-BL,200904,1,climatology,reference,2.7938859999999996,0.8048480000000001,200904,1.9890379999999994
LA-BL,200905,2,climatology,reference,17.157429000000004,3.829161000000001,200904,13.328268000000003
LA-BL,200906,3,climatology,reference,16.873330000000003,5.61813075,200904,11.255199250000004
LA-BL,200907,1,climatology,reference,20.996472,21.985704500000004,200907,-0.9892325000000035
LA-BL,200908,2,climatology,reference,33.260011999999996,6.174969249999998,200907,27.08504275
LA-BL,200909,3,climatology,reference,41.130528,4.862042999999998,200907,36.268485
LA-BL,200910,1,climatology,reference,17.210586000000003,5.49467175,200910,11.715914250000003
LA-BL,200911,2,climatology,reference,11.201476,2.1073274999999994,200910,9.0941485
LA-BL,200912,3,climatology,reference,1.6965139999999996,0.712077,200910,0.9844369999999997
LA-CH,200801,1,climatology,reference,47.5,29.3396385,200801,18.1603615
LA-CH,200802,2,climatology,reference,53.03999999999999,43.54995375,200801,9.490046249999992
LA-CH,200803,3,climatology,reference,50.58,50.399487500000006,200801,0.18051249999999186
LA-CH,200804,1,climatology,reference,31.85,27.6368465,200804,4.213153500000001
LA-CH,200805,2,climatology,reference,38.959999999999994,52.862192500000006,200804,-13.902192500000012
LA-CH,200806,3,climatology,reference,127.17000000000002,122.0008095,200804,5.169190500000013
LA-CH,200807,1,climatology,reference,41.25,96.85658924999996,200807,-55.606589249999956
LA-CH,200808,2,climatology,reference,42.510000000000005,88.99043875000001,200807,-46.480438750000005
LA-CH,200809,3,climatology,reference,49.599999999999994,120.46265225,200807,-70.86265225000001
LA-CH,200810,1,climatology,reference,37.669999999999995,47.67266175,200810,-10.002661750000009
LA-CH,200811,2,climatology,reference,41.07000000000001,44.33711,200810,-3.2671099999999953
LA-CH,200812,3,climatology,reference,33.34,32.772664750000004,200810,0.5673352499999993
LA-CH,200901,1,climatology,reference,10.890717,10.049703,200901,0.8410140000000013
LA-CH,200902,2,climatology,reference,19.093116999999996,25.96861525,200901,-6.875498250000003
LA-CH,200903,3,climatology,reference,21.42854,21.53617675,200901,-0.1076367499999975
LA-CH,200904,1,climatology,reference,53.487149,36.957363,200904,16.529786
LA-CH,200905,2,climatology,reference,19.053490000000004,75.32216250000002,200904,-56.268672500000015
LA-CH,200906,3,climatology,reference,30.695037999999997,79.6897195,200904,-48.9946815
LA-CH,200907,1,climatology,reference,45.004213,71.15796999999995,200907,-26.15375699999995
LA-CH,200908,2,climatology,reference,44.17307600000001,65.9228705,200907,-21.749794499999993
LA-CH,200909,3,climatology,reference,32.110839000000006,61.406306249999965,200907,-29.29546724999996
LA-CH,200910,1,climatology,reference,23.227603,20.148328999999997,200910,3.0792740000000016
LA-CH,200911,2,climatology,reference,12.418226999999998,16.137065750000005,200910,-3.718838750000007
LA-CH,200912,3,climatology,reference,14.757385999999997,12.705397,200910,2.051988999999997
LA-HO,200801,1,climatology,reference,0.01,0.0033932499999999,200801,0.0066067500000001
LA-HO,200802,2,climatology,reference,0.01,0.00093875,200801,0.00906125
LA-HO,200803,3,climatology,reference,0.01,0.0085314999999999,200801,0.0014685000000001
LA-HO,200804,1,climatology,reference,0.01,0.013471,200804,-0.003471
LA-HO,200805,2,climatology,reference,0.0,0.022683,200804,-0.022683
LA-HO,200806,3,climatology,reference,0.0599999999999999,0.03302,200804,0.0269799999999999
LA-HO,200807,1,climatology,reference,0.1999999999999999,0.3769914999999997,200807,-0.1769914999999998
LA-HO,200808,2,climatology,reference,0.0,0.4492542499999994,200807,-0.4492542499999994
LA-HO,200809,3,climatology,reference,0.6900000000000002,0.7446340000000005,200807,-0.05463400000000029
LA-HO,200810,1,climatology,reference,0.02,0.06861625,200810,-0.04861625
LA-HO,200811,2,climatology,reference,0.0,0.00963075,200810,-0.00963075
LA-HO,200812,3,climatology,reference,0.65,0.8974147499999999,200810,-0.2474147499999999
LA-HO,200901,1,climatology,reference,0.0082809999999999,0.0162604999999999,200901,-0.0079795
LA-HO,200902,2,climatology,reference,0.0082809999999999,0.0244919999999999,200901,-0.016211
LA-HO,200903,3,climatology,reference,0.0082809999999999,0.02520025,200901,-0.0169192500000001
LA-HO,200904,1,climatology,reference,0.0082809999999999,0.00536225,200904,0.0029187499999998997
LA-HO,200905,2,climatology,reference,0.0,0.011925,200904,-0.011925
LA-HO,200906,3,climatology,reference,0.049686,0.0431117499999999,200904,0.006574250000000101
LA-HO,200907,1,climatology,reference,0.16562,0.2975690000000003,200907,-0.13194900000000032
LA-HO,200908,2,climatology,reference,0.0,0.4700382500000002,200907,-0.4700382500000002
LA-HO,200909,3,climatology,reference,0.5699339999999999,0.7268472499999997,200907,-0.15691324999999978
LA-HO,200910,1,climatology,reference,0.834562,0.5777009999999999,200910,0.2568610000000001
LA-HO,200911,2,climatology,reference,1.0,0.78325125,200910,0.21674875000000005
LA-HO,200912,3,climatology,reference,0.53681,0.87533575,200910,-0.33852574999999996
LA-KH,200801,1,climatology,reference,1.1499999999999997,0.7769425,200801,0.3730574999999997
LA-KH,200802,2,climatology,reference,0.1499999999999999,0.0899645,200801,0.06003549999999991
LA-KH,200803,3,climatology,reference,0.04,0.08083225,200801,-0.040832249999999994
LA-KH,200804,1,climatology,reference,0.1099999999999999,0.50089525,200804,-0.39089525000000014
LA-KH,200805,2,climatology,reference,1.38,1.0987155,200804,0.28128449999999994
LA-KH,200806,3,climatology,reference,8.940000000000001,2.6191885000000004,200804,6.320811500000001
LA-KH,200807,1,climatology,reference,35.06999999999999,4.206672750000001,200807,30.86332724999999
LA-KH,200808,2,climatology,reference,37.92,4.554646249999996,200807,33.365353750000004
LA-KH,200809,3,climatology,reference,14.089999999999996,4.605022999999997,200807,9.484976999999999
LA-KH,200810,1,climatology,reference,5.470000000000001,0.7503565,200810,4.719643500000001
LA-KH,200811,2,climatology,reference,1.4299999999999995,1.5314975000000002,200810,-0.10149750000000068
LA-KH,200812,3,climatology,reference,3.69,3.205132,200810,0.4848680000000001
LA-KH,200901,1,climatology,reference,0.9523149999999996,0.0789115,200901,0.8734034999999996
LA-KH,200902,2,climatology,reference,0.1242149999999999,0.0184859999999999,200901,0.10572899999999999
LA-KH,200903,3,climatology,reference,5.305124,4.757184,200901,0.5479400000000005
LA-KH,200904,1,climatology,reference,0.091091,0.36157825,200904,-0.27048724999999996
LA-KH,200905,2,climatology,reference,4.0487779999999995,2.211093,200904,1.8376849999999996
LA-KH,200906,3,climatology,reference,46.36775900000001,64.847896,200904,-18.480137
LA-KH,200907,1,climatology,reference,68.223464,116.86190075,200907,-48.63843675
LA-KH,200908,2,climatology,reference,171.36027,248.8047135,200907,-77.44444349999998
LA-KH,200909,3,climatology,reference,187.121383,223.44451925,200907,-36.323136250000005
LA-KH,200910,1,climatology,reference,57.593343,43.194995,200910,14.398347999999999
LA-KH,200911,2,climatology,reference,54.814001,21.677693499999997,200910,33.1363075
LA-KH,200912,3,climatology,reference,52.764233,29.364558,200910,23.399675
LA-LM,200801,1,climatology,reference,0.0,0.0001869999999999,200801,-0.0001869999999999
LA-LM,200802,2,climatology,reference,0.0,6.124999999999989e-05,200801,-6.124999999999989e-05
LA-LM,200803,3,climatology,reference,0.0499999999999999,2.3000000000000346e-05,200801,0.049976999999999897
LA-LM,200804,1,climatology,reference,0.01,0.0076832499999999,200804,0.0023167500000001
LA-LM,200805,2,climatology,reference,0.0,0.0507185,200804,-0.0507185
LA-LM,200806,3,climatology,reference,0.0,0.07468125,200804,-0.07468125
LA-LM,200807,1,climatology,reference,0.0499999999999999,0.9505770000000008,200807,-0.9005770000000008
LA-LM,200808,2,climatology,reference,0.0299999999999999,0.5011180000000002,200807,-0.47111800000000026
LA-LM,200809,3,climatology,reference,0.0,0.7134750000000003,200807,-0.7134750000000003
LA-LM,200810,1,climatology,reference,0.09,0.02528225,200810,0.06471774999999999
LA-LM,200811,2,climatology,reference,0.02,0.00321175,200810,0.01678825
LA-LM,200812,3,climatology,reference,0.0,0.0007694999999999,200810,-0.0007694999999999
LA-LM,200901,1,climatology,reference,0.0,0.0001122499999999,200901,-0.0001122499999999
LA-LM,200902,2,climatology,reference,0.0,0.0001109999999999,200901,-0.0001109999999999
LA-LM,200903,3,climatology,reference,0.041405,0.0004552499999999,200901,0.0409497500000001
LA-LM,200904,1,climatology,reference,0.826281,0.95552225,200904,-0.12924124999999997
LA-LM,200905,2,climatology,reference,0.0,0.0038972499999999,200904,-0.0038972499999999
LA-LM,200906,3,climatology,reference,2.0,1.775661,200904,0.22433900000000007
LA-LM,200907,1,climatology,reference,0.677405,0.93713525,200907,-0.25973024999999994
LA-LM,200908,2,climatology,reference,0.024843,1.1261882500000011,200907,-1.1013452500000012
LA-LM,200909,3,climatology,reference,4.0,2.3978117500000007,200907,1.6021882499999993
LA-LM,200910,1,climatology,reference,4.164529,2.75320575,200910,1.4113232500000001
LA-LM,200911,2,climatology,reference,5.652562,4.56897925,200910,1.0835827499999997
LA-LM,200912,3,climatology,reference,4.0,3.36008825,200910,0.63991175
LA-LP,200801,1,climatology,reference,0.1999999999999999,0.82532475,200801,-0.6253247500000001
LA-LP,200802,2,climatology,reference,13.92,14.229039,200801,-0.3090390000000003
LA-LP,200803,3,climatology,reference,20.81,20.42374125,200801,0.38625874999999965
LA-LP,200804,1,climatology,reference,31.229999999999997,20.079706,200804,11.150293999999995
LA-LP,200805,2,climatology,reference,107.3,82.12704175,200804,25.172958249999994
LA-LP,200806,3,climatology,reference,132.97,104.643518,200804,28.326482
LA-LP,200807,1,climatology,reference,10.659999999999998,9.964950000000002,200807,0.6950499999999966
LA-LP,200808,2,climatology,reference,12.43,8.36418425,200807,4.0658157500000005
LA-LP,200809,3,climatology,reference,10.5,8.916167,200807,1.5838330000000003
LA-LP,200810,1,climatology,reference,9.55,17.1979405,200810,-7.647940500000001
LA-LP,200811,2,climatology,reference,103.0,107.752947,200810,-4.752947000000006
LA-LP,200812,3,climatology,reference,126.82,157.80555925,200810,-30.985559249999994
LA-LP,200901,1,climatology,reference,0.16562,7.926249,200901,-7.760629000000001
LA-LP,200902,2,climatology,reference,0.5962320000000001,5.34566875,200901,-4.749436749999999
LA-LP,200903,3,climatology,reference,0.4720169999999997,12.5922905,200901,-12.120273500000001
LA-LP,200904,1,climatology,reference,0.8104469999999999,11.6730205,200904,-10.8625735
LA-LP,200905,2,climatology,reference,3.589589,34.6189255,200904,-31.029336500000003
LA-LP,200906,3,climatology,reference,5.813261999999998,71.9808455,200904,-66.1675835
LA-LP,200907,1,climatology,reference,4.452995999999999,20.95936,200907,-16.506364
LA-LP,200908,2,climatology,reference,8.377825999999999,21.068553,200907,-12.690727000000003
LA-LP,200909,3,climatology,reference,238.358321,284.7330325,200907,-46.37471149999999
LA-LP,200910,1,climatology,reference,126.23871400000002,69.28776425,200910,56.95094975000002
LA-LP,200911,2,climatology,reference,61.383126999999995,38.725323,200910,22.65780399999999
LA-LP,200912,3,climatology,reference,7.821726000000002,6.0545695,200910,1.7671565000000014
LA-OU,200801,1,climatology,reference,0.0,0.0009954999999999,200801,-0.0009954999999999
LA-OU,200802,2,climatology,reference,0.0,0.0001854999999999,200801,-0.0001854999999999
LA-OU,200803,3,climatology,reference,0.0,6.374999999999979e-05,200801,-6.374999999999979e-05
LA-OU,200804,1,climatology,reference,0.0,0.021019,200804,-0.021019
LA-OU,200805,2,climatology,reference,0.01,0.0979922499999999,200804,-0.08799224999999991
LA-OU,200806,3,climatology,reference,0.01,0.169309,200804,-0.15930899999999998
LA-OU,200807,1,climatology,reference,0.04,1.9330165000000017,200807,-1.8930165000000017
LA-OU,200808,2,climatology,reference,0.12,1.27780225,200807,-1.15780225
LA-OU,200809,3,climatology,reference,0.04,1.5425357500000008,200807,-1.5025357500000007
LA-OU,200810,1,climatology,reference,0.0799999999999999,0.0331582499999999,200810,0.04684175
LA-OU,200811,2,climatology,reference,0.01,0.0057727499999999,200810,0.0042272500000001
LA-OU,200812,3,climatology,reference,0.0,0.00139925,200810,-0.00139925
LA-OU,200901,1,climatology,reference,0.0,0.0002072499999999,200901,-0.0002072499999999
LA-OU,200902,2,climatology,reference,0.0,0.0001965,200901,-0.0001965
LA-OU,200903,3,climatology,reference,0.0,0.00056025,200901,-0.00056025
LA-OU,200904,1,climatology,reference,0.0,0.00090175,200904,-0.00090175
LA-OU,200905,2,climatology,reference,0.0082809999999999,0.0051239999999999,200904,0.003156999999999999
LA-OU,200906,3,climatology,reference,0.0082809999999999,0.01647975,200904,-0.008198750000000102
LA-OU,200907,1,climatology,reference,0.0331239999999999,1.7412692500000009,200907,-1.708145250000001
LA-OU,200908,2,climatology,reference,0.7353719999999999,2.001218249999999,200907,-1.2658462499999992
LA-OU,200909,3,climatology,reference,14.669124,9.3298065,200907,5.3393175
LA-OU,200910,1,climatology,reference,4.974247999999999,2.2214875000000003,200910,2.752760499999999
LA-OU,200911,2,climatology,reference,12.826281,8.9728415,200910,3.8534395000000004
LA-OU,200912,3,climatology,reference,18.0,16.17595275,200910,1.8240472499999996
LA-PH,200901,1,climatology,reference,0.0,0.0130202499999999,200901,-0.0130202499999999
LA-PH,200902,2,climatology,reference,0.0,0.01459375,200901,-0.01459375
LA-PH,200903,3,climatology,reference,0.0,0.01747275,200901,-0.01747275
LA-PH,200904,1,climatology,reference,0.0,0.0034817499999999,200904,-0.0034817499999999
LA-PH,200905,2,climatology,reference,0.0,0.0067925,200904,-0.0067925
LA-PH,200906,3,climatology,reference,0.0,0.0279412499999999,200904,-0.0279412499999999
LA-PH,200907,1,climatology,reference,0.0,0.1950434999999999,200907,-0.1950434999999999
LA-PH,200909,3,climatology,reference,0.04,0.2976595000000001,200907,-0.2576595000000001
LA-PH,200910,1,climatology,reference,0.0,0.0170252499999999,200910,-0.0170252499999999
LA-PH,200911,2,climatology,reference,0.0,0.0064347499999999,200910,-0.0064347499999999
LA-PH,200912,3,climatology,reference,0.0,0.0011549999999999,200910,-0.0011549999999999
LA-SL,200801,1,climatology,reference,0.1099999999999999,0.944374,200801,-0.8343740000000002
LA-SL,200802,2,climatology,reference,1.0,0.3960867499999999,200801,0.6039132500000002
LA-SL,200803,3,climatology,reference,4.62,3.71234675,200801,0.9076532500000001
LA-SL,200804,1,climatology,reference,2.0,0.99449025,200804,1.0055097499999999
LA-SL,200805,2,climatology,reference,82.75,89.40537875,200804,-6.655378749999997
LA-SL,200806,3,climatology,reference,206.97,184.4246935,200804,22.54530650000001
LA-SL,200807,1,climatology,reference,75.25,49.26407675,200807,25.98592325
LA-SL,200808,2,climatology,reference,52.45,39.41688825,200807,13.033111750000003
LA-SL,200809,3,climatology,reference,76.05,57.114015,200807,18.935984999999995
LA-SL,200810,1,climatology,reference,89.54,37.614025,200810,51.92597500000001
LA-SL,200811,2,climatology,reference,19.16,8.01930375,200810,11.14069625
LA-SL,200812,3,climatology,reference,5.69,2.8268264999999997,200810,2.8631735000000007
LA-SL,200901,1,climatology,reference,0.545091,1.65789525,200901,-1.11280425
LA-SL,200902,2,climatology,reference,23.826281,19.7962565,200901,4.030024500000003
LA-SL,200903,3,climatology,reference,23.817091,13.1628275,200901,10.6542635
LA-SL,200904,1,climatology,reference,18.652562,5.858830749999999,200904,12.79373125
LA-SL,200905,2,climatology,reference,83.899938,45.2519755,200904,38.647962500000006
LA-SL,200906,3,climatology,reference,30.133145000000003,31.8076495,200904,-1.6745044999999976
LA-SL,200907,1,climatology,reference,148.17646399999998,118.85979425000002,200907,29.31666974999996
LA-SL,200908,2,climatology,reference,107.331804,91.037494,200907,16.29431000000001
LA-SL,200909,3,climatology,reference,68.83130799999999,62.04129249999999,200907,6.790015500000003
LA-SL,200910,1,climatology,reference,76.984001,35.41509575,200910,41.56890525000001
LA-SL,200911,2,climatology,reference,38.830017000000005,16.416914499999997,200910,22.413102500000008
LA-SL,200912,3,climatology,reference,13.699703,7.024564250000001,200910,6.675138749999999
LA-SV,200801,1,climatology,reference,1.7800000000000002,5.560645,200801,-3.780645
LA-SV,200802,2,climatology,reference,0.6200000000000001,1.0085315,200801,-0.3885314999999998
LA-SV,200803,3,climatology,reference,1.42,0.4973877499999999,200801,0.92261225
LA-SV,200804,1,climatology,reference,6.08,3.5772804999999996,200804,2.5027195000000004
LA-SV,200805,2,climatology,reference,27.53,6.43930125,200804,21.09069875
LA-SV,200806,3,climatology,reference,67.57,24.48841975,200804,43.081580249999995
LA-SV,200807,1,climatology,reference,150.21999999999997,23.12051975,200807,127.09948024999997
LA-SV,200808,2,climatology,reference,140.25,21.36057074999998,200807,118.88942925000002
LA-SV,200809,3,climatology,reference,115.49,23.258939499999997,200807,92.2310605
LA-SV,200810,1,climatology,reference,53.19,3.819202250000001,200810,49.370797749999994
LA-SV,200811,2,climatology,reference,12.810000000000002,0.8241327500000002,200810,11.985867250000002
LA-SV,200812,3,climatology,reference,8.030000000000001,0.3548737500000001,200810,7.675126250000001
LA-SV,200901,1,climatology,reference,1.7460180000000003,0.0830284999999999,200901,1.6629895000000003
LA-SV,200902,2,climatology,reference,0.6034219999999999,0.0152394999999999,200901,0.5881825
LA-SV,200903,3,climatology,reference,1.0848110000000002,0.12601875,200901,0.9587922500000001
LA-SV,200904,1,climatology,reference,5.027028,0.18258525,200904,4.84444275
LA-SV,200905,2,climatology,reference,23.760858999999996,1.2562635,200904,22.504595499999997
LA-SV,200906,3,climatology,reference,63.428528,1.6869117500000002,200904,61.74161625
LA-SV,200907,1,climatology,reference,123.24315,26.799079749999976,200907,96.44407025000002
LA-SV,200908,2,climatology,reference,102.30625,29.625094249999957,200907,72.68115575000004
LA-SV,200909,3,climatology,reference,77.799763,33.84717599999999,200907,43.95258700000001
LA-SV,200910,1,climatology,reference,41.95170999999999,7.0335019999999995,200910,34.91820799999999
LA-SV,200911,2,climatology,reference,12.497231,15.431827,200910,-2.934596000000001
LA-SV,200912,3,climatology,reference,6.103097000000002,1.7666767499999998,200910,4.3364202500000015
LA-VT,200801,1,climatology,reference,10.87,11.1160255,200801,-0.2460255
LA-VT,200802,2,climatology,reference,9.38,4.11515575,200801,5.264844250000001
LA-VT,200803,3,climatology,reference,4.52,16.96018625,200801,-12.44018625
LA-VT,200804,1,climatology,reference,36.69,10.77835425,200804,25.911645749999998
LA-VT,200805,2,climatology,reference,62.27,20.521471750000003,200804,41.74852825
LA-VT,200806,3,climatology,reference,83.00999999999999,69.88104925,200804,13.128950749999987
LA-VT,200807,1,climatology,reference,191.24999999999997,81.40077274999996,200807,109.84922725000001
LA-VT,200808,2,climatology,reference,165.86,84.85327000000001,200807,81.00673
LA-VT,200809,3,climatology,reference,113.29999999999998,93.64231074999996,200807,19.65768925000002
LA-VT,200810,1,climatology,reference,129.48000000000002,35.20602275,200810,94.27397725000002
LA-VT,200811,2,climatology,reference,36.84,57.436028,200810,-20.596027999999997
LA-VT,200812,3,climatology,reference,17.979999999999997,51.8002925,200810,-33.8202925
LA-VT,200901,1,climatology,reference,7.815081999999997,20.70266475,200901,-12.887582750000004
LA-VT,200902,2,climatology,reference,3.934482,13.901395,200901,-9.966913000000002
LA-VT,200903,3,climatology,reference,7.282829999999999,6.35277275,200901,0.9300572499999991
LA-VT,200904,1,climatology,reference,9.680054000000002,10.8966255,200904,-1.2165714999999988
LA-VT,200905,2,climatology,reference,27.720475,109.941614,200904,-82.221139
LA-VT,200906,3,climatology,reference,38.075081999999995,176.63849825,200904,-138.56341625
LA-VT,200907,1,climatology,reference,86.36204900000001,174.467824,200907,-88.105775
LA-VT,200908,2,climatology,reference,101.891894,205.78056975,200907,-103.88867575000002
LA-VT,200909,3,climatology,reference,112.384425,278.36174550000004,200907,-165.97732050000005
LA-VT,200910,1,climatology,reference,145.485435,197.894393,200910,-52.40895800000001
LA-VT,200911,2,climatology,reference,297.66520299999996,268.37443075,200910,29.290772249999975
LA-VT,200912,3,climatology,reference,224.551238,226.40287475,200910,-1.851636749999983
LA-XA,200801,1,climatology,reference,0.17,1.06215775,200801,-0.8921577499999999
LA-XA,200802,2,climatology,reference,0.9500000000000002,0.2354625,200801,0.7145375000000002
LA-XA,200803,3,climatology,reference,0.7399999999999998,0.15566625,200801,0.5843337499999998
LA-XA,200804,1,climatology,reference,3.460000000000001,0.7379695000000001,200804,2.7220305000000007
LA-XA,200805,2,climatology,reference,5.659999999999997,1.32360175,200804,4.336398249999997
LA-XA,200806,3,climatology,reference,14.03,2.3749184999999997,200804,11.6550815
LA-XA,200807,1,climatology,reference,24.69,11.184284999999996,200807,13.505715000000006
LA-XA,200808,2,climatology,reference,9.729999999999997,4.234384749999999,200807,5.4956152499999975
LA-XA,200809,3,climatology,reference,4.75,2.697391250000001,200807,2.052608749999999
LA-XA,200810,1,climatology,reference,1.5699999999999994,1.5762365,200810,-0.006236500000000644
LA-XA,200811,2,climatology,reference,1.83,0.8232865,200810,1.0067135
LA-XA,200812,3,climatology,reference,1.9600000000000009,0.408204,200810,1.5517960000000008
LA-XA,200901,1,climatology,reference,0.1407769999999999,0.09775275,200901,0.0430242499999999
LA-XA,200902,2,climatology,reference,0.7866949999999999,0.03872075,200901,0.74797425
LA-XA,200903,3,climatology,reference,0.6127940000000001,0.2171452499999999,200901,0.39564875000000016
LA-XA,200904,1,climatology,reference,2.8624980000000004,0.30977675,200904,2.5527212500000003
LA-XA,200905,2,climatology,reference,4.777046000000006,1.1146125000000002,200904,3.6624335000000054
LA-XA,200906,3,climatology,reference,13.430243,5.670314749999999,200904,7.7599282500000015
LA-XA,200907,1,climatology,reference,22.570512,6.406543500000003,200907,16.163968499999996
LA-XA,200908,2,climatology,reference,13.305413,23.106004,200907,-9.800590999999999
LA-XA,200909,3,climatology,reference,6.654747,6.533184249999995,200907,0.12156275000000516
LA-XA,200910,1,climatology,reference,2.0250260000000004,4.4654025,200910,-2.4403764999999993
LA-XA,200911,2,climatology,reference,3.421968000000001,2.1824275,200910,1.2395405000000008
LA-XA,200912,3,climatology,reference,1.5319850000000006,1.3401602499999998,200910,0.19182475000000077
LA-XE,200801,1,climatology,reference,0.09,0.0157672499999999,200801,0.0742327500000001
LA-XE,200802,2,climatology,reference,0.12,0.00728225,200801,0.11271774999999999
LA-XE,200803,3,climatology,reference,0.0,0.00405975,200801,-0.00405975
LA-XE,200804,1,climatology,reference,0.0246419999999999,0.01893125,200804,0.0057107499999999
LA-XE,200805,2,climatology,reference,0.08,0.0490319999999999,200804,0.0309680000000001
LA-XE,200806,3,climatology,reference,3.15,3.87301125,200804,-0.7230112499999999
LA-XE,200807,1,climatology,reference,0.4000000000000001,0.4383570000000001,200807,-0.03835700000000003
LA-XE,200808,2,climatology,reference,0.1899999999999999,0.5336115000000001,200807,-0.34361150000000024
LA-XE,200809,3,climatology,reference,0.6699999999999999,0.6918269999999999,200807,-0.02182699999999993
LA-XE,200810,1,climatology,reference,0.5599999999999998,0.0499849999999999,200810,0.5100149999999999
LA-XE,200811,2,climatology,reference,0.0246419999999999,0.020021,200810,0.0046209999999998995
LA-XE,200812,3,climatology,reference,0.790321,0.86535475,200810,-0.0750337499999999
LA-XE,200901,1,climatology,reference,0.074529,0.00637675,200901,0.06815225
LA-XE,200902,2,climatology,reference,1.371372,1.8795005,200901,-0.5081285
LA-XE,200903,3,climatology,reference,2.0,1.75755275,200901,0.2424472499999999
LA-XE,200904,1,climatology,reference,0.8200000000000001,0.521935,200904,0.298065
LA-XE,200905,2,climatology,reference,1.338248,0.97420275,200904,0.3640452500000001
LA-XE,200906,3,climatology,reference,6.6023309999999995,5.86126,200904,0.7410709999999998
LA-XE,200907,1,climatology,reference,26.41924,25.168266749999997,200907,1.2509732500000013
LA-XE,200908,2,climatology,reference,25.883339,22.43472575,200907,3.448613250000001
LA-XE,200909,3,climatology,reference,4.097554,4.09308175,200907,0.0044722500000000664
LA-XE,200910,1,climatology,reference,4.551736,2.796644,200910,1.7550919999999999
LA-XE,200911,2,climatology,reference,2.6199999999999997,5.795607750000002,200910,-3.1756077500000024
LA-XE,200912,3,climatology,reference,6.64,6.98543275,200910,-0.3454327500000005
LA-XI,200801,1,climatology,reference,0.0,0.0005107499999999,200801,-0.0005107499999999
LA-XI,200802,2,climatology,reference,0.0,0.0001444999999999,200801,-0.0001444999999999
LA-XI,200803,3,climatology,reference,0.0,0.0003409999999999,200801,-0.0003409999999999
LA-XI,200804,1,climatology,reference,0.0,0.005478,200804,-0.005478
LA-XI,200805,2,climatology,reference,0.0,0.0145995,200804,-0.0145995
LA-XI,200806,3,climatology,reference,1.0,0.8408530000000001,200804,0.15914699999999993
LA-XI,200807,1,climatology,reference,0.0,0.3255652499999999,200807,-0.3255652499999999
LA-XI,200808,2,climatology,reference,0.02,0.3256207499999999,200807,-0.3056207499999999
LA-XI,200809,3,climatology,reference,0.01,0.3639719999999995,200807,-0.3539719999999995
LA-XI,200810,1,climatology,reference,0.0,0.0140124999999999,200810,-0.0140124999999999
LA-XI,200811,2,climatology,reference,0.01,0.0035425,200810,0.0064575
LA-XI,200812,3,climatology,reference,0.0,0.0009309999999999,200810,-0.0009309999999999
LA-XI,200901,1,climatology,reference,0.0,0.00125375,200901,-0.00125375
LA-XI,200902,2,climatology,reference,0.0,0.001519,200901,-0.001519
LA-XI,200903,3,climatology,reference,0.0,0.0012149999999999,200901,-0.0012149999999999
LA-XI,200904,1,climatology,reference,0.0,0.00037025,200904,-0.00037025
LA-XI,200905,2,climatology,reference,39.0,38.924908,200904,0.07509199999999794
LA-XI,200906,3,climatology,reference,32.826281,32.83338475,200904,-0.007103749999998854
LA-XI,200907,1,climatology,reference,1.0,0.6998392500000006,200907,0.3001607499999994
LA-XI,200908,2,climatology,reference,9.652562,7.121734,200907,2.5308279999999996
LA-XI,200909,3,climatology,reference,0.0082809999999999,0.4275137499999998,200907,-0.41923274999999993
LA-XI,200910,1,climatology,reference,0.0,0.96271025,200910,-0.96271025
LA-XI,200911,2,climatology,reference,0.0082809999999999,0.3815999999999999,200910,-0.37331899999999996
LA-XI,200912,3,climatology,reference,0.0,0.167857,200910,-0.167857
LA-AT,200801,1,climatology,reference_r1,4.0,2.89589,200801,1.10411
LA-AT,200802,2,climatology,reference_r1,1.63,1.1779190000000002,200801,0.45208099999999973
LA-AT,200803,3,climatology,reference_r1,0.0,0.068366,200801,-0.068366
LA-AT,200804,1,climatology,reference_r1,0.02,0.43204,200804,-0.41203999999999996
LA-AT,200805,2,climatology,reference_r1,3.45,1.3779979999999998,200804,2.0720020000000003
LA-AT,200806,3,climatology,reference_r1,8.86,4.025428,200804,4.834572
LA-AT,200807,1,climatology,reference_r1,4.54,3.4582960000000007,200807,1.0817039999999993
LA-AT,200808,2,climatology,reference_r1,9.47,6.963262,200807,2.5067380000000004
LA-AT,200809,3,climatology,reference_r1,17.57,17.334718000000002,200807,0.235281999999998
LA-AT,200810,1,climatology,reference_r1,38.95,32.554036,200810,6.395963999999999
LA-AT,200811,2,climatology,reference_r1,43.0,35.157385,200810,7.842615000000002
LA-AT,200812,3,climatology,reference_r1,22.28,17.244417,200810,5.035583000000003
LA-AT,200901,1,climatology,reference_r1,17.305124,8.311717,200901,8.993407
LA-AT,200902,2,climatology,reference_r1,45.164529,39.923892,200901,5.2406369999999995
LA-AT,200903,3,climatology,reference_r1,77.0,59.556864999999995,200901,17.443135000000005
LA-AT,200904,1,climatology,reference_r1,98.652562,50.321077,200904,48.331485
LA-AT,200905,2,climatology,reference_r1,0.1242149999999999,47.70569499999999,200904,-47.58147999999999
LA-AT,200906,3,climatology,reference_r1,21.319868,42.66392600000002,200904,-21.344058000000018
LA-AT,200907,1,climatology,reference_r1,61.750116,47.604339,200907,14.145776999999995
LA-AT,200908,2,climatology,reference_r1,17.823736,14.811944,200907,3.011792
LA-AT,200909,3,climatology,reference_r1,10.060613,10.347153,200907,-0.28654000000000046
LA-AT,200910,1,climatology,reference_r1,4.830283999999999,7.440359000000001,200910,-2.610075000000002
LA-AT,200911,2,climatology,reference_r1,13.444083,5.397127000000001,200910,8.046955999999998
LA-AT,200912,3,climatology,reference_r1,4.502959,7.226236999999998,200910,-2.723277999999998
LA-BK,200801,1,climatology,reference_r1,0.81,0.956484,200801,-0.14648399999999995
LA-BK,200802,2,climatology,reference_r1,0.01,9.99999999999994e-05,200801,0.0099
LA-BK,200803,3,climatology,reference_r1,0.01,8.999999999999894e-06,200801,0.009991
LA-BK,200804,1,climatology,reference_r1,0.01,0.0058819999999999,200804,0.0041180000000001
LA-BK,200805,2,climatology,reference_r1,11.64,11.478989,200804,0.16101100000000024
LA-BK,200806,3,climatology,reference_r1,52.17,52.355057,200804,-0.18505700000000047
LA-BK,200807,1,climatology,reference_r1,0.6600000000000001,1.9452689999999997,200807,-1.2852689999999996
LA-BK,200808,2,climatology,reference_r1,6.84,5.807879,200807,1.032121
LA-BK,200809,3,climatology,reference_r1,29.34,20.924205,200807,8.415795
LA-BK,200810,1,climatology,reference_r1,44.92,21.313686000000004,200810,23.606313999999998
LA-BK,200811,2,climatology,reference_r1,55.0,48.309223,200810,6.690776999999997
LA-BK,200812,3,climatology,reference_r1,5.0,3.017966,200810,1.982034
LA-BK,200901,1,climatology,reference_r1,0.6691239999999999,0.448822,200901,0.22030199999999994
LA-BK,200902,2,climatology,reference_r1,0.0082809999999999,0.256761,200901,-0.24848000000000012
LA-BK,200903,3,climatology,reference_r1,0.826281,0.6378340000000002,200901,0.1884469999999998
LA-BK,200904,1,climatology,reference_r1,2.826281,1.312607,200904,1.5136739999999997
LA-BK,200905,2,climatology,reference_r1,71.61762,43.105733,200904,28.511887
LA-BK,200906,3,climatology,reference_r1,206.10648,147.57993599999998,200904,58.52654400000003
LA-BK,200907,1,climatology,reference_r1,209.635455,186.285127,200907,23.35032800000002
LA-BK,200908,2,climatology,reference_r1,106.650017,88.236543,200907,18.413474000000008
LA-BK,200909,3,climatology,reference_r1,43.240067,37.372719999999994,200907,5.867347000000009
LA-BK,200910,1,climatology,reference_r1,23.210034,21.699608000000005,200910,1.5104259999999954
LA-BK,200911,2,climatology,reference_r1,4.5454550000000005,10.195140999999996,200910,-5.6496859999999955
LA-BK,200912,3,climatology,reference_r1,3.313405,5.190629000000001,200910,-1.8772240000000013
LA-BL,200801,1,climatology,reference_r1,5.6899999999999995,5.573864,200801,0.11613599999999913
LA-BL,200802,2,climatology,reference_r1,2.88,5.695522,200801,-2.8155220000000005
LA-BL,200803,3,climatology,reference_r1,2.29,0.4229469999999999,200801,1.867053
LA-BL,200804,1,climatology,reference_r1,2.8299999999999996,1.3831619999999996,200804,1.446838
LA-BL,200805,2,climatology,reference_r1,9.2,4.905915,200804,4.294084999999999
LA-BL,200806,3,climatology,reference_r1,10.070000000000002,6.042021999999999,200804,4.027978000000003
LA-BL,200807,1,climatology,reference_r1,27.62,20.993226999999997,200807,6.626773000000004
LA-BL,200808,2,climatology,reference_r1,19.03,21.226176,200807,-2.1961759999999977
LA-BL,200809,3,climatology,reference_r1,25.370000000000005,19.161669999999994,200807,6.208330000000011
LA-BL,200810,1,climatology,reference_r1,16.870000000000005,10.016667000000002,200810,6.853333000000003
LA-BL,200811,2,climatology,reference_r1,6.290000000000001,4.026722999999999,200810,2.263277000000002
LA-BL,200812,3,climatology,reference_r1,2.05,0.8992849999999999,200810,1.150715
LA-BL,200901,1,climatology,reference_r1,0.7038849999999999,0.729209,200901,-0.025324000000000124
LA-BL,200902,2,climatology,reference_r1,0.926381,1.7155180000000003,200901,-0.7891370000000003
LA-BL,200903,3,climatology,reference_r1,2.5287120000000005,1.093152,200901,1.4355600000000006
LA-BL,200904,1,climatology,reference_r1,2.7938859999999996,0.8236150000000002,200904,1.9702709999999994
LA-BL,200905,2,climatology,reference_r1,17.157429000000004,3.883565,200904,13.273864000000003
LA-BL,200906,3,climatology,reference_r1,16.873330000000003,5.475054999999999,200904,11.398275000000003
LA-BL,200907,1,climatology,reference_r1,20.996472,20.911504000000008,200907,0.08496799999999283
LA-BL,200908,2,climatology,reference_r1,33.260011999999996,7.218784999999997,200907,26.041227
LA-BL,200909,3,climatology,reference_r1,41.130528,7.182751999999994,200907,33.947776000000005
LA-BL,200910,1,climatology,reference_r1,17.210586000000003,5.4901409999999995,200910,11.720445000000003
LA-BL,200911,2,climatology,reference_r1,11.201476,1.8210489999999997,200910,9.380427
LA-BL,200912,3,climatology,reference_r1,1.6965139999999996,0.7696850000000004,200910,0.9268289999999992
LA-CH,200801,1,climatology,reference_r1,47.5,29.687018,200801,17.812982
LA-CH,200802,2,climatology,reference_r1,53.03999999999999,40.304853,200801,12.73514699999999
LA-CH,200803,3,climatology,reference_r1,50.58,51.106643000000005,200801,-0.5266430000000071
LA-CH,200804,1,climatology,reference_r1,31.85,21.933435000000003,200804,9.916564999999999
LA-CH,200805,2,climatology,reference_r1,38.959999999999994,52.212031000000025,200804,-13.25203100000003
LA-CH,200806,3,climatology,reference_r1,127.17000000000002,101.752994,200804,25.417006000000015
LA-CH,200807,1,climatology,reference_r1,41.25,97.40621399999998,200807,-56.15621399999998
LA-CH,200808,2,climatology,reference_r1,42.510000000000005,88.11937699999999,200807,-45.60937699999998
LA-CH,200809,3,climatology,reference_r1,49.599999999999994,122.438271,200807,-72.838271
LA-CH,200810,1,climatology,reference_r1,37.669999999999995,47.403999,200810,-9.733999000000004
LA-CH,200811,2,climatology,reference_r1,41.07000000000001,47.925228,200810,-6.85522799999999
LA-CH,200812,3,climatology,reference_r1,33.34,33.247774,200810,0.0922260000000037
LA-CH,200901,1,climatology,reference_r1,10.890717,10.234985000000002,200901,0.6557319999999986
LA-CH,200902,2,climatology,reference_r1,19.093116999999996,26.421125999999997,200901,-7.3280090000000015
LA-CH,200903,3,climatology,reference_r1,21.42854,21.024416,200901,0.40412400000000304
LA-CH,200904,1,climatology,reference_r1,53.487149,35.857006000000005,200904,17.630142999999997
LA-CH,200905,2,climatology,reference_r1,19.053490000000004,77.111999,200904,-58.058508999999994
LA-CH,200906,3,climatology,reference_r1,30.695037999999997,79.79956299999998,200904,-49.10452499999998
LA-CH,200907,1,climatology,reference_r1,45.004213,70.88572799999997,200907,-25.881514999999972
LA-CH,200908,2,climatology,reference_r1,44.17307600000001,65.03535299999999,200907,-20.862276999999978
LA-CH,200909,3,climatology,reference_r1,32.110839000000006,61.93136199999992,200907,-29.820522999999916
LA-CH,200910,1,climatology,reference_r1,23.227603,20.443419999999996,200910,2.7841830000000023
LA-CH,200911,2,climatology,reference_r1,12.418226999999998,12.404856000000002,200910,0.013370999999995803
LA-CH,200912,3,climatology,reference_r1,14.757385999999997,14.329564000000005,200910,0.42782199999999193
LA-HO,200801,1,climatology,reference_r1,0.01,0.0030659999999999,200801,0.0069340000000001
LA-HO,200802,2,climatology,reference_r1,0.01,0.00097,200801,0.00903
LA-HO,200803,3,climatology,reference_r1,0.01,0.0059159999999999,200801,0.004084000000000101
LA-HO,200804,1,climatology,reference_r1,0.01,0.0077849999999999,200804,0.0022150000000001006
LA-HO,200805,2,climatology,reference_r1,0.0,0.0143429999999999,200804,-0.0143429999999999
LA-HO,200806,3,climatology,reference_r1,0.0599999999999999,0.0085999999999999,200804,0.0514
LA-HO,200807,1,climatology,reference_r1,0.1999999999999999,0.2280589999999991,200807,-0.028058999999999196
LA-HO,200808,2,climatology,reference_r1,0.0,0.3675369999999995,200807,-0.3675369999999995
LA-HO,200809,3,climatology,reference_r1,0.6900000000000002,0.6532730000000004,200807,0.03672699999999973
LA-HO,200810,1,climatology,reference_r1,0.02,0.071268,200810,-0.051267999999999994
LA-HO,200811,2,climatology,reference_r1,0.0,0.008613,200810,-0.008613
LA-HO,200812,3,climatology,reference_r1,0.65,0.902553,200810,-0.252553
LA-HO,200901,1,climatology,reference_r1,0.0082809999999999,0.0180189999999999,200901,-0.009738
LA-HO,200902,2,climatology,reference_r1,0.0082809999999999,0.0215319999999999,200901,-0.013250999999999999
LA-HO,200903,3,climatology,reference_r1,0.0082809999999999,0.024588,200901,-0.0163070000000001
LA-HO,200904,1,climatology,reference_r1,0.0082809999999999,0.005208,200904,0.0030729999999998996
LA-HO,200905,2,climatology,reference_r1,0.0,0.012506,200904,-0.012506
LA-HO,200906,3,climatology,reference_r1,0.049686,0.0416269999999999,200904,0.0080590000000001
LA-HO,200907,1,climatology,reference_r1,0.16562,0.3458800000000002,200907,-0.1802600000000002
LA-HO,200908,2,climatology,reference_r1,0.0,0.6387629999999991,200907,-0.6387629999999991
LA-HO,200909,3,climatology,reference_r1,0.5699339999999999,0.7578110000000002,200907,-0.1878770000000003
LA-HO,200910,1,climatology,reference_r1,0.834562,0.559631,200910,0.27493100000000004
LA-HO,200911,2,climatology,reference_r1,1.0,0.824841,200910,0.17515899999999995
LA-HO,200912,3,climatology,reference_r1,0.53681,0.865054,200910,-0.328244
LA-KH,200801,1,climatology,reference_r1,1.1499999999999997,0.7367740000000003,200801,0.4132259999999994
LA-KH,200802,2,climatology,reference_r1,0.1499999999999999,0.104993,200801,0.04500699999999991
LA-KH,200803,3,climatology,reference_r1,0.04,0.07538,200801,-0.03538
LA-KH,200804,1,climatology,reference_r1,0.1099999999999999,0.4573239999999998,200804,-0.34732399999999986
LA-KH,200805,2,climatology,reference_r1,1.38,1.3179600000000002,200804,0.06203999999999965
LA-KH,200806,3,climatology,reference_r1,8.940000000000001,2.6881449999999996,200804,6.251855000000002
LA-KH,200807,1,climatology,reference_r1,35.06999999999999,4.0386040000000065,200807,31.031395999999987
LA-KH,200808,2,climatology,reference_r1,37.92,4.381444999999999,200807,33.538555
LA-KH,200809,3,climatology,reference_r1,14.089999999999996,4.129304999999995,200807,9.960695000000001
LA-KH,200810,1,climatology,reference_r1,5.470000000000001,0.7146050000000002,200810,4.755395
LA-KH,200811,2,climatology,reference_r1,1.4299999999999995,1.5712550000000003,200810,-0.1412550000000008
LA-KH,200812,3,climatology,reference_r1,3.69,3.204727,200810,0.48527299999999984
LA-KH,200901,1,climatology,reference_r1,0.9523149999999996,0.096453,200901,0.8558619999999996
LA-KH,200902,2,climatology,reference_r1,0.1242149999999999,0.013026,200901,0.1111889999999999
LA-KH,200903,3,climatology,reference_r1,5.305124,4.723357,200901,0.5817670000000001
LA-KH,200904,1,climatology,reference_r1,0.091091,0.3748060000000001,200904,-0.28371500000000005
LA-KH,200905,2,climatology,reference_r1,4.0487779999999995,2.250412,200904,1.7983659999999997
LA-KH,200906,3,climatology,reference_r1,46.36775900000001,66.41575,200904,-20.047990999999996
LA-KH,200907,1,climatology,reference_r1,68.223464,115.296474,200907,-47.07301
LA-KH,200908,2,climatology,reference_r1,171.36027,249.068595,200907,-77.70832499999997
LA-KH,200909,3,climatology,reference_r1,187.121383,217.711044,200907,-30.58966099999998
LA-KH,200910,1,climatology,reference_r1,57.593343,43.99278899999999,200910,13.60055400000001
LA-KH,200911,2,climatology,reference_r1,54.814001,20.173246,200910,34.640755
LA-KH,200912,3,climatology,reference_r1,52.764233,27.153737000000003,200910,25.610495999999994
LA-LM,200801,1,climatology,reference_r1,0.0,0.0001209999999999,200801,-0.0001209999999999
LA-LM,200802,2,climatology,reference_r1,0.0,6.399999999999982e-05,200801,-6.399999999999982e-05
LA-LM,200803,3,climatology,reference_r1,0.0499999999999999,1.600000000000039e-05,200801,0.0499839999999999
LA-LM,200804,1,climatology,reference_r1,0.01,0.0001999999999999,200804,0.0098000000000001
LA-LM,200805,2,climatology,reference_r1,0.0,0.0012269999999999,200804,-0.0012269999999999
LA-LM,200806,3,climatology,reference_r1,0.0,0.0017109999999999,200804,-0.0017109999999999
LA-LM,200807,1,climatology,reference_r1,0.0499999999999999,0.915139,200807,-0.8651390000000001
LA-LM,200808,2,climatology,reference_r1,0.0299999999999999,0.5213650000000012,200807,-0.4913650000000013
LA-LM,200809,3,climatology,reference_r1,0.0,0.7953309999999991,200807,-0.7953309999999991
LA-LM,200810,1,climatology,reference_r1,0.09,0.030305,200810,0.059695
LA-LM,200811,2,climatology,reference_r1,0.02,0.002114,200810,0.017886
LA-LM,200812,3,climatology,reference_r1,0.0,0.0005739999999999,200810,-0.0005739999999999
LA-LM,200901,1,climatology,reference_r1,0.0,0.0001209999999999,200901,-0.0001209999999999
LA-LM,200902,2,climatology,reference_r1,0.0,0.000122,200901,-0.000122
LA-LM,200903,3,climatology,reference_r1,0.041405,0.000365,200901,0.04104
LA-LM,200904,1,climatology,reference_r1,0.826281,0.96237,200904,-0.1360889999999999
LA-LM,200905,2,climatology,reference_r1,0.0,0.005372,200904,-0.005372
LA-LM,200906,3,climatology,reference_r1,2.0,1.751769,200904,0.2482310000000001
LA-LM,200907,1,climatology,reference_r1,0.677405,1.1468290000000003,200907,-0.4694240000000003
LA-LM,200908,2,climatology,reference_r1,0.024843,1.3371250000000003,200907,-1.3122820000000004
LA-LM,200909,3,climatology,reference_r1,4.0,2.265937000000001,200907,1.734062999999999
LA-LM,200910,1,climatology,reference_r1,4.164529,2.5933539999999997,200910,1.5711750000000002
LA-LM,200911,2,climatology,reference_r1,5.652562,4.743421,200910,0.909141
LA-LM,200912,3,climatology,reference_r1,4.0,3.2928680000000004,200910,0.7071319999999996
LA-LP,200801,1,climatology,reference_r1,0.1999999999999999,0.875329,200801,-0.6753290000000001
LA-LP,200802,2,climatology,reference_r1,13.92,13.986595,200801,-0.06659499999999952
LA-LP,200803,3,climatology,reference_r1,20.81,20.378937,200801,0.4310629999999982
LA-LP,200804,1,climatology,reference_r1,31.229999999999997,16.986800000000002,200804,14.243199999999995
LA-LP,200805,2,climatology,reference_r1,107.3,72.08313000000001,200804,35.216869999999986
LA-LP,200806,3,climatology,reference_r1,132.97,86.585332,200804,46.384668000000005
LA-LP,200807,1,climatology,reference_r1,10.659999999999998,10.268976000000002,200807,0.39102399999999626
LA-LP,200808,2,climatology,reference_r1,12.43,8.381991,200807,4.048009
LA-LP,200809,3,climatology,reference_r1,10.5,9.104114,200807,1.3958860000000008
LA-LP,200810,1,climatology,reference_r1,9.55,17.309168,200810,-7.759167999999999
LA-LP,200811,2,climatology,reference_r1,103.0,108.263872,200810,-5.263872000000006
LA-LP,200812,3,climatology,reference_r1,126.82,158.113551,200810,-31.293551000000008
LA-LP,200901,1,climatology,reference_r1,0.16562,8.092224000000002,200901,-7.926604000000002
LA-LP,200902,2,climatology,reference_r1,0.5962320000000001,4.90015,200901,-4.3039179999999995
LA-LP,200903,3,climatology,reference_r1,0.4720169999999997,12.062924000000002,200901,-11.590907000000003
LA-LP,200904,1,climatology,reference_r1,0.8104469999999999,11.446195,200904,-10.635748
LA-LP,200905,2,climatology,reference_r1,3.589589,32.951622,200904,-29.362033
LA-LP,200906,3,climatology,reference_r1,5.813261999999998,75.091924,200904,-69.27866200000001
LA-LP,200907,1,climatology,reference_r1,4.452995999999999,20.167692,200907,-15.714696
LA-LP,200908,2,climatology,reference_r1,8.377825999999999,20.986515999999995,200907,-12.608689999999996
LA-LP,200909,3,climatology,reference_r1,238.358321,277.10956699999997,200907,-38.75124599999998
LA-LP,200910,1,climatology,reference_r1,126.23871400000002,65.535988,200910,60.70272600000001
LA-LP,200911,2,climatology,reference_r1,61.383126999999995,42.4217,200910,18.961426999999993
LA-LP,200912,3,climatology,reference_r1,7.821726000000002,6.162929,200910,1.6587970000000016
LA-OU,200801,1,climatology,reference_r1,0.0,0.000905,200801,-0.000905
LA-OU,200802,2,climatology,reference_r1,0.0,0.0002559999999999,200801,-0.0002559999999999
LA-OU,200803,3,climatology,reference_r1,0.0,4.900000000000043e-05,200801,-4.900000000000043e-05
LA-OU,200804,1,climatology,reference_r1,0.0,0.000905,200804,-0.000905
LA-OU,200805,2,climatology,reference_r1,0.01,0.005827,200804,0.0041730000000000005
LA-OU,200806,3,climatology,reference_r1,0.01,0.0141019999999999,200804,-0.004101999999999899
LA-OU,200807,1,climatology,reference_r1,0.04,1.6279299999999992,200807,-1.5879299999999992
LA-OU,200808,2,climatology,reference_r1,0.12,1.1273920000000004,200807,-1.0073920000000003
LA-OU,200809,3,climatology,reference_r1,0.04,1.3167809999999989,200807,-1.2767809999999988
LA-OU,200810,1,climatology,reference_r1,0.0799999999999999,0.0403799999999999,200810,0.03962
LA-OU,200811,2,climatology,reference_r1,0.01,0.0042979999999999,200810,0.0057020000000001
LA-OU,200812,3,climatology,reference_r1,0.0,0.0008219999999999,200810,-0.0008219999999999
LA-OU,200901,1,climatology,reference_r1,0.0,0.000289,200901,-0.000289
LA-OU,200902,2,climatology,reference_r1,0.0,3.600000000000044e-05,200901,-3.600000000000044e-05
LA-OU,200903,3,climatology,reference_r1,0.0,0.000685,200901,-0.000685
LA-OU,200904,1,climatology,reference_r1,0.0,0.0010379999999999,200904,-0.0010379999999999
LA-OU,200905,2,climatology,reference_r1,0.0082809999999999,0.0053129999999999,200904,0.0029679999999999993
LA-OU,200906,3,climatology,reference_r1,0.0082809999999999,0.0156699999999999,200904,-0.007389
LA-OU,200907,1,climatology,reference_r1,0.0331239999999999,2.364044,200907,-2.33092
LA-OU,200908,2,climatology,reference_r1,0.7353719999999999,2.6968359999999976,200907,-1.9614639999999977
LA-OU,200909,3,climatology,reference_r1,14.669124,8.770896999999998,200907,5.898227000000002
LA-OU,200910,1,climatology,reference_r1,4.974247999999999,2.1991160000000005,200910,2.775131999999999
LA-OU,200911,2,climatology,reference_r1,12.826281,9.566518,200910,3.2597629999999995
LA-OU,200912,3,climatology,reference_r1,18.0,16.101063,200910,1.898937
LA-PH,200901,1,climatology,reference_r1,0.0,0.0146789999999999,200901,-0.0146789999999999
LA-PH,200902,2,climatology,reference_r1,0.0,0.019336,200901,-0.019336
LA-PH,200903,3,climatology,reference_r1,0.0,0.021245,200901,-0.021245
LA-PH,200904,1,climatology,reference_r1,0.0,0.0038929999999999,200904,-0.0038929999999999
LA-PH,200905,2,climatology,reference_r1,0.0,0.006921,200904,-0.006921
LA-PH,200906,3,climatology,reference_r1,0.0,0.030276,200904,-0.030276
LA-PH,200907,1,climatology,reference_r1,0.0,0.2014949999999995,200907,-0.2014949999999995
LA-PH,200909,3,climatology,reference_r1,0.04,0.2726230000000003,200907,-0.23262300000000027
LA-PH,200910,1,climatology,reference_r1,0.0,0.018159,200910,-0.018159
LA-PH,200911,2,climatology,reference_r1,0.0,0.0057829999999999,200910,-0.0057829999999999
LA-PH,200912,3,climatology,reference_r1,0.0,0.0010329999999999,200910,-0.0010329999999999
LA-SL,200801,1,climatology,reference_r1,0.1099999999999999,0.93596,200801,-0.8259600000000001
LA-SL,200802,2,climatology,reference_r1,1.0,0.3921460000000001,200801,0.6078539999999999
LA-SL,200803,3,climatology,reference_r1,4.62,3.692026,200801,0.9279740000000003
LA-SL,200804,1,climatology,reference_r1,2.0,0.8494930000000003,200804,1.1505069999999997
LA-SL,200805,2,climatology,reference_r1,82.75,89.52403,200804,-6.774029999999996
LA-SL,200806,3,climatology,reference_r1,206.97,188.157378,200804,18.812622000000005
LA-SL,200807,1,climatology,reference_r1,75.25,49.670201000000006,200807,25.579798999999994
LA-SL,200808,2,climatology,reference_r1,52.45,39.471311,200807,12.978689000000003
LA-SL,200809,3,climatology,reference_r1,76.05,56.592414000000005,200807,19.457585999999992
LA-SL,200810,1,climatology,reference_r1,89.54,39.311372,200810,50.22862800000001
LA-SL,200811,2,climatology,reference_r1,19.16,7.296982000000002,200810,11.863017999999999
LA-SL,200812,3,climatology,reference_r1,5.69,2.8325199999999997,200810,2.8574800000000007
LA-SL,200901,1,climatology,reference_r1,0.545091,1.774387,200901,-1.229296
LA-SL,200902,2,climatology,reference_r1,23.826281,19.839352,200901,3.986929
LA-SL,200903,3,climatology,reference_r1,23.817091,13.149506,200901,10.667585
LA-SL,200904,1,climatology,reference_r1,18.652562,5.698871999999998,200904,12.953690000000002
LA-SL,200905,2,climatology,reference_r1,83.899938,46.334152,200904,37.565786
LA-SL,200906,3,climatology,reference_r1,30.133145000000003,28.17270000000001,200904,1.9604449999999929
LA-SL,200907,1,climatology,reference_r1,148.17646399999998,114.07736200000002,200907,34.09910199999996
LA-SL,200908,2,climatology,reference_r1,107.331804,88.702064,200907,18.629740000000012
LA-SL,200909,3,climatology,reference_r1,68.83130799999999,62.36598299999997,200907,6.465325000000021
LA-SL,200910,1,climatology,reference_r1,76.984001,34.802546,200910,42.18145500000001
LA-SL,200911,2,climatology,reference_r1,38.830017000000005,15.498442,200910,23.331575000000004
LA-SL,200912,3,climatology,reference_r1,13.699703,7.528991000000001,200910,6.170711999999998
LA-SV,200801,1,climatology,reference_r1,1.7800000000000002,5.547417000000001,200801,-3.767417000000001
LA-SV,200802,2,climatology,reference_r1,0.6200000000000001,1.0893490000000003,200801,-0.46934900000000024
LA-SV,200803,3,climatology,reference_r1,1.42,0.48614,200801,0.9338599999999999
LA-SV,200804,1,climatology,reference_r1,6.08,3.279536,200804,2.8004640000000003
LA-SV,200805,2,climatology,reference_r1,27.53,7.876780999999999,200804,19.653219
LA-SV,200806,3,climatology,reference_r1,67.57,28.380984,200804,39.189015999999995
LA-SV,200807,1,climatology,reference_r1,150.21999999999997,23.881301000000008,200807,126.33869899999996
LA-SV,200808,2,climatology,reference_r1,140.25,21.63117299999999,200807,118.61882700000001
LA-SV,200809,3,climatology,reference_r1,115.49,22.400266999999985,200807,93.08973300000001
LA-SV,200810,1,climatology,reference_r1,53.19,3.8406100000000007,200810,49.34939
LA-SV,200811,2,climatology,reference_r1,12.810000000000002,0.7682600000000002,200810,12.041740000000003
LA-SV,200812,3,climatology,reference_r1,8.030000000000001,0.3406360000000001,200810,7.689364000000001
LA-SV,200901,1,climatology,reference_r1,1.7460180000000003,0.0859659999999999,200901,1.6600520000000003
LA-SV,200902,2,climatology,reference_r1,0.6034219999999999,0.0134819999999999,200901,0.58994
LA-SV,200903,3,climatology,reference_r1,1.0848110000000002,0.11032,200901,0.9744910000000002
LA-SV,200904,1,climatology,reference_r1,5.027028,0.174683,200904,4.852345
LA-SV,200905,2,climatology,reference_r1,23.760858999999996,1.249162,200904,22.511696999999998
LA-SV,200906,3,climatology,reference_r1,63.428528,1.7302809999999995,200904,61.698247
LA-SV,200907,1,climatology,reference_r1,123.24315,30.152889999999957,200907,93.09026000000004
LA-SV,200908,2,climatology,reference_r1,102.30625,30.933273999999983,200907,71.37297600000002
LA-SV,200909,3,climatology,reference_r1,77.799763,36.888075999999955,200907,40.91168700000004
LA-SV,200910,1,climatology,reference_r1,41.95170999999999,6.586860999999999,200910,35.36484899999999
LA-SV,200911,2,climatology,reference_r1,12.497231,16.811281,200910,-4.314050000000002
LA-SV,200912,3,climatology,reference_r1,6.103097000000002,1.8371329999999997,200910,4.265964000000002
LA-VT,200801,1,climatology,reference_r1,10.87,10.714584000000002,200801,0.1554159999999971
LA-VT,200802,2,climatology,reference_r1,9.38,3.996601000000001,200801,5.383399
LA-VT,200803,3,climatology,reference_r1,4.52,16.522857000000002,200801,-12.002857000000002
LA-VT,200804,1,climatology,reference_r1,36.69,11.819135,200804,24.870865
LA-VT,200805,2,climatology,reference_r1,62.27,25.304015999999997,200804,36.965984000000006
LA-VT,200806,3,climatology,reference_r1,83.00999999999999,72.77900499999998,200804,10.230995000000007
LA-VT,200807,1,climatology,reference_r1,191.24999999999997,79.62387999999999,200807,111.62611999999999
LA-VT,200808,2,climatology,reference_r1,165.86,84.09198400000002,200807,81.76801599999999
LA-VT,200809,3,climatology,reference_r1,113.29999999999998,96.71268599999996,200807,16.58731400000002
LA-VT,200810,1,climatology,reference_r1,129.48000000000002,35.38703000000001,200810,94.09297000000001
LA-VT,200811,2,climatology,reference_r1,36.84,61.523733,200810,-24.683732999999997
LA-VT,200812,3,climatology,reference_r1,17.979999999999997,53.204702,200810,-35.224702
LA-VT,200901,1,climatology,reference_r1,7.815081999999997,19.474863,200901,-11.659781000000002
LA-VT,200902,2,climatology,reference_r1,3.934482,14.463068,200901,-10.528586
LA-VT,200903,3,climatology,reference_r1,7.282829999999999,6.282218,200901,1.0006119999999985
LA-VT,200904,1,climatology,reference_r1,9.680054000000002,10.609374,200904,-0.9293199999999988
LA-VT,200905,2,climatology,reference_r1,27.720475,108.37036799999998,200904,-80.64989299999999
LA-VT,200906,3,climatology,reference_r1,38.075081999999995,166.441737,200904,-128.36665499999998
LA-VT,200907,1,climatology,reference_r1,86.36204900000001,180.23592699999995,200907,-93.87387799999993
LA-VT,200908,2,climatology,reference_r1,101.891894,206.069892,200907,-104.17799800000002
LA-VT,200909,3,climatology,reference_r1,112.384425,279.660473,200907,-167.27604800000003
LA-VT,200910,1,climatology,reference_r1,145.485435,193.724737,200910,-48.23930200000001
LA-VT,200911,2,climatology,reference_r1,297.66520299999996,279.928436,200910,17.736766999999986
LA-VT,200912,3,climatology,reference_r1,224.551238,210.736437,200910,13.814801000000017
LA-XA,200801,1,climatology,reference_r1,0.17,1.1126930000000002,200801,-0.9426930000000001
LA-XA,200802,2,climatology,reference_r1,0.9500000000000002,0.234801,200801,0.7151990000000001
LA-XA,200803,3,climatology,reference_r1,0.7399999999999998,0.139513,200801,0.6004869999999998
LA-XA,200804,1,climatology,reference_r1,3.460000000000001,0.7268720000000002,200804,2.7331280000000007
LA-XA,200805,2,climatology,reference_r1,5.659999999999997,1.3175499999999998,200804,4.342449999999997
LA-XA,200806,3,climatology,reference_r1,14.03,2.1461239999999995,200804,11.883876
LA-XA,200807,1,climatology,reference_r1,24.69,10.850281999999993,200807,13.839718000000008
LA-XA,200808,2,climatology,reference_r1,9.729999999999997,4.105643000000001,200807,5.624356999999996
LA-XA,200809,3,climatology,reference_r1,4.75,2.502944999999997,200807,2.247055000000003
LA-XA,200810,1,climatology,reference_r1,1.5699999999999994,1.5478009999999998,200810,0.022198999999999636
LA-XA,200811,2,climatology,reference_r1,1.83,0.7231389999999998,200810,1.1068610000000003
LA-XA,200812,3,climatology,reference_r1,1.9600000000000009,0.394121,200810,1.565879000000001
LA-XA,200901,1,climatology,reference_r1,0.1407769999999999,0.0975379999999999,200901,0.043239
LA-XA,200902,2,climatology,reference_r1,0.7866949999999999,0.030936,200901,0.755759
LA-XA,200903,3,climatology,reference_r1,0.6127940000000001,0.212916,200901,0.39987800000000007
LA-XA,200904,1,climatology,reference_r1,2.8624980000000004,0.2745100000000001,200904,2.587988
LA-XA,200905,2,climatology,reference_r1,4.777046000000006,1.0569640000000002,200904,3.7200820000000054
LA-XA,200906,3,climatology,reference_r1,13.430243,5.6558589999999995,200904,7.774384000000001
LA-XA,200907,1,climatology,reference_r1,22.570512,6.654525,200907,15.915987000000001
LA-XA,200908,2,climatology,reference_r1,13.305413,22.004283,200907,-8.698870000000001
LA-XA,200909,3,climatology,reference_r1,6.654747,6.667822999999991,200907,-0.013075999999990984
LA-XA,200910,1,climatology,reference_r1,2.0250260000000004,4.262353999999998,200910,-2.237327999999998
LA-XA,200911,2,climatology,reference_r1,3.421968000000001,1.7879880000000004,200910,1.6339800000000007
LA-XA,200912,3,climatology,reference_r1,1.5319850000000006,1.54066,200910,-0.008674999999999322
LA-XE,200801,1,climatology,reference_r1,0.09,0.014126,200801,0.075874
LA-XE,200802,2,climatology,reference_r1,0.12,0.00859,200801,0.11141
LA-XE,200803,3,climatology,reference_r1,0.0,0.003414,200801,-0.003414
LA-XE,200804,1,climatology,reference_r1,0.0246419999999999,0.0088569999999999,200804,0.015785
LA-XE,200805,2,climatology,reference_r1,0.08,0.037743,200804,0.042257
LA-XE,200806,3,climatology,reference_r1,3.15,4.076605000000001,200804,-0.9266050000000008
LA-XE,200807,1,climatology,reference_r1,0.4000000000000001,0.2786010000000001,200807,0.12139899999999998
LA-XE,200808,2,climatology,reference_r1,0.1899999999999999,0.3408239999999995,200807,-0.15082399999999963
LA-XE,200809,3,climatology,reference_r1,0.6699999999999999,0.646874,200807,0.02312599999999998
LA-XE,200810,1,climatology,reference_r1,0.5599999999999998,0.0473129999999999,200810,0.5126869999999999
LA-XE,200811,2,climatology,reference_r1,0.0246419999999999,0.0126799999999999,200810,0.011962
LA-XE,200812,3,climatology,reference_r1,0.790321,0.896913,200810,-0.10659199999999991
LA-XE,200901,1,climatology,reference_r1,0.074529,0.0067139999999999,200901,0.0678150000000001
LA-XE,200902,2,climatology,reference_r1,1.371372,1.873414,200901,-0.5020419999999999
LA-XE,200903,3,climatology,reference_r1,2.0,1.755445,200901,0.24455500000000008
LA-XE,200904,1,climatology,reference_r1,0.8200000000000001,0.534985,200904,0.285015
LA-XE,200905,2,climatology,reference_r1,1.338248,0.924619,200904,0.41362900000000014
LA-XE,200906,3,climatology,reference_r1,6.6023309999999995,5.835069,200904,0.7672619999999997
LA-XE,200907,1,climatology,reference_r1,26.41924,24.722913999999996,200907,1.6963260000000027
LA-XE,200908,2,climatology,reference_r1,25.883339,22.169993,200907,3.713345999999998
LA-XE,200909,3,climatology,reference_r1,4.097554,4.003242999999999,200907,0.09431100000000026
LA-XE,200910,1,climatology,reference_r1,4.551736,2.638095999999999,200910,1.913640000000001
LA-XE,200911,2,climatology,reference_r1,2.6199999999999997,2.4022140000000007,200910,0.21778599999999892
LA-XE,200912,3,climatology,reference_r1,6.64,6.235538999999999,200910,0.4044610000000004
LA-XI,200801,1,climatology,reference_r1,0.0,0.000445,200801,-0.000445
LA-XI,200802,2,climatology,reference_r1,0.0,0.000226,200801,-0.000226
LA-XI,200803,3,climatology,reference_r1,0.0,0.0004499999999999,200801,-0.0004499999999999
LA-XI,200804,1,climatology,reference_r1,0.0,0.0002979999999999,200804,-0.0002979999999999
LA-XI,200805,2,climatology,reference_r1,0.0,0.001346,200804,-0.001346
LA-XI,200806,3,climatology,reference_r1,1.0,0.935106,200804,0.06489400000000001
LA-XI,200807,1,climatology,reference_r1,0.0,0.2479899999999997,200807,-0.2479899999999997
LA-XI,200808,2,climatology,reference_r1,0.02,0.2407529999999997,200807,-0.2207529999999997
LA-XI,200809,3,climatology,reference_r1,0.01,0.247541,200807,-0.237541
LA-XI,200810,1,climatology,reference_r1,0.0,0.0105359999999999,200810,-0.0105359999999999
LA-XI,200811,2,climatology,reference_r1,0.01,0.0017099999999999,200810,0.0082900000000001
LA-XI,200812,3,climatology,reference_r1,0.0,0.0007599999999999,200810,-0.0007599999999999
LA-XI,200901,1,climatology,reference_r1,0.0,0.000902,200901,-0.000902
LA-XI,200902,2,climatology,reference_r1,0.0,0.001051,200901,-0.001051
LA-XI,200903,3,climatology,reference_r1,0.0,0.0015239999999999,200901,-0.0015239999999999
LA-XI,200904,1,climatology,reference_r1,0.0,0.0002669999999999,200904,-0.0002669999999999
LA-XI,200905,2,climatology,reference_r1,39.0,38.934755,200904,0.06524499999999733
LA-XI,200906,3,climatology,reference_r1,32.826281,32.807079,200904,0.01920199999999994
LA-XI,200907,1,climatology,reference_r1,1.0,0.7653860000000012,200907,0.23461399999999877
LA-XI,200908,2,climatology,reference_r1,9.652562,6.952957999999999,200907,2.699604000000001
LA-XI,200909,3,climatology,reference_r1,0.0082809999999999,0.5359949999999998,200907,-0.5277139999999999
LA-XI,200910,1,climatology,reference_r1,0.0,1.1083820000000002,200910,-1.1083820000000002
LA-XI,200911,2,climatology,reference_r1,0.0082809999999999,0.3309709999999999,200910,-0.32269000000000003
LA-XI,200912,3,climatology,reference_r1,0.0,0.180008,200910,-0.180008
LA-AT,200801,1,climatology,reference_r2,4.0,2.870029,200801,1.1299709999999998
LA-AT,200802,2,climatology,reference_r2,1.63,1.166247,200801,0.46375299999999986
LA-AT,200803,3,climatology,reference_r2,0.0,0.0779409999999999,200801,-0.0779409999999999
LA-AT,200804,1,climatology,reference_r2,0.02,0.4965809999999999,200804,-0.47658099999999987
LA-AT,200805,2,climatology,reference_r2,3.45,2.053591,200804,1.3964090000000002
LA-AT,200806,3,climatology,reference_r2,8.86,5.099836,200804,3.7601639999999996
LA-AT,200807,1,climatology,reference_r2,4.54,3.6795430000000096,200807,0.8604569999999905
LA-AT,200808,2,climatology,reference_r2,9.47,6.903518999999996,200807,2.566481000000005
LA-AT,200809,3,climatology,reference_r2,17.57,17.34541,200807,0.22458999999999918
LA-AT,200810,1,climatology,reference_r2,38.95,30.636712000000003,200810,8.313288
LA-AT,200811,2,climatology,reference_r2,43.0,36.745142,200810,6.254857999999999
LA-AT,200812,3,climatology,reference_r2,22.28,17.612139,200810,4.667861000000002
LA-AT,200901,1,climatology,reference_r2,17.305124,8.47136,200901,8.833763999999999
LA-AT,200902,2,climatology,reference_r2,45.164529,39.265982,200901,5.898547000000001
LA-AT,200903,3,climatology,reference_r2,77.0,59.574331,200901,17.425669
LA-AT,200904,1,climatology,reference_r2,98.652562,49.116268,200904,49.536294000000005
LA-AT,200905,2,climatology,reference_r2,0.1242149999999999,51.268833999999984,200904,-51.144618999999985
LA-AT,200906,3,climatology,reference_r2,21.319868,35.279944,200904,-13.960076
LA-AT,200907,1,climatology,reference_r2,61.750116,47.680179,200907,14.069936999999996
LA-AT,200908,2,climatology,reference_r2,17.823736,14.664608,200907,3.159128000000001
LA-AT,200909,3,climatology,reference_r2,10.060613,9.823124,200907,0.23748900000000006
LA-AT,200910,1,climatology,reference_r2,4.830283999999999,5.629828,200910,-0.7995440000000009
LA-AT,200911,2,climatology,reference_r2,13.444083,7.106491000000002,200910,6.337591999999997
LA-AT,200912,3,climatology,reference_r2,4.502959,4.375648999999999,200910,0.12731000000000048
LA-BK,200801,1,climatology,reference_r2,0.81,0.948692,200801,-0.13869199999999993
LA-BK,200802,2,climatology,reference_r2,0.01,9.99999999999916e-07,200801,0.009999000000000001
LA-BK,200803,3,climatology,reference_r2,0.01,5.00000000000023e-06,200801,0.009995
LA-BK,200804,1,climatology,reference_r2,0.01,0.0919389999999999,200804,-0.0819389999999999
LA-BK,200805,2,climatology,reference_r2,11.64,8.282046999999999,200804,3.357953000000002
LA-BK,200806,3,climatology,reference_r2,52.17,46.60701,200804,5.562989999999999
LA-BK,200807,1,climatology,reference_r2,0.6600000000000001,1.8842029999999992,200807,-1.224202999999999
LA-BK,200808,2,climatology,reference_r2,6.84,5.801938,200807,1.038062
LA-BK,200809,3,climatology,reference_r2,29.34,21.645176,200807,7.6948240000000006
LA-BK,200810,1,climatology,reference_r2,44.92,22.942771000000008,200810,21.977228999999994
LA-BK,200811,2,climatology,reference_r2,55.0,48.272275,200810,6.7277249999999995
LA-BK,200812,3,climatology,reference_r2,5.0,2.9151080000000005,200810,2.0848919999999995
LA-BK,200901,1,climatology,reference_r2,0.6691239999999999,0.463794,200901,0.20532999999999996
LA-BK,200902,2,climatology,reference_r2,0.0082809999999999,0.269102,200901,-0.2608210000000001
LA-BK,200903,3,climatology,reference_r2,0.826281,0.586875,200901,0.239406
LA-BK,200904,1,climatology,reference_r2,2.826281,1.318219,200904,1.5080619999999998
LA-BK,200905,2,climatology,reference_r2,71.61762,43.200038,200904,28.417582000000003
LA-BK,200906,3,climatology,reference_r2,206.10648,146.591438,200904,59.515041999999994
LA-BK,200907,1,climatology,reference_r2,209.635455,184.315415,200907,25.320040000000006
LA-BK,200908,2,climatology,reference_r2,106.650017,90.208952,200907,16.44106500000001
LA-BK,200909,3,climatology,reference_r2,43.240067,39.497511,200907,3.7425560000000004
LA-BK,200910,1,climatology,reference_r2,23.210034,21.675027,200910,1.5350070000000002
LA-BK,200911,2,climatology,reference_r2,4.5454550000000005,16.155339999999995,200910,-11.609884999999995
LA-BK,200912,3,climatology,reference_r2,3.313405,4.625311999999999,200910,-1.3119069999999993
LA-BL,200801,1,climatology,reference_r2,5.6899999999999995,5.211004,200801,0.47899599999999953
LA-BL,200802,2,climatology,reference_r2,2.88,5.742271,200801,-2.862271
LA-BL,200803,3,climatology,reference_r2,2.29,0.3935499999999999,200801,1.8964500000000002
LA-BL,200804,1,climatology,reference_r2,2.8299999999999996,1.801488,200804,1.0285119999999996
LA-BL,200805,2,climatology,reference_r2,9.2,11.091016,200804,-1.8910160000000005
LA-BL,200806,3,climatology,reference_r2,10.070000000000002,11.807714,200804,-1.7377139999999986
LA-BL,200807,1,climatology,reference_r2,27.62,19.489928999999997,200807,8.130071000000004
LA-BL,200808,2,climatology,reference_r2,19.03,20.422767,200807,-1.3927669999999992
LA-BL,200809,3,climatology,reference_r2,25.370000000000005,18.832101999999992,200807,6.537898000000013
LA-BL,200810,1,climatology,reference_r2,16.870000000000005,10.138714000000004,200810,6.731286000000001
LA-BL,200811,2,climatology,reference_r2,6.290000000000001,3.98417,200810,2.3058300000000007
LA-BL,200812,3,climatology,reference_r2,2.05,0.9679320000000002,200810,1.0820679999999996
LA-BL,200901,1,climatology,reference_r2,0.7038849999999999,0.727095,200901,-0.023210000000000175
LA-BL,200902,2,climatology,reference_r2,0.926381,1.7457879999999997,200901,-0.8194069999999997
LA-BL,200903,3,climatology,reference_r2,2.5287120000000005,0.9977959999999996,200901,1.5309160000000008
LA-BL,200904,1,climatology,reference_r2,2.7938859999999996,0.7688329999999999,200904,2.0250529999999998
LA-BL,200905,2,climatology,reference_r2,17.157429000000004,4.063975000000001,200904,13.093454000000003
LA-BL,200906,3,climatology,reference_r2,16.873330000000003,5.191542999999999,200904,11.681787000000003
LA-BL,200907,1,climatology,reference_r2,20.996472,21.442379000000003,200907,-0.44590700000000183
LA-BL,200908,2,climatology,reference_r2,33.260011999999996,5.833576000000001,200907,27.426435999999995
LA-BL,200909,3,climatology,reference_r2,41.130528,5.436509999999998,200907,35.694018
LA-BL,200910,1,climatology,reference_r2,17.210586000000003,5.468042999999998,200910,11.742543000000005
LA-BL,200911,2,climatology,reference_r2,11.201476,2.460592,200910,8.740884
LA-BL,200912,3,climatology,reference_r2,1.6965139999999996,0.6904659999999998,200910,1.0060479999999998
LA-CH,200801,1,climatology,reference_r2,47.5,29.400878,200801,18.099122
LA-CH,200802,2,climatology,reference_r2,53.03999999999999,41.710931,200801,11.32906899999999
LA-CH,200803,3,climatology,reference_r2,50.58,48.63571,200801,1.9442899999999952
LA-CH,200804,1,climatology,reference_r2,31.85,36.551064,200804,-4.701063999999995
LA-CH,200805,2,climatology,reference_r2,38.959999999999994,61.931813000000005,200804,-22.97181300000001
LA-CH,200806,3,climatology,reference_r2,127.17000000000002,169.26722999999998,200804,-42.09722999999997
LA-CH,200807,1,climatology,reference_r2,41.25,95.311037,200807,-54.061037
LA-CH,200808,2,climatology,reference_r2,42.510000000000005,91.334289,200807,-48.82428899999999
LA-CH,200809,3,climatology,reference_r2,49.599999999999994,123.56388700000002,200807,-73.96388700000003
LA-CH,200810,1,climatology,reference_r2,37.669999999999995,48.776076,200810,-11.106076000000009
LA-CH,200811,2,climatology,reference_r2,41.07000000000001,49.353605,200810,-8.283604999999994
LA-CH,200812,3,climatology,reference_r2,33.34,34.683201999999994,200810,-1.343201999999991
LA-CH,200901,1,climatology,reference_r2,10.890717,10.119243,200901,0.7714739999999995
LA-CH,200902,2,climatology,reference_r2,19.093116999999996,27.214198000000003,200901,-8.121081000000007
LA-CH,200903,3,climatology,reference_r2,21.42854,22.387956999999997,200901,-0.9594169999999949
LA-CH,200904,1,climatology,reference_r2,53.487149,39.571918,200904,13.915231000000006
LA-CH,200905,2,climatology,reference_r2,19.053490000000004,77.67261800000003,200904,-58.619128000000025
LA-CH,200906,3,climatology,reference_r2,30.695037999999997,71.83555600000003,200904,-41.14051800000003
LA-CH,200907,1,climatology,reference_r2,45.004213,72.095211,200907,-27.090998000000006
LA-CH,200908,2,climatology,reference_r2,44.17307600000001,64.89548500000001,200907,-20.722409
LA-CH,200909,3,climatology,reference_r2,32.110839000000006,60.58468499999998,200907,-28.473845999999973
LA-CH,200910,1,climatology,reference_r2,23.227603,20.648829,200910,2.5787739999999992
LA-CH,200911,2,climatology,reference_r2,12.418226999999998,20.115042000000003,200910,-7.696815000000004
LA-CH,200912,3,climatology,reference_r2,14.757385999999997,11.842319999999994,200910,2.915066000000003
LA-HO,200801,1,climatology,reference_r2,0.01,0.0028089999999999,200801,0.0071910000000001
LA-HO,200802,2,climatology,reference_r2,0.01,0.001024,200801,0.008976
LA-HO,200803,3,climatology,reference_r2,0.01,0.0061849999999999,200801,0.0038150000000001004
LA-HO,200804,1,climatology,reference_r2,0.01,0.01699,200804,-0.006990000000000001
LA-HO,200805,2,climatology,reference_r2,0.0,0.0505309999999999,200804,-0.0505309999999999
LA-HO,200806,3,climatology,reference_r2,0.0599999999999999,0.106754,200804,-0.0467540000000001
LA-HO,200807,1,climatology,reference_r2,0.1999999999999999,0.4200189999999999,200807,-0.22001900000000002
LA-HO,200808,2,climatology,reference_r2,0.0,0.4557479999999998,200807,-0.4557479999999998
LA-HO,200809,3,climatology,reference_r2,0.6900000000000002,0.8657190000000003,200807,-0.17571900000000018
LA-HO,200810,1,climatology,reference_r2,0.02,0.07379,200810,-0.05378999999999999
LA-HO,200811,2,climatology,reference_r2,0.0,0.007235,200810,-0.007235
LA-HO,200812,3,climatology,reference_r2,0.65,0.8987419999999999,200810,-0.2487419999999999
LA-HO,200901,1,climatology,reference_r2,0.0082809999999999,0.0168959999999999,200901,-0.008615000000000001
LA-HO,200902,2,climatology,reference_r2,0.0082809999999999,0.0283689999999999,200901,-0.020088
LA-HO,200903,3,climatology,reference_r2,0.0082809999999999,0.0238049999999999,200901,-0.015524
LA-HO,200904,1,climatology,reference_r2,0.0082809999999999,0.00596,200904,0.0023209999999998995
LA-HO,200905,2,climatology,reference_r2,0.0,0.014989,200904,-0.014989
LA-HO,200906,3,climatology,reference_r2,0.049686,0.0415379999999999,200904,0.0081480000000001
LA-HO,200907,1,climatology,reference_r2,0.16562,0.3486150000000005,200907,-0.18299500000000052
LA-HO,200908,2,climatology,reference_r2,0.0,0.568760000000001,200907,-0.568760000000001
LA-HO,200909,3,climatology,reference_r2,0.5699339999999999,0.782449999999999,200907,-0.21251599999999904
LA-HO,200910,1,climatology,reference_r2,0.834562,0.5915029999999999,200910,0.24305900000000014
LA-HO,200911,2,climatology,reference_r2,1.0,0.7675,200910,0.23250000000000004
LA-HO,200912,3,climatology,reference_r2,0.53681,0.88176,200910,-0.34495
LA-KH,200801,1,climatology,reference_r2,1.1499999999999997,0.8436089999999998,200801,0.30639099999999986
LA-KH,200802,2,climatology,reference_r2,0.1499999999999999,0.1006579999999999,200801,0.04934200000000001
LA-KH,200803,3,climatology,reference_r2,0.04,0.084513,200801,-0.044513000000000004
LA-KH,200804,1,climatology,reference_r2,0.1099999999999999,0.3475000000000001,200804,-0.23750000000000018
LA-KH,200805,2,climatology,reference_r2,1.38,0.8777169999999996,200804,0.5022830000000003
LA-KH,200806,3,climatology,reference_r2,8.940000000000001,2.284251000000001,200804,6.655749
LA-KH,200807,1,climatology,reference_r2,35.06999999999999,4.221245999999994,200807,30.848754
LA-KH,200808,2,climatology,reference_r2,37.92,4.132339000000002,200807,33.787661
LA-KH,200809,3,climatology,reference_r2,14.089999999999996,4.838402000000002,200807,9.251597999999994
LA-KH,200810,1,climatology,reference_r2,5.470000000000001,0.712469,200810,4.757531
LA-KH,200811,2,climatology,reference_r2,1.4299999999999995,1.6994600000000002,200810,-0.2694600000000007
LA-KH,200812,3,climatology,reference_r2,3.69,3.2335190000000003,200810,0.4564809999999997
LA-KH,200901,1,climatology,reference_r2,0.9523149999999996,0.095673,200901,0.8566419999999996
LA-KH,200902,2,climatology,reference_r2,0.1242149999999999,0.0148939999999999,200901,0.109321
LA-KH,200903,3,climatology,reference_r2,5.305124,4.787865,200901,0.5172590000000001
LA-KH,200904,1,climatology,reference_r2,0.091091,0.319434,200904,-0.228343
LA-KH,200905,2,climatology,reference_r2,4.0487779999999995,2.2428190000000003,200904,1.8059589999999992
LA-KH,200906,3,climatology,reference_r2,46.36775900000001,63.818406,200904,-17.450646999999996
LA-KH,200907,1,climatology,reference_r2,68.223464,113.180951,200907,-44.957486999999986
LA-KH,200908,2,climatology,reference_r2,171.36027,238.574493,200907,-67.21422299999998
LA-KH,200909,3,climatology,reference_r2,187.121383,223.8797,200907,-36.758317000000005
LA-KH,200910,1,climatology,reference_r2,57.593343,42.39027300000001,200910,15.20306999999999
LA-KH,200911,2,climatology,reference_r2,54.814001,22.924324999999996,200910,31.889676
LA-KH,200912,3,climatology,reference_r2,52.764233,30.880674000000003,200910,21.883558999999995
LA-LM,200801,1,climatology,reference_r2,0.0,0.000226,200801,-0.000226
LA-LM,200802,2,climatology,reference_r2,0.0,8.099999999999948e-05,200801,-8.099999999999948e-05
LA-LM,200803,3,climatology,reference_r2,0.0499999999999999,4.000000000000097e-06,200801,0.0499959999999999
LA-LM,200804,1,climatology,reference_r2,0.01,0.0301639999999999,200804,-0.020163999999999897
LA-LM,200805,2,climatology,reference_r2,0.0,0.198095,200804,-0.198095
LA-LM,200806,3,climatology,reference_r2,0.0,0.292751,200804,-0.292751
LA-LM,200807,1,climatology,reference_r2,0.0499999999999999,1.0682200000000002,200807,-1.0182200000000003
LA-LM,200808,2,climatology,reference_r2,0.0299999999999999,0.5533980000000005,200807,-0.5233980000000006
LA-LM,200809,3,climatology,reference_r2,0.0,0.5952210000000004,200807,-0.5952210000000004
LA-LM,200810,1,climatology,reference_r2,0.09,0.0238269999999999,200810,0.06617300000000009
LA-LM,200811,2,climatology,reference_r2,0.02,0.002683,200810,0.017317
LA-LM,200812,3,climatology,reference_r2,0.0,0.000148,200810,-0.000148
LA-LM,200901,1,climatology,reference_r2,0.0,0.0001019999999999,200901,-0.0001019999999999
LA-LM,200902,2,climatology,reference_r2,0.0,9.99999999999994e-05,200901,-9.99999999999994e-05
LA-LM,200903,3,climatology,reference_r2,0.041405,0.0004839999999999,200901,0.040921000000000096
LA-LM,200904,1,climatology,reference_r2,0.826281,0.94868,200904,-0.12239899999999992
LA-LM,200905,2,climatology,reference_r2,0.0,0.0033749999999999,200904,-0.0033749999999999
LA-LM,200906,3,climatology,reference_r2,2.0,1.778816,200904,0.22118400000000005
LA-LM,200907,1,climatology,reference_r2,0.677405,0.942513,200907,-0.265108
LA-LM,200908,2,climatology,reference_r2,0.024843,1.34788,200907,-1.323037
LA-LM,200909,3,climatology,reference_r2,4.0,2.340674,200907,1.659326
LA-LM,200910,1,climatology,reference_r2,4.164529,2.816205,200910,1.3483239999999999
LA-LM,200911,2,climatology,reference_r2,5.652562,4.455114999999999,200910,1.1974470000000004
LA-LM,200912,3,climatology,reference_r2,4.0,3.353251,200910,0.6467489999999998
LA-LP,200801,1,climatology,reference_r2,0.1999999999999999,0.7571660000000002,200801,-0.5571660000000003
LA-LP,200802,2,climatology,reference_r2,13.92,14.267759,200801,-0.34775899999999993
LA-LP,200803,3,climatology,reference_r2,20.81,20.295906,200801,0.514094
LA-LP,200804,1,climatology,reference_r2,31.229999999999997,31.738872000000004,200804,-0.5088720000000073
LA-LP,200805,2,climatology,reference_r2,107.3,112.771204,200804,-5.471204
LA-LP,200806,3,climatology,reference_r2,132.97,153.205867,200804,-20.235867000000013
LA-LP,200807,1,climatology,reference_r2,10.659999999999998,9.993556000000003,200807,0.6664439999999949
LA-LP,200808,2,climatology,reference_r2,12.43,8.205945999999997,200807,4.224054000000002
LA-LP,200809,3,climatology,reference_r2,10.5,8.876618,200807,1.6233819999999994
LA-LP,200810,1,climatology,reference_r2,9.55,16.71071,200810,-7.160709999999998
LA-LP,200811,2,climatology,reference_r2,103.0,108.873379,200810,-5.873379
LA-LP,200812,3,climatology,reference_r2,126.82,157.84191199999998,200810,-31.021911999999986
LA-LP,200901,1,climatology,reference_r2,0.16562,8.096719,200901,-7.931099000000001
LA-LP,200902,2,climatology,reference_r2,0.5962320000000001,4.327036,200901,-3.7308039999999996
LA-LP,200903,3,climatology,reference_r2,0.4720169999999997,11.661655999999995,200901,-11.189638999999996
LA-LP,200904,1,climatology,reference_r2,0.8104469999999999,11.652033,200904,-10.841586
LA-LP,200905,2,climatology,reference_r2,3.589589,35.67989000000001,200904,-32.09030100000001
LA-LP,200906,3,climatology,reference_r2,5.813261999999998,70.77148200000002,200904,-64.95822000000003
LA-LP,200907,1,climatology,reference_r2,4.452995999999999,20.486870999999997,200907,-16.033875
LA-LP,200908,2,climatology,reference_r2,8.377825999999999,20.185861999999997,200907,-11.808035999999998
LA-LP,200909,3,climatology,reference_r2,238.358321,283.036426,200907,-44.678105000000016
LA-LP,200910,1,climatology,reference_r2,126.23871400000002,73.503249,200910,52.73546500000002
LA-LP,200911,2,climatology,reference_r2,61.383126999999995,35.459931,200910,25.923195999999997
LA-LP,200912,3,climatology,reference_r2,7.821726000000002,5.855303000000001,200910,1.9664230000000007
LA-OU,200801,1,climatology,reference_r2,0.0,0.0012409999999999,200801,-0.0012409999999999
LA-OU,200802,2,climatology,reference_r2,0.0,6.399999999999982e-05,200801,-6.399999999999982e-05
LA-OU,200803,3,climatology,reference_r2,0.0,8.099999999999948e-05,200801,-8.099999999999948e-05
LA-OU,200804,1,climatology,reference_r2,0.0,0.080944,200804,-0.080944
LA-OU,200805,2,climatology,reference_r2,0.01,0.3718069999999998,200804,-0.36180699999999977
LA-OU,200806,3,climatology,reference_r2,0.01,0.6405690000000002,200804,-0.6305690000000002
LA-OU,200807,1,climatology,reference_r2,0.04,1.957936,200807,-1.9179359999999999
LA-OU,200808,2,climatology,reference_r2,0.12,1.3450399999999991,200807,-1.225039999999999
LA-OU,200809,3,climatology,reference_r2,0.04,1.5896340000000002,200807,-1.5496340000000002
LA-OU,200810,1,climatology,reference_r2,0.0799999999999999,0.0335859999999999,200810,0.046414000000000004
LA-OU,200811,2,climatology,reference_r2,0.01,0.003444,200810,0.006556
LA-OU,200812,3,climatology,reference_r2,0.0,0.000635,200810,-0.000635
LA-OU,200901,1,climatology,reference_r2,0.0,0.0002339999999999,200901,-0.0002339999999999
LA-OU,200902,2,climatology,reference_r2,0.0,0.0002249999999999,200901,-0.0002249999999999
LA-OU,200903,3,climatology,reference_r2,0.0,0.0002339999999999,200901,-0.0002339999999999
LA-OU,200904,1,climatology,reference_r2,0.0,0.00073,200904,-0.00073
LA-OU,200905,2,climatology,reference_r2,0.0082809999999999,0.0065199999999999,200904,0.0017609999999999995
LA-OU,200906,3,climatology,reference_r2,0.0082809999999999,0.0146779999999999,200904,-0.006397
LA-OU,200907,1,climatology,reference_r2,0.0331239999999999,1.6200480000000006,200907,-1.5869240000000007
LA-OU,200908,2,climatology,reference_r2,0.7353719999999999,2.1309520000000006,200907,-1.3955800000000007
LA-OU,200909,3,climatology,reference_r2,14.669124,9.051423,200907,5.617701
LA-OU,200910,1,climatology,reference_r2,4.974247999999999,2.259908,200910,2.7143399999999995
LA-OU,200911,2,climatology,reference_r2,12.826281,8.562932,200910,4.263349
LA-OU,200912,3,climatology,reference_r2,18.0,16.293002,200910,1.7069979999999987
LA-PH,200901,1,climatology,reference_r2,0.0,0.017178,200901,-0.017178
LA-PH,200902,2,climatology,reference_r2,0.0,0.0116239999999999,200901,-0.0116239999999999
LA-PH,200903,3,climatology,reference_r2,0.0,0.015307,200901,-0.015307
LA-PH,200904,1,climatology,reference_r2,0.0,0.0035339999999999,200904,-0.0035339999999999
LA-PH,200905,2,climatology,reference_r2,0.0,0.0082129999999999,200904,-0.0082129999999999
LA-PH,200906,3,climatology,reference_r2,0.0,0.026865,200904,-0.026865
LA-PH,200907,1,climatology,reference_r2,0.0,0.2463779999999999,200907,-0.2463779999999999
LA-PH,200909,3,climatology,reference_r2,0.04,0.4324589999999997,200907,-0.3924589999999997
LA-PH,200910,1,climatology,reference_r2,0.0,0.013547,200910,-0.013547
LA-PH,200911,2,climatology,reference_r2,0.0,0.0079899999999999,200910,-0.0079899999999999
LA-PH,200912,3,climatology,reference_r2,0.0,0.001654,200910,-0.001654
LA-SL,200801,1,climatology,reference_r2,0.1099999999999999,0.9609960000000002,200801,-0.8509960000000003
LA-SL,200802,2,climatology,reference_r2,1.0,0.4065709999999998,200801,0.5934290000000002
LA-SL,200803,3,climatology,reference_r2,4.62,3.618485,200801,1.001515
LA-SL,200804,1,climatology,reference_r2,2.0,1.2881089999999995,200804,0.7118910000000005
LA-SL,200805,2,climatology,reference_r2,82.75,88.681095,200804,-5.931094999999999
LA-SL,200806,3,climatology,reference_r2,206.97,182.102189,200804,24.86781099999999
LA-SL,200807,1,climatology,reference_r2,75.25,48.087969999999984,200807,27.162030000000016
LA-SL,200808,2,climatology,reference_r2,52.45,37.69212300000001,200807,14.757876999999993
LA-SL,200809,3,climatology,reference_r2,76.05,56.927235,200807,19.122764999999994
LA-SL,200810,1,climatology,reference_r2,89.54,38.914912,200810,50.625088000000005
LA-SL,200811,2,climatology,reference_r2,19.16,7.517941000000002,200810,11.642058999999998
LA-SL,200812,3,climatology,reference_r2,5.69,2.700215,200810,2.9897850000000004
LA-SL,200901,1,climatology,reference_r2,0.545091,1.8186020000000005,200901,-1.2735110000000005
LA-SL,200902,2,climatology,reference_r2,23.826281,19.869148000000003,200901,3.957132999999999
LA-SL,200903,3,climatology,reference_r2,23.817091,13.274758,200901,10.542333000000001
LA-SL,200904,1,climatology,reference_r2,18.652562,6.034967999999999,200904,12.617594
LA-SL,200905,2,climatology,reference_r2,83.899938,45.707485,200904,38.19245300000001
LA-SL,200906,3,climatology,reference_r2,30.133145000000003,34.25086399999999,200904,-4.11771899999999
LA-SL,200907,1,climatology,reference_r2,148.17646399999998,115.541823,200907,32.63464099999999
LA-SL,200908,2,climatology,reference_r2,107.331804,87.82631500000001,200907,19.505488999999997
LA-SL,200909,3,climatology,reference_r2,68.83130799999999,61.209676,200907,7.621631999999991
LA-SL,200910,1,climatology,reference_r2,76.984001,34.766141000000005,200910,42.21786
LA-SL,200911,2,climatology,reference_r2,38.830017000000005,17.021496,200910,21.808521000000006
LA-SL,200912,3,climatology,reference_r2,13.699703,6.997938000000001,200910,6.701764999999998
LA-SV,200801,1,climatology,reference_r2,1.7800000000000002,5.727430999999999,200801,-3.947430999999999
LA-SV,200802,2,climatology,reference_r2,0.6200000000000001,1.0720569999999996,200801,-0.4520569999999995
LA-SV,200803,3,climatology,reference_r2,1.42,0.495967,200801,0.9240329999999999
LA-SV,200804,1,climatology,reference_r2,6.08,2.4851609999999997,200804,3.5948390000000003
LA-SV,200805,2,climatology,reference_r2,27.53,4.594252000000001,200804,22.935748
LA-SV,200806,3,climatology,reference_r2,67.57,16.320681000000008,200804,51.249318999999986
LA-SV,200807,1,climatology,reference_r2,150.21999999999997,22.10757099999998,200807,128.112429
LA-SV,200808,2,climatology,reference_r2,140.25,18.885549999999967,200807,121.36445000000003
LA-SV,200809,3,climatology,reference_r2,115.49,26.240959999999973,200807,89.24904000000002
LA-SV,200810,1,climatology,reference_r2,53.19,3.883800000000001,200810,49.3062
LA-SV,200811,2,climatology,reference_r2,12.810000000000002,0.775015,200810,12.034985000000002
LA-SV,200812,3,climatology,reference_r2,8.030000000000001,0.35477,200810,7.675230000000001
LA-SV,200901,1,climatology,reference_r2,1.7460180000000003,0.0935149999999999,200901,1.6525030000000003
LA-SV,200902,2,climatology,reference_r2,0.6034219999999999,0.0167589999999999,200901,0.586663
LA-SV,200903,3,climatology,reference_r2,1.0848110000000002,0.1169239999999999,200901,0.9678870000000003
LA-SV,200904,1,climatology,reference_r2,5.027028,0.183268,200904,4.84376
LA-SV,200905,2,climatology,reference_r2,23.760858999999996,1.158766,200904,22.602092999999996
LA-SV,200906,3,climatology,reference_r2,63.428528,1.7325730000000004,200904,61.695955
LA-SV,200907,1,climatology,reference_r2,123.24315,30.679626999999986,200907,92.56352300000002
LA-SV,200908,2,climatology,reference_r2,102.30625,34.536985999999956,200907,67.76926400000005
LA-SV,200909,3,climatology,reference_r2,77.799763,37.720864000000006,200907,40.07889899999999
LA-SV,200910,1,climatology,reference_r2,41.95170999999999,7.350740000000002,200910,34.60096999999999
LA-SV,200911,2,climatology,reference_r2,12.497231,14.811204,200910,-2.3139730000000007
LA-SV,200912,3,climatology,reference_r2,6.103097000000002,1.603733999999999,200910,4.499363000000002
LA-VT,200801,1,climatology,reference_r2,10.87,11.966943,200801,-1.0969430000000013
LA-VT,200802,2,climatology,reference_r2,9.38,3.921690000000001,200801,5.45831
LA-VT,200803,3,climatology,reference_r2,4.52,16.988966,200801,-12.468966000000002
LA-VT,200804,1,climatology,reference_r2,36.69,5.232127000000002,200804,31.457872999999996
LA-VT,200805,2,climatology,reference_r2,62.27,11.074110000000005,200804,51.19589
LA-VT,200806,3,climatology,reference_r2,83.00999999999999,33.82941000000001,200804,49.18058999999998
LA-VT,200807,1,climatology,reference_r2,191.24999999999997,82.810205,200807,108.43979499999998
LA-VT,200808,2,climatology,reference_r2,165.86,84.79809499999999,200807,81.06190500000002
LA-VT,200809,3,climatology,reference_r2,113.29999999999998,88.43824000000001,200807,24.861759999999975
LA-VT,200810,1,climatology,reference_r2,129.48000000000002,34.23430500000002,200810,95.245695
LA-VT,200811,2,climatology,reference_r2,36.84,63.076217,200810,-26.236216999999996
LA-VT,200812,3,climatology,reference_r2,17.979999999999997,52.983022000000005,200810,-35.00302200000001
LA-VT,200901,1,climatology,reference_r2,7.815081999999997,19.981765000000003,200901,-12.166683000000006
LA-VT,200902,2,climatology,reference_r2,3.934482,13.921715,200901,-9.987233
LA-VT,200903,3,climatology,reference_r2,7.282829999999999,6.318354999999999,200901,0.9644750000000002
LA-VT,200904,1,climatology,reference_r2,9.680054000000002,11.17111,200904,-1.4910559999999986
LA-VT,200905,2,climatology,reference_r2,27.720475,106.849626,200904,-79.12915100000001
LA-VT,200906,3,climatology,reference_r2,38.075081999999995,173.583861,200904,-135.508779
LA-VT,200907,1,climatology,reference_r2,86.36204900000001,173.3183140000001,200907,-86.95626500000009
LA-VT,200908,2,climatology,reference_r2,101.891894,208.28285299999993,200907,-106.39095899999994
LA-VT,200909,3,climatology,reference_r2,112.384425,270.50272200000006,200907,-158.11829700000007
LA-VT,200910,1,climatology,reference_r2,145.485435,192.928868,200910,-47.443433
LA-VT,200911,2,climatology,reference_r2,297.66520299999996,246.434299,200910,51.23090399999995
LA-VT,200912,3,climatology,reference_r2,224.551238,232.33493500000003,200910,-7.783697000000018
LA-XA,200801,1,climatology,reference_r2,0.17,1.087205,200801,-0.9172049999999999
LA-XA,200802,2,climatology,reference_r2,0.9500000000000002,0.247975,200801,0.7020250000000001
LA-XA,200803,3,climatology,reference_r2,0.7399999999999998,0.158262,200801,0.5817379999999998
LA-XA,200804,1,climatology,reference_r2,3.460000000000001,0.4294739999999999,200804,3.030526000000001
LA-XA,200805,2,climatology,reference_r2,5.659999999999997,1.258622,200804,4.401377999999997
LA-XA,200806,3,climatology,reference_r2,14.03,2.9524669999999995,200804,11.077532999999999
LA-XA,200807,1,climatology,reference_r2,24.69,10.835366,200807,13.854634
LA-XA,200808,2,climatology,reference_r2,9.729999999999997,3.851817999999998,200807,5.878181999999999
LA-XA,200809,3,climatology,reference_r2,4.75,2.27628,200807,2.47372
LA-XA,200810,1,climatology,reference_r2,1.5699999999999994,1.599311,200810,-0.02931100000000053
LA-XA,200811,2,climatology,reference_r2,1.83,0.7601170000000002,200810,1.069883
LA-XA,200812,3,climatology,reference_r2,1.9600000000000009,0.440991,200810,1.519009000000001
LA-XA,200901,1,climatology,reference_r2,0.1407769999999999,0.10459,200901,0.0361869999999999
LA-XA,200902,2,climatology,reference_r2,0.7866949999999999,0.037595,200901,0.7490999999999999
LA-XA,200903,3,climatology,reference_r2,0.6127940000000001,0.212144,200901,0.40065000000000006
LA-XA,200904,1,climatology,reference_r2,2.8624980000000004,0.30185,200904,2.5606480000000005
LA-XA,200905,2,climatology,reference_r2,4.777046000000006,1.2287720000000002,200904,3.5482740000000055
LA-XA,200906,3,climatology,reference_r2,13.430243,5.806432999999999,200904,7.6238100000000015
LA-XA,200907,1,climatology,reference_r2,22.570512,6.875187000000011,200907,15.69532499999999
LA-XA,200908,2,climatology,reference_r2,13.305413,22.443091999999993,200907,-9.137678999999993
LA-XA,200909,3,climatology,reference_r2,6.654747,6.936960999999997,200907,-0.2822139999999962
LA-XA,200910,1,climatology,reference_r2,2.0250260000000004,4.572735999999999,200910,-2.5477099999999986
LA-XA,200911,2,climatology,reference_r2,3.421968000000001,2.5080670000000005,200910,0.9139010000000005
LA-XA,200912,3,climatology,reference_r2,1.5319850000000006,1.1685249999999998,200910,0.3634600000000008
LA-XE,200801,1,climatology,reference_r2,0.09,0.0134849999999999,200801,0.0765150000000001
LA-XE,200802,2,climatology,reference_r2,0.12,0.007958,200801,0.112042
LA-XE,200803,3,climatology,reference_r2,0.0,0.004571,200801,-0.004571
LA-XE,200804,1,climatology,reference_r2,0.0246419999999999,0.025236,200804,-0.0005940000000001014
LA-XE,200805,2,climatology,reference_r2,0.08,0.0677099999999999,200804,0.012290000000000106
LA-XE,200806,3,climatology,reference_r2,3.15,3.517428,200804,-0.3674280000000003
LA-XE,200807,1,climatology,reference_r2,0.4000000000000001,0.4643760000000005,200807,-0.06437600000000043
LA-XE,200808,2,climatology,reference_r2,0.1899999999999999,0.5777359999999998,200807,-0.3877359999999999
LA-XE,200809,3,climatology,reference_r2,0.6699999999999999,0.6821890000000002,200807,-0.012189000000000227
LA-XE,200810,1,climatology,reference_r2,0.5599999999999998,0.046339,200810,0.5136609999999998
LA-XE,200811,2,climatology,reference_r2,0.0246419999999999,0.0087069999999999,200810,0.015934999999999998
LA-XE,200812,3,climatology,reference_r2,0.790321,0.878037,200810,-0.0877159999999999
LA-XE,200901,1,climatology,reference_r2,0.074529,0.008175,200901,0.066354
LA-XE,200902,2,climatology,reference_r2,1.371372,1.89434,200901,-0.5229679999999999
LA-XE,200903,3,climatology,reference_r2,2.0,1.77034,200901,0.22965999999999998
LA-XE,200904,1,climatology,reference_r2,0.8200000000000001,0.515199,200904,0.3048010000000001
LA-XE,200905,2,climatology,reference_r2,1.338248,1.009627,200904,0.32862100000000005
LA-XE,200906,3,climatology,reference_r2,6.6023309999999995,5.777077,200904,0.8252539999999993
LA-XE,200907,1,climatology,reference_r2,26.41924,24.536406,200907,1.882833999999999
LA-XE,200908,2,climatology,reference_r2,25.883339,21.610439999999997,200907,4.2728990000000024
LA-XE,200909,3,climatology,reference_r2,4.097554,3.856923,200907,0.2406309999999996
LA-XE,200910,1,climatology,reference_r2,4.551736,2.772753,200910,1.7789830000000002
LA-XE,200911,2,climatology,reference_r2,2.6199999999999997,9.009448000000006,200910,-6.389448000000007
LA-XE,200912,3,climatology,reference_r2,6.64,6.752690000000001,200910,-0.11269000000000151
LA-XI,200801,1,climatology,reference_r2,0.0,0.000531,200801,-0.000531
LA-XI,200802,2,climatology,reference_r2,0.0,9.99999999999994e-05,200801,-9.99999999999994e-05
LA-XI,200803,3,climatology,reference_r2,0.0,0.0001539999999999,200801,-0.0001539999999999
LA-XI,200804,1,climatology,reference_r2,0.0,0.020198,200804,-0.020198
LA-XI,200805,2,climatology,reference_r2,0.0,0.054979,200804,-0.054979
LA-XI,200806,3,climatology,reference_r2,1.0,0.5715620000000001,200804,0.4284379999999999
LA-XI,200807,1,climatology,reference_r2,0.0,0.4480550000000001,200807,-0.4480550000000001
LA-XI,200808,2,climatology,reference_r2,0.02,0.3596569999999994,200807,-0.3396569999999994
LA-XI,200809,3,climatology,reference_r2,0.01,0.4386389999999984,200807,-0.4286389999999984
LA-XI,200810,1,climatology,reference_r2,0.0,0.015991,200810,-0.015991
LA-XI,200811,2,climatology,reference_r2,0.01,0.002603,200810,0.007397000000000001
LA-XI,200812,3,climatology,reference_r2,0.0,0.0004049999999999,200810,-0.0004049999999999
LA-XI,200901,1,climatology,reference_r2,0.0,0.001867,200901,-0.001867
LA-XI,200902,2,climatology,reference_r2,0.0,0.001718,200901,-0.001718
LA-XI,200903,3,climatology,reference_r2,0.0,0.0013359999999999,200901,-0.0013359999999999
LA-XI,200904,1,climatology,reference_r2,0.0,0.000539,200904,-0.000539
LA-XI,200905,2,climatology,reference_r2,39.0,38.92053,200904,0.0794700000000006
LA-XI,200906,3,climatology,reference_r2,32.826281,32.853654999999996,200904,-0.02737399999999468
LA-XI,200907,1,climatology,reference_r2,1.0,0.7331480000000008,200907,0.2668519999999992
LA-XI,200908,2,climatology,reference_r2,9.652562,6.875860999999999,200907,2.776701000000001
LA-XI,200909,3,climatology,reference_r2,0.0082809999999999,0.5530080000000002,200907,-0.5447270000000003
LA-XI,200910,1,climatology,reference_r2,0.0,0.7758910000000001,200910,-0.7758910000000001
LA-XI,200911,2,climatology,reference_r2,0.0082809999999999,0.397899,200910,-0.38961800000000013
LA-XI,200912,3,climatology,reference_r2,0.0,0.1502909999999999,200910,-0.1502909999999999
LA-AT,200801,1,climatology,reference_r3,4.0,2.720357,200801,1.279643
LA-AT,200802,2,climatology,reference_r3,1.63,1.307112,200801,0.32288799999999984
LA-AT,200803,3,climatology,reference_r3,0.0,0.086338,200801,-0.086338
LA-AT,200804,1,climatology,reference_r3,0.02,0.599758,200804,-0.579758
LA-AT,200805,2,climatology,reference_r3,3.45,1.4779870000000002,200804,1.972013
LA-AT,200806,3,climatology,reference_r3,8.86,3.699967000000001,200804,5.1600329999999985
LA-AT,200807,1,climatology,reference_r3,4.54,3.4457489999999993,200807,1.0942510000000008
LA-AT,200808,2,climatology,reference_r3,9.47,6.713205000000002,200807,2.7567949999999986
LA-AT,200809,3,climatology,reference_r3,17.57,17.844587,200807,-0.27458700000000036
LA-AT,200810,1,climatology,reference_r3,38.95,28.765348,200810,10.184652000000003
LA-AT,200811,2,climatology,reference_r3,43.0,27.515794,200810,15.484206
LA-AT,200812,3,climatology,reference_r3,22.28,16.018390999999998,200810,6.2616090000000035
LA-AT,200901,1,climatology,reference_r3,17.305124,8.210778999999999,200901,9.094345
LA-AT,200902,2,climatology,reference_r3,45.164529,39.230272,200901,5.934257000000002
LA-AT,200903,3,climatology,reference_r3,77.0,60.195632,200901,16.804367999999997
LA-AT,200904,1,climatology,reference_r3,98.652562,51.80044199999999,200904,46.85212000000001
LA-AT,200905,2,climatology,reference_r3,0.1242149999999999,44.34508199999999,200904,-44.22086699999999
LA-AT,200906,3,climatology,reference_r3,21.319868,40.321078,200904,-19.00121
LA-AT,200907,1,climatology,reference_r3,61.750116,52.602928,200907,9.147188
LA-AT,200908,2,climatology,reference_r3,17.823736,15.761648,200907,2.062088000000001
LA-AT,200909,3,climatology,reference_r3,10.060613,10.428328,200907,-0.36771500000000046
LA-AT,200910,1,climatology,reference_r3,4.830283999999999,6.254522999999999,200910,-1.424239
LA-AT,200911,2,climatology,reference_r3,13.444083,5.788535999999999,200910,7.655547
LA-AT,200912,3,climatology,reference_r3,4.502959,6.605401999999998,200910,-2.1024429999999983
LA-BK,200801,1,climatology,reference_r3,0.81,0.948676,200801,-0.1386759999999999
LA-BK,200802,2,climatology,reference_r3,0.01,4.900000000000043e-05,200801,0.009951
LA-BK,200803,3,climatology,reference_r3,0.01,4.900000000000043e-05,200801,0.009951
LA-BK,200804,1,climatology,reference_r3,0.01,0.00355,200804,0.00645
LA-BK,200805,2,climatology,reference_r3,11.64,11.5591,200804,0.08089999999999975
LA-BK,200806,3,climatology,reference_r3,52.17,52.293507,200804,-0.12350699999999648
LA-BK,200807,1,climatology,reference_r3,0.6600000000000001,2.232635000000002,200807,-1.5726350000000018
LA-BK,200808,2,climatology,reference_r3,6.84,5.803381999999996,200807,1.0366180000000043
LA-BK,200809,3,climatology,reference_r3,29.34,21.341335,200807,7.998664999999999
LA-BK,200810,1,climatology,reference_r3,44.92,20.43059700000001,200810,24.489402999999992
LA-BK,200811,2,climatology,reference_r3,55.0,45.528704000000005,200810,9.471295999999995
LA-BK,200812,3,climatology,reference_r3,5.0,2.942051999999999,200810,2.057948000000001
LA-BK,200901,1,climatology,reference_r3,0.6691239999999999,0.4362939999999999,200901,0.23283000000000004
LA-BK,200902,2,climatology,reference_r3,0.0082809999999999,0.285778,200901,-0.2774970000000001
LA-BK,200903,3,climatology,reference_r3,0.826281,0.5932529999999998,200901,0.23302800000000023
LA-BK,200904,1,climatology,reference_r3,2.826281,1.2074739999999995,200904,1.6188070000000003
LA-BK,200905,2,climatology,reference_r3,71.61762,43.848861,200904,27.768759000000003
LA-BK,200906,3,climatology,reference_r3,206.10648,145.775887,200904,60.33059299999999
LA-BK,200907,1,climatology,reference_r3,209.635455,197.045967,200907,12.589488000000017
LA-BK,200908,2,climatology,reference_r3,106.650017,97.078634,200907,9.571383000000012
LA-BK,200909,3,climatology,reference_r3,43.240067,41.781874,200907,1.4581930000000014
LA-BK,200910,1,climatology,reference_r3,23.210034,18.651781,200910,4.5582530000000006
LA-BK,200911,2,climatology,reference_r3,4.5454550000000005,10.574944,200910,-6.029489
LA-BK,200912,3,climatology,reference_r3,3.313405,5.397960000000001,200910,-2.0845550000000013
LA-BL,200801,1,climatology,reference_r3,5.6899999999999995,5.312348,200801,0.37765199999999943
LA-BL,200802,2,climatology,reference_r3,2.88,6.144602,200801,-3.264602
LA-BL,200803,3,climatology,reference_r3,2.29,0.422519,200801,1.8674810000000002
LA-BL,200804,1,climatology,reference_r3,2.8299999999999996,1.9219150000000005,200804,0.9080849999999991
LA-BL,200805,2,climatology,reference_r3,9.2,5.607081000000001,200804,3.5929189999999984
LA-BL,200806,3,climatology,reference_r3,10.070000000000002,6.243787000000001,200804,3.826213000000001
LA-BL,200807,1,climatology,reference_r3,27.62,19.772516999999997,200807,7.847483000000004
LA-BL,200808,2,climatology,reference_r3,19.03,20.356723,200807,-1.3267229999999977
LA-BL,200809,3,climatology,reference_r3,25.370000000000005,17.903394,200807,7.466606000000006
LA-BL,200810,1,climatology,reference_r3,16.870000000000005,9.194311000000004,200810,7.675689
LA-BL,200811,2,climatology,reference_r3,6.290000000000001,5.077385,200810,1.2126150000000013
LA-BL,200812,3,climatology,reference_r3,2.05,1.0833199999999996,200810,0.9666800000000002
LA-BL,200901,1,climatology,reference_r3,0.7038849999999999,0.784907,200901,-0.08102200000000015
LA-BL,200902,2,climatology,reference_r3,0.926381,1.635296,200901,-0.7089150000000001
LA-BL,200903,3,climatology,reference_r3,2.5287120000000005,1.070364,200901,1.4583480000000004
LA-BL,200904,1,climatology,reference_r3,2.7938859999999996,0.8236380000000003,200904,1.9702479999999993
LA-BL,200905,2,climatology,reference_r3,17.157429000000004,3.5996620000000004,200904,13.557767000000004
LA-BL,200906,3,climatology,reference_r3,16.873330000000003,6.129073,200904,10.744257000000003
LA-BL,200907,1,climatology,reference_r3,20.996472,24.432139999999997,200907,-3.435667999999996
LA-BL,200908,2,climatology,reference_r3,33.260011999999996,5.1644929999999984,200907,28.095518999999996
LA-BL,200909,3,climatology,reference_r3,41.130528,1.9267629999999991,200907,39.203765
LA-BL,200910,1,climatology,reference_r3,17.210586000000003,5.803838000000001,200910,11.406748000000002
LA-BL,200911,2,climatology,reference_r3,11.201476,1.6016139999999996,200910,9.599862
LA-BL,200912,3,climatology,reference_r3,1.6965139999999996,0.7384339999999998,200910,0.9580799999999998
LA-CH,200801,1,climatology,reference_r3,47.5,30.117882,200801,17.382118
LA-CH,200802,2,climatology,reference_r3,53.03999999999999,48.570685,200801,4.469314999999995
LA-CH,200803,3,climatology,reference_r3,50.58,51.246465,200801,-0.6664650000000023
LA-CH,200804,1,climatology,reference_r3,31.85,28.13525899999999,200804,3.7147410000000107
LA-CH,200805,2,climatology,reference_r3,38.959999999999994,45.15965300000002,200804,-6.199653000000026
LA-CH,200806,3,climatology,reference_r3,127.17000000000002,116.478607,200804,10.69139300000002
LA-CH,200807,1,climatology,reference_r3,41.25,100.65572699999996,200807,-59.405726999999956
LA-CH,200808,2,climatology,reference_r3,42.510000000000005,90.724118,200807,-48.214118
LA-CH,200809,3,climatology,reference_r3,49.599999999999994,120.46804899999997,200807,-70.86804899999997
LA-CH,200810,1,climatology,reference_r3,37.669999999999995,46.70008299999999,200810,-9.030082999999998
LA-CH,200811,2,climatology,reference_r3,41.07000000000001,31.479150000000004,200810,9.590850000000003
LA-CH,200812,3,climatology,reference_r3,33.34,30.016807000000004,200810,3.323193
LA-CH,200901,1,climatology,reference_r3,10.890717,9.878589000000002,200901,1.0121279999999988
LA-CH,200902,2,climatology,reference_r3,19.093116999999996,27.316217,200901,-8.223100000000006
LA-CH,200903,3,climatology,reference_r3,21.42854,21.429513,200901,-0.0009729999999983363
LA-CH,200904,1,climatology,reference_r3,53.487149,37.011744,200904,16.475405000000002
LA-CH,200905,2,climatology,reference_r3,19.053490000000004,76.55674200000001,200904,-57.50325200000001
LA-CH,200906,3,climatology,reference_r3,30.695037999999997,80.861706,200904,-50.166668
LA-CH,200907,1,climatology,reference_r3,45.004213,71.16950299999999,200907,-26.16528999999999
LA-CH,200908,2,climatology,reference_r3,44.17307600000001,69.797297,200907,-25.62422099999999
LA-CH,200909,3,climatology,reference_r3,32.110839000000006,62.769825,200907,-30.65898599999999
LA-CH,200910,1,climatology,reference_r3,23.227603,19.448175999999997,200910,3.779427000000002
LA-CH,200911,2,climatology,reference_r3,12.418226999999998,11.976567000000005,200910,0.4416599999999935
LA-CH,200912,3,climatology,reference_r3,14.757385999999997,12.895533,200910,1.8618529999999964
LA-HO,200801,1,climatology,reference_r3,0.01,0.003891,200801,0.006109
LA-HO,200802,2,climatology,reference_r3,0.01,0.000789,200801,0.009211
LA-HO,200803,3,climatology,reference_r3,0.01,0.0146379999999999,200801,-0.004637999999999899
LA-HO,200804,1,climatology,reference_r3,0.01,0.022315,200804,-0.012315000000000001
LA-HO,200805,2,climatology,reference_r3,0.0,0.013646,200804,-0.013646
LA-HO,200806,3,climatology,reference_r3,0.0599999999999999,0.008409,200804,0.0515909999999999
LA-HO,200807,1,climatology,reference_r3,0.1999999999999999,0.4430440000000004,200807,-0.24304400000000048
LA-HO,200808,2,climatology,reference_r3,0.0,0.5289209999999986,200807,-0.5289209999999986
LA-HO,200809,3,climatology,reference_r3,0.6900000000000002,0.7766020000000005,200807,-0.08660200000000029
LA-HO,200810,1,climatology,reference_r3,0.02,0.064998,200810,-0.044997999999999996
LA-HO,200811,2,climatology,reference_r3,0.0,0.0166949999999999,200810,-0.0166949999999999
LA-HO,200812,3,climatology,reference_r3,0.65,0.874354,200810,-0.22435399999999994
LA-HO,200901,1,climatology,reference_r3,0.0082809999999999,0.017624,200901,-0.009343000000000101
LA-HO,200902,2,climatology,reference_r3,0.0082809999999999,0.021591,200901,-0.0133100000000001
LA-HO,200903,3,climatology,reference_r3,0.0082809999999999,0.0211299999999999,200901,-0.012849
LA-HO,200904,1,climatology,reference_r3,0.0082809999999999,0.004986,200904,0.0032949999999998996
LA-HO,200905,2,climatology,reference_r3,0.0,0.0086509999999999,200904,-0.0086509999999999
LA-HO,200906,3,climatology,reference_r3,0.049686,0.0485709999999999,200904,0.001115000000000102
LA-HO,200907,1,climatology,reference_r3,0.16562,0.1095700000000001,200907,0.05604999999999989
LA-HO,200908,2,climatology,reference_r3,0.0,0.162795,200907,-0.162795
LA-HO,200909,3,climatology,reference_r3,0.5699339999999999,0.6488049999999999,200907,-0.07887099999999991
LA-HO,200910,1,climatology,reference_r3,0.834562,0.582575,200910,0.25198700000000007
LA-HO,200911,2,climatology,reference_r3,1.0,0.828743,200910,0.171257
LA-HO,200912,3,climatology,reference_r3,0.53681,0.893077,200910,-0.356267
LA-KH,200801,1,climatology,reference_r3,1.1499999999999997,0.798697,200801,0.3513029999999997
LA-KH,200802,2,climatology,reference_r3,0.1499999999999999,0.058326,200801,0.09167399999999991
LA-KH,200803,3,climatology,reference_r3,0.04,0.077979,200801,-0.037979000000000006
LA-KH,200804,1,climatology,reference_r3,0.1099999999999999,0.7155910000000001,200804,-0.6055910000000002
LA-KH,200805,2,climatology,reference_r3,1.38,1.0163909999999996,200804,0.3636090000000003
LA-KH,200806,3,climatology,reference_r3,8.940000000000001,2.8948620000000007,200804,6.045138000000001
LA-KH,200807,1,climatology,reference_r3,35.06999999999999,4.980236000000005,200807,30.089763999999988
LA-KH,200808,2,climatology,reference_r3,37.92,5.170608999999985,200807,32.74939100000002
LA-KH,200809,3,climatology,reference_r3,14.089999999999996,5.132678999999996,200807,8.957321
LA-KH,200810,1,climatology,reference_r3,5.470000000000001,0.89249,200810,4.57751
LA-KH,200811,2,climatology,reference_r3,1.4299999999999995,1.229941,200810,0.20005899999999954
LA-KH,200812,3,climatology,reference_r3,3.69,3.092307,200810,0.597693
LA-KH,200901,1,climatology,reference_r3,0.9523149999999996,0.069965,200901,0.8823499999999995
LA-KH,200902,2,climatology,reference_r3,0.1242149999999999,0.019764,200901,0.10445099999999989
LA-KH,200903,3,climatology,reference_r3,5.305124,4.828799999999999,200901,0.47632400000000086
LA-KH,200904,1,climatology,reference_r3,0.091091,0.4130399999999999,200904,-0.32194899999999993
LA-KH,200905,2,climatology,reference_r3,4.0487779999999995,2.1217179999999995,200904,1.92706
LA-KH,200906,3,climatology,reference_r3,46.36775900000001,64.896245,200904,-18.528485999999987
LA-KH,200907,1,climatology,reference_r3,68.223464,127.287933,200907,-59.06446899999999
LA-KH,200908,2,climatology,reference_r3,171.36027,268.953178,200907,-97.59290799999997
LA-KH,200909,3,climatology,reference_r3,187.121383,240.04923,200907,-52.927846999999986
LA-KH,200910,1,climatology,reference_r3,57.593343,44.403861000000006,200910,13.189481999999991
LA-KH,200911,2,climatology,reference_r3,54.814001,20.132869999999997,200910,34.681131
LA-KH,200912,3,climatology,reference_r3,52.764233,27.96267,200910,24.801562999999998
LA-LM,200801,1,climatology,reference_r3,0.0,0.0002559999999999,200801,-0.0002559999999999
LA-LM,200802,2,climatology,reference_r3,0.0,3.600000000000044e-05,200801,-3.600000000000044e-05
LA-LM,200803,3,climatology,reference_r3,0.0499999999999999,3.600000000000044e-05,200801,0.0499639999999999
LA-LM,200804,1,climatology,reference_r3,0.01,0.000144,200804,0.009856
LA-LM,200805,2,climatology,reference_r3,0.0,0.0016349999999999,200804,-0.0016349999999999
LA-LM,200806,3,climatology,reference_r3,0.0,0.001391,200804,-0.001391
LA-LM,200807,1,climatology,reference_r3,0.0499999999999999,0.8332150000000027,200807,-0.7832150000000028
LA-LM,200808,2,climatology,reference_r3,0.0299999999999999,0.4028939999999998,200807,-0.3728939999999999
LA-LM,200809,3,climatology,reference_r3,0.0,0.6516940000000009,200807,-0.6516940000000009
LA-LM,200810,1,climatology,reference_r3,0.09,0.0187219999999999,200810,0.07127800000000009
LA-LM,200811,2,climatology,reference_r3,0.02,0.005503,200810,0.014497
LA-LM,200812,3,climatology,reference_r3,0.0,0.00173,200810,-0.00173
LA-LM,200901,1,climatology,reference_r3,0.0,8.099999999999948e-05,200901,-8.099999999999948e-05
LA-LM,200902,2,climatology,reference_r3,0.0,0.0001009999999999,200901,-0.0001009999999999
LA-LM,200903,3,climatology,reference_r3,0.041405,0.0004839999999999,200901,0.040921000000000096
LA-LM,200904,1,climatology,reference_r3,0.826281,0.958458,200904,-0.132177
LA-LM,200905,2,climatology,reference_r3,0.0,0.0034669999999999,200904,-0.0034669999999999
LA-LM,200906,3,climatology,reference_r3,2.0,1.7925799999999998,200904,0.20742000000000016
LA-LM,200907,1,climatology,reference_r3,0.677405,0.5983580000000002,200907,0.07904699999999987
LA-LM,200908,2,climatology,reference_r3,0.024843,0.4616890000000002,200907,-0.4368460000000002
LA-LM,200909,3,climatology,reference_r3,4.0,2.471052,200907,1.5289480000000002
LA-LM,200910,1,climatology,reference_r3,4.164529,2.7145930000000003,200910,1.4499359999999997
LA-LM,200911,2,climatology,reference_r3,5.652562,4.633958,200910,1.0186039999999998
LA-LM,200912,3,climatology,reference_r3,4.0,3.330243,200910,0.6697570000000002
LA-LP,200801,1,climatology,reference_r3,0.1999999999999999,0.8178340000000002,200801,-0.6178340000000002
LA-LP,200802,2,climatology,reference_r3,13.92,14.43482,200801,-0.5148200000000003
LA-LP,200803,3,climatology,reference_r3,20.81,20.460843,200801,0.34915699999999816
LA-LP,200804,1,climatology,reference_r3,31.229999999999997,14.504039,200804,16.725960999999998
LA-LP,200805,2,climatology,reference_r3,107.3,74.529849,200804,32.770151
LA-LP,200806,3,climatology,reference_r3,132.97,95.231354,200804,37.738646
LA-LP,200807,1,climatology,reference_r3,10.659999999999998,9.658103999999998,200807,1.0018960000000003
LA-LP,200808,2,climatology,reference_r3,12.43,8.347596,200807,4.082404
LA-LP,200809,3,climatology,reference_r3,10.5,8.784699999999999,200807,1.715300000000001
LA-LP,200810,1,climatology,reference_r3,9.55,18.4312,200810,-8.8812
LA-LP,200811,2,climatology,reference_r3,103.0,104.608028,200810,-1.6080280000000045
LA-LP,200812,3,climatology,reference_r3,126.82,157.15014399999998,200810,-30.33014399999999
LA-LP,200901,1,climatology,reference_r3,0.16562,8.142661,200901,-7.977041000000001
LA-LP,200902,2,climatology,reference_r3,0.5962320000000001,5.307313000000001,200901,-4.711081
LA-LP,200903,3,climatology,reference_r3,0.4720169999999997,11.867869000000002,200901,-11.395852000000003
LA-LP,200904,1,climatology,reference_r3,0.8104469999999999,12.373787999999998,200904,-11.563340999999998
LA-LP,200905,2,climatology,reference_r3,3.589589,34.402712,200904,-30.813123
LA-LP,200906,3,climatology,reference_r3,5.813261999999998,71.29301699999999,200904,-65.479755
LA-LP,200907,1,climatology,reference_r3,4.452995999999999,22.999188,200907,-18.546192
LA-LP,200908,2,climatology,reference_r3,8.377825999999999,23.232467,200907,-14.854641
LA-LP,200909,3,climatology,reference_r3,238.358321,302.974131,200907,-64.61581000000001
LA-LP,200910,1,climatology,reference_r3,126.23871400000002,62.344385999999986,200910,63.89432800000003
LA-LP,200911,2,climatology,reference_r3,61.383126999999995,40.208724999999994,200910,21.174402
LA-LP,200912,3,climatology,reference_r3,7.821726000000002,6.972092,200910,0.8496340000000018
LA-OU,200801,1,climatology,reference_r3,0.0,0.0013939999999999,200801,-0.0013939999999999
LA-OU,200802,2,climatology,reference_r3,0.0,0.0001969999999999,200801,-0.0001969999999999
LA-OU,200803,3,climatology,reference_r3,0.0,9.99999999999994e-05,200801,-9.99999999999994e-05
LA-OU,200804,1,climatology,reference_r3,0.0,0.0012649999999999,200804,-0.0012649999999999
LA-OU,200805,2,climatology,reference_r3,0.01,0.0057099999999999,200804,0.0042900000000001
LA-OU,200806,3,climatology,reference_r3,0.01,0.0114759999999999,200804,-0.0014759999999998993
LA-OU,200807,1,climatology,reference_r3,0.04,2.004765000000006,200807,-1.964765000000006
LA-OU,200808,2,climatology,reference_r3,0.12,1.246016000000001,200807,-1.1260160000000008
LA-OU,200809,3,climatology,reference_r3,0.04,1.7052740000000028,200807,-1.6652740000000028
LA-OU,200810,1,climatology,reference_r3,0.0799999999999999,0.022923,200810,0.057076999999999906
LA-OU,200811,2,climatology,reference_r3,0.01,0.0104699999999999,200810,-0.0004699999999998993
LA-OU,200812,3,climatology,reference_r3,0.0,0.002454,200810,-0.002454
LA-OU,200901,1,climatology,reference_r3,0.0,0.0002249999999999,200901,-0.0002249999999999
LA-OU,200902,2,climatology,reference_r3,0.0,3.600000000000044e-05,200901,-3.600000000000044e-05
LA-OU,200903,3,climatology,reference_r3,0.0,0.001066,200901,-0.001066
LA-OU,200904,1,climatology,reference_r3,0.0,0.000746,200904,-0.000746
LA-OU,200905,2,climatology,reference_r3,0.0082809999999999,0.0051539999999999,200904,0.0031269999999999996
LA-OU,200906,3,climatology,reference_r3,0.0082809999999999,0.018393,200904,-0.0101120000000001
LA-OU,200907,1,climatology,reference_r3,0.0331239999999999,0.7790909999999993,200907,-0.7459669999999994
LA-OU,200908,2,climatology,reference_r3,0.7353719999999999,1.0595989999999995,200907,-0.3242269999999996
LA-OU,200909,3,climatology,reference_r3,14.669124,10.460322,200907,4.208802
LA-OU,200910,1,climatology,reference_r3,4.974247999999999,2.070412,200910,2.903835999999999
LA-OU,200911,2,climatology,reference_r3,12.826281,9.464362,200910,3.3619190000000003
LA-OU,200912,3,climatology,reference_r3,18.0,16.049995,200910,1.9500050000000009
LA-PH,200901,1,climatology,reference_r3,0.0,0.0118299999999999,200901,-0.0118299999999999
LA-PH,200902,2,climatology,reference_r3,0.0,0.013668,200901,-0.013668
LA-PH,200903,3,climatology,reference_r3,0.0,0.02143,200901,-0.02143
LA-PH,200904,1,climatology,reference_r3,0.0,0.003154,200904,-0.003154
LA-PH,200905,2,climatology,reference_r3,0.0,0.0050199999999999,200904,-0.0050199999999999
LA-PH,200906,3,climatology,reference_r3,0.0,0.0276219999999999,200904,-0.0276219999999999
LA-PH,200907,1,climatology,reference_r3,0.0,0.061466,200907,-0.061466
LA-PH,200909,3,climatology,reference_r3,0.04,0.1039769999999999,200907,-0.0639769999999999
LA-PH,200910,1,climatology,reference_r3,0.0,0.0217049999999999,200910,-0.0217049999999999
LA-PH,200911,2,climatology,reference_r3,0.0,0.0041319999999999,200910,-0.0041319999999999
LA-PH,200912,3,climatology,reference_r3,0.0,0.0009749999999999,200910,-0.0009749999999999
LA-SL,200801,1,climatology,reference_r3,0.1099999999999999,0.9900379999999998,200801,-0.8800379999999999
LA-SL,200802,2,climatology,reference_r3,1.0,0.3865939999999999,200801,0.6134060000000001
LA-SL,200803,3,climatology,reference_r3,4.62,3.82775,200801,0.7922500000000001
LA-SL,200804,1,climatology,reference_r3,2.0,1.0171480000000002,200804,0.9828519999999998
LA-SL,200805,2,climatology,reference_r3,82.75,91.398675,200804,-8.648674999999997
LA-SL,200806,3,climatology,reference_r3,206.97,184.732684,200804,22.237315999999993
LA-SL,200807,1,climatology,reference_r3,75.25,50.01057800000001,200807,25.23942199999999
LA-SL,200808,2,climatology,reference_r3,52.45,40.01365999999999,200807,12.436340000000015
LA-SL,200809,3,climatology,reference_r3,76.05,58.99029300000001,200807,17.05970699999999
LA-SL,200810,1,climatology,reference_r3,89.54,34.767648,200810,54.772352000000005
LA-SL,200811,2,climatology,reference_r3,19.16,9.607678,200810,9.552322
LA-SL,200812,3,climatology,reference_r3,5.69,2.959109,200810,2.730891
LA-SL,200901,1,climatology,reference_r3,0.545091,1.6865449999999995,200901,-1.1414539999999995
LA-SL,200902,2,climatology,reference_r3,23.826281,20.128694,200901,3.697587000000002
LA-SL,200903,3,climatology,reference_r3,23.817091,13.08828,200901,10.728811000000002
LA-SL,200904,1,climatology,reference_r3,18.652562,5.9089659999999995,200904,12.743596
LA-SL,200905,2,climatology,reference_r3,83.899938,45.17947999999999,200904,38.720458000000015
LA-SL,200906,3,climatology,reference_r3,30.133145000000003,32.29494699999999,200904,-2.161801999999991
LA-SL,200907,1,climatology,reference_r3,148.17646399999998,130.135464,200907,18.04099999999997
LA-SL,200908,2,climatology,reference_r3,107.331804,99.269912,200907,8.061892
LA-SL,200909,3,climatology,reference_r3,68.83130799999999,65.459931,200907,3.3713769999999954
LA-SL,200910,1,climatology,reference_r3,76.984001,36.651577,200910,40.332424
LA-SL,200911,2,climatology,reference_r3,38.830017000000005,14.467916999999996,200910,24.36210000000001
LA-SL,200912,3,climatology,reference_r3,13.699703,6.707491000000001,200910,6.9922119999999985
LA-SV,200801,1,climatology,reference_r3,1.7800000000000002,5.407520999999999,200801,-3.627520999999999
LA-SV,200802,2,climatology,reference_r3,0.6200000000000001,0.8048259999999998,200801,-0.1848259999999997
LA-SV,200803,3,climatology,reference_r3,1.42,0.4507189999999998,200801,0.9692810000000001
LA-SV,200804,1,climatology,reference_r3,6.08,4.957571999999999,200804,1.122428000000001
LA-SV,200805,2,climatology,reference_r3,27.53,5.260216,200804,22.269784
LA-SV,200806,3,climatology,reference_r3,67.57,26.585654999999996,200804,40.984345
LA-SV,200807,1,climatology,reference_r3,150.21999999999997,24.206484999999983,200807,126.01351499999998
LA-SV,200808,2,climatology,reference_r3,140.25,22.60182199999997,200807,117.64817800000003
LA-SV,200809,3,climatology,reference_r3,115.49,23.842084,200807,91.647916
LA-SV,200810,1,climatology,reference_r3,53.19,3.654162,200810,49.535838
LA-SV,200811,2,climatology,reference_r3,12.810000000000002,1.0289720000000004,200810,11.781028000000003
LA-SV,200812,3,climatology,reference_r3,8.030000000000001,0.3905100000000001,200810,7.639490000000001
LA-SV,200901,1,climatology,reference_r3,1.7460180000000003,0.0810779999999999,200901,1.6649400000000003
LA-SV,200902,2,climatology,reference_r3,0.6034219999999999,0.0106959999999999,200901,0.592726
LA-SV,200903,3,climatology,reference_r3,1.0848110000000002,0.122613,200901,0.9621980000000002
LA-SV,200904,1,climatology,reference_r3,5.027028,0.178993,200904,4.848034999999999
LA-SV,200905,2,climatology,reference_r3,23.760858999999996,1.3662669999999997,200904,22.394591999999996
LA-SV,200906,3,climatology,reference_r3,63.428528,1.6046540000000005,200904,61.823873999999996
LA-SV,200907,1,climatology,reference_r3,123.24315,16.916741000000002,200907,106.326409
LA-SV,200908,2,climatology,reference_r3,102.30625,20.36157999999999,200907,81.94467000000002
LA-SV,200909,3,climatology,reference_r3,77.799763,27.710908000000003,200907,50.088854999999995
LA-SV,200910,1,climatology,reference_r3,41.95170999999999,6.915573999999999,200910,35.03613599999999
LA-SV,200911,2,climatology,reference_r3,12.497231,16.280793000000003,200910,-3.7835620000000034
LA-SV,200912,3,climatology,reference_r3,6.103097000000002,1.9969140000000003,200910,4.1061830000000015
LA-VT,200801,1,climatology,reference_r3,10.87,10.977586000000002,200801,-0.10758600000000307
LA-VT,200802,2,climatology,reference_r3,9.38,4.6070400000000005,200801,4.77296
LA-VT,200803,3,climatology,reference_r3,4.52,18.21255,200801,-13.69255
LA-VT,200804,1,climatology,reference_r3,36.69,14.923139000000004,200804,21.76686099999999
LA-VT,200805,2,climatology,reference_r3,62.27,20.89227900000001,200804,41.377720999999994
LA-VT,200806,3,climatology,reference_r3,83.00999999999999,93.21422099999998,200804,-10.20422099999999
LA-VT,200807,1,climatology,reference_r3,191.24999999999997,76.15982299999996,200807,115.09017700000001
LA-VT,200808,2,climatology,reference_r3,165.86,82.88120900000001,200807,82.978791
LA-VT,200809,3,climatology,reference_r3,113.29999999999998,91.55173200000002,200807,21.748267999999968
LA-VT,200810,1,climatology,reference_r3,129.48000000000002,34.57022599999999,200810,94.90977400000003
LA-VT,200811,2,climatology,reference_r3,36.84,44.964343,200810,-8.124342999999996
LA-VT,200812,3,climatology,reference_r3,17.979999999999997,49.84832800000001,200810,-31.868328000000012
LA-VT,200901,1,climatology,reference_r3,7.815081999999997,21.592998,200901,-13.777916000000005
LA-VT,200902,2,climatology,reference_r3,3.934482,14.355337,200901,-10.420855
LA-VT,200903,3,climatology,reference_r3,7.282829999999999,6.595117,200901,0.6877129999999987
LA-VT,200904,1,climatology,reference_r3,9.680054000000002,10.836351,200904,-1.1562969999999986
LA-VT,200905,2,climatology,reference_r3,27.720475,114.010535,200904,-86.29006000000001
LA-VT,200906,3,climatology,reference_r3,38.075081999999995,196.674877,200904,-158.59979500000003
LA-VT,200907,1,climatology,reference_r3,86.36204900000001,171.25835999999998,200907,-84.89631099999997
LA-VT,200908,2,climatology,reference_r3,101.891894,198.768989,200907,-96.87709500000001
LA-VT,200909,3,climatology,reference_r3,112.384425,287.536237,200907,-175.15181200000004
LA-VT,200910,1,climatology,reference_r3,145.485435,204.543601,200910,-59.058166
LA-VT,200911,2,climatology,reference_r3,297.66520299999996,299.916196,200910,-2.250993000000051
LA-VT,200912,3,climatology,reference_r3,224.551238,225.463204,200910,-0.9119659999999783
LA-XA,200801,1,climatology,reference_r3,0.17,1.1108160000000002,200801,-0.9408160000000002
LA-XA,200802,2,climatology,reference_r3,0.9500000000000002,0.2130419999999999,200801,0.7369580000000002
LA-XA,200803,3,climatology,reference_r3,0.7399999999999998,0.1682739999999999,200801,0.5717259999999998
LA-XA,200804,1,climatology,reference_r3,3.460000000000001,1.05403,200804,2.405970000000001
LA-XA,200805,2,climatology,reference_r3,5.659999999999997,1.4987899999999996,200804,4.161209999999997
LA-XA,200806,3,climatology,reference_r3,14.03,2.1744769999999995,200804,11.855523
LA-XA,200807,1,climatology,reference_r3,24.69,11.302290999999997,200807,13.387709000000005
LA-XA,200808,2,climatology,reference_r3,9.729999999999997,4.398085999999999,200807,5.331913999999998
LA-XA,200809,3,climatology,reference_r3,4.75,2.9016810000000035,200807,1.8483189999999965
LA-XA,200810,1,climatology,reference_r3,1.5699999999999994,1.5543209999999998,200810,0.015678999999999554
LA-XA,200811,2,climatology,reference_r3,1.83,1.090963,200810,0.7390370000000002
LA-XA,200812,3,climatology,reference_r3,1.9600000000000009,0.4136139999999999,200810,1.546386000000001
LA-XA,200901,1,climatology,reference_r3,0.1407769999999999,0.111623,200901,0.029153999999999902
LA-XA,200902,2,climatology,reference_r3,0.7866949999999999,0.039612,200901,0.7470829999999999
LA-XA,200903,3,climatology,reference_r3,0.6127940000000001,0.205743,200901,0.40705100000000005
LA-XA,200904,1,climatology,reference_r3,2.8624980000000004,0.307819,200904,2.5546790000000006
LA-XA,200905,2,climatology,reference_r3,4.777046000000006,1.071732,200904,3.7053140000000058
LA-XA,200906,3,climatology,reference_r3,13.430243,5.569809,200904,7.860434000000001
LA-XA,200907,1,climatology,reference_r3,22.570512,5.943300000000001,200907,16.627212
LA-XA,200908,2,climatology,reference_r3,13.305413,25.179608,200907,-11.874195000000002
LA-XA,200909,3,climatology,reference_r3,6.654747,6.306405999999999,200907,0.34834100000000134
LA-XA,200910,1,climatology,reference_r3,2.0250260000000004,4.687617000000001,200910,-2.662591000000001
LA-XA,200911,2,climatology,reference_r3,3.421968000000001,1.8435689999999996,200910,1.5783990000000014
LA-XA,200912,3,climatology,reference_r3,1.5319850000000006,1.3938480000000002,200910,0.1381370000000004
LA-XE,200801,1,climatology,reference_r3,0.09,0.0203689999999999,200801,0.0696310000000001
LA-XE,200802,2,climatology,reference_r3,0.12,0.008834,200801,0.111166
LA-XE,200803,3,climatology,reference_r3,0.0,0.004821,200801,-0.004821
LA-XE,200804,1,climatology,reference_r3,0.0246419999999999,0.0298869999999999,200804,-0.005245
LA-XE,200805,2,climatology,reference_r3,0.08,0.045142,200804,0.034858
LA-XE,200806,3,climatology,reference_r3,3.15,3.906143,200804,-0.7561430000000002
LA-XE,200807,1,climatology,reference_r3,0.4000000000000001,0.4150019999999994,200807,-0.01500199999999935
LA-XE,200808,2,climatology,reference_r3,0.1899999999999999,0.5209220000000006,200807,-0.33092200000000066
LA-XE,200809,3,climatology,reference_r3,0.6699999999999999,0.6863719999999995,200807,-0.01637199999999961
LA-XE,200810,1,climatology,reference_r3,0.5599999999999998,0.0584329999999999,200810,0.5015669999999999
LA-XE,200811,2,climatology,reference_r3,0.0246419999999999,0.04886,200810,-0.0242180000000001
LA-XE,200812,3,climatology,reference_r3,0.790321,0.8194619999999999,200810,-0.02914099999999986
LA-XE,200901,1,climatology,reference_r3,0.074529,0.006439,200901,0.06809
LA-XE,200902,2,climatology,reference_r3,1.371372,1.877285,200901,-0.5059130000000001
LA-XE,200903,3,climatology,reference_r3,2.0,1.74852,200901,0.2514799999999999
LA-XE,200904,1,climatology,reference_r3,0.8200000000000001,0.524918,200904,0.29508200000000007
LA-XE,200905,2,climatology,reference_r3,1.338248,0.995196,200904,0.34305200000000013
LA-XE,200906,3,climatology,reference_r3,6.6023309999999995,6.082333,200904,0.5199979999999993
LA-XE,200907,1,climatology,reference_r3,26.41924,27.104156,200907,-0.6849160000000012
LA-XE,200908,2,climatology,reference_r3,25.883339,24.184106,200907,1.6992329999999995
LA-XE,200909,3,climatology,reference_r3,4.097554,4.707744999999999,200907,-0.6101909999999995
LA-XE,200910,1,climatology,reference_r3,4.551736,2.7683170000000015,200910,1.7834189999999985
LA-XE,200911,2,climatology,reference_r3,2.6199999999999997,2.766860000000001,200910,-0.14686000000000154
LA-XE,200912,3,climatology,reference_r3,6.64,6.505773000000005,200910,0.13422699999999477
LA-XI,200801,1,climatology,reference_r3,0.0,0.0005819999999999,200801,-0.0005819999999999
LA-XI,200802,2,climatology,reference_r3,0.0,8.099999999999948e-05,200801,-8.099999999999948e-05
LA-XI,200803,3,climatology,reference_r3,0.0,0.0002899999999999,200801,-0.0002899999999999
LA-XI,200804,1,climatology,reference_r3,0.0,0.001029,200804,-0.001029
LA-XI,200805,2,climatology,reference_r3,0.0,0.001223,200804,-0.001223
LA-XI,200806,3,climatology,reference_r3,1.0,0.927383,200804,0.07261700000000004
LA-XI,200807,1,climatology,reference_r3,0.0,0.363836,200807,-0.363836
LA-XI,200808,2,climatology,reference_r3,0.02,0.4009730000000004,200807,-0.3809730000000004
LA-XI,200809,3,climatology,reference_r3,0.01,0.4440650000000001,200807,-0.4340650000000001
LA-XI,200810,1,climatology,reference_r3,0.0,0.0124549999999999,200810,-0.0124549999999999
LA-XI,200811,2,climatology,reference_r3,0.01,0.006938,200810,0.0030620000000000005
LA-XI,200812,3,climatology,reference_r3,0.0,0.001908,200810,-0.001908
LA-XI,200901,1,climatology,reference_r3,0.0,0.000855,200901,-0.000855
LA-XI,200902,2,climatology,reference_r3,0.0,0.0022,200901,-0.0022
LA-XI,200903,3,climatology,reference_r3,0.0,0.0011419999999999,200901,-0.0011419999999999
LA-XI,200904,1,climatology,reference_r3,0.0,0.000343,200904,-0.000343
LA-XI,200905,2,climatology,reference_r3,39.0,38.91347,200904,0.08653000000000333
LA-XI,200906,3,climatology,reference_r3,32.826281,32.841024999999995,200904,-0.014743999999993207
LA-XI,200907,1,climatology,reference_r3,1.0,0.6216379999999999,200907,0.3783620000000001
LA-XI,200908,2,climatology,reference_r3,9.652562,7.786625000000001,200907,1.8659369999999988
LA-XI,200909,3,climatology,reference_r3,0.0082809999999999,0.1301489999999998,200907,-0.1218679999999999
LA-XI,200910,1,climatology,reference_r3,0.0,1.073362,200910,-1.073362
LA-XI,200911,2,climatology,reference_r3,0.0082809999999999,0.3366849999999999,200910,-0.32840400000000003
LA-XI,200912,3,climatology,reference_r3,0.0,0.172367,200910,-0.172367
LA-AT,200801,1,climatology,reference_r4,4.0,2.940606,200801,1.0593940000000002
LA-AT,200802,2,climatology,reference_r4,1.63,1.257416,200801,0.3725839999999998
LA-AT,200803,3,climatology,reference_r4,0.0,0.080566,200801,-0.080566
LA-AT,200804,1,climatology,reference_r4,0.02,0.494324,200804,-0.47432399999999997
LA-AT,200805,2,climatology,reference_r4,3.45,1.3447549999999997,200804,2.1052450000000005
LA-AT,200806,3,climatology,reference_r4,8.86,3.709752,200804,5.1502479999999995
LA-AT,200807,1,climatology,reference_r4,4.54,3.516498999999996,200807,1.023501000000004
LA-AT,200808,2,climatology,reference_r4,9.47,6.484037999999998,200807,2.9859620000000024
LA-AT,200809,3,climatology,reference_r4,17.57,16.688795,200807,0.8812050000000013
LA-AT,200810,1,climatology,reference_r4,38.95,31.125575000000005,200810,7.824424999999998
LA-AT,200811,2,climatology,reference_r4,43.0,35.459612,200810,7.540388
LA-AT,200812,3,climatology,reference_r4,22.28,17.743806,200810,4.536194000000002
LA-AT,200901,1,climatology,reference_r4,17.305124,8.205105,200901,9.100019
LA-AT,200902,2,climatology,reference_r4,45.164529,36.638995,200901,8.525534
LA-AT,200903,3,climatology,reference_r4,77.0,55.84772099999999,200901,21.152279000000007
LA-AT,200904,1,climatology,reference_r4,98.652562,50.889222,200904,47.76334000000001
LA-AT,200905,2,climatology,reference_r4,0.1242149999999999,50.47987100000002,200904,-50.35565600000002
LA-AT,200906,3,climatology,reference_r4,21.319868,39.294937,200904,-17.975068999999998
LA-AT,200907,1,climatology,reference_r4,61.750116,48.063233,200907,13.686883000000002
LA-AT,200908,2,climatology,reference_r4,17.823736,14.612253999999998,200907,3.211482000000002
LA-AT,200909,3,climatology,reference_r4,10.060613,10.286309,200907,-0.22569599999999923
LA-AT,200910,1,climatology,reference_r4,4.830283999999999,6.444138000000002,200910,-1.6138540000000035
LA-AT,200911,2,climatology,reference_r4,13.444083,6.378180999999998,200910,7.065902000000001
LA-AT,200912,3,climatology,reference_r4,4.502959,4.568213,200910,-0.06525400000000037
LA-BK,200801,1,climatology,reference_r4,0.81,0.970225,200801,-0.16022499999999995
LA-BK,200802,2,climatology,reference_r4,0.01,3.600000000000044e-05,200801,0.009964
LA-BK,200803,3,climatology,reference_r4,0.01,4.900000000000043e-05,200801,0.009951
LA-BK,200804,1,climatology,reference_r4,0.01,0.0042989999999999,200804,0.0057010000000001
LA-BK,200805,2,climatology,reference_r4,11.64,11.532724,200804,0.1072760000000006
LA-BK,200806,3,climatology,reference_r4,52.17,52.21612,200804,-0.04611999999999483
LA-BK,200807,1,climatology,reference_r4,0.6600000000000001,1.815097999999999,200807,-1.1550979999999988
LA-BK,200808,2,climatology,reference_r4,6.84,6.014073000000002,200807,0.8259269999999983
LA-BK,200809,3,climatology,reference_r4,29.34,21.832803,200807,7.5071970000000015
LA-BK,200810,1,climatology,reference_r4,44.92,23.075999999999993,200810,21.84400000000001
LA-BK,200811,2,climatology,reference_r4,55.0,48.554433,200810,6.445566999999997
LA-BK,200812,3,climatology,reference_r4,5.0,3.0128570000000003,200810,1.9871429999999997
LA-BK,200901,1,climatology,reference_r4,0.6691239999999999,0.468653,200901,0.20047099999999995
LA-BK,200902,2,climatology,reference_r4,0.0082809999999999,0.393014,200901,-0.3847330000000001
LA-BK,200903,3,climatology,reference_r4,0.826281,0.8515650000000003,200901,-0.025284000000000306
LA-BK,200904,1,climatology,reference_r4,2.826281,1.3115760000000003,200904,1.5147049999999995
LA-BK,200905,2,climatology,reference_r4,71.61762,43.079332,200904,28.538288
LA-BK,200906,3,climatology,reference_r4,206.10648,146.248686,200904,59.85779400000001
LA-BK,200907,1,climatology,reference_r4,209.635455,184.980924,200907,24.65453100000002
LA-BK,200908,2,climatology,reference_r4,106.650017,87.752117,200907,18.897900000000007
LA-BK,200909,3,climatology,reference_r4,43.240067,36.954396,200907,6.285671000000001
LA-BK,200910,1,climatology,reference_r4,23.210034,20.29888799999999,200910,2.9111460000000093
LA-BK,200911,2,climatology,reference_r4,4.5454550000000005,14.316450000000003,200910,-9.770995000000003
LA-BK,200912,3,climatology,reference_r4,3.313405,4.118297999999999,200910,-0.8048929999999994
LA-BL,200801,1,climatology,reference_r4,5.6899999999999995,5.386182,200801,0.3038179999999997
LA-BL,200802,2,climatology,reference_r4,2.88,5.796976,200801,-2.916976
LA-BL,200803,3,climatology,reference_r4,2.29,0.4501950000000001,200801,1.839805
LA-BL,200804,1,climatology,reference_r4,2.8299999999999996,1.3802889999999994,200804,1.4497110000000002
LA-BL,200805,2,climatology,reference_r4,9.2,5.112352000000001,200804,4.087647999999998
LA-BL,200806,3,climatology,reference_r4,10.070000000000002,6.207605000000001,200804,3.862395000000001
LA-BL,200807,1,climatology,reference_r4,27.62,20.095872,200807,7.524128000000001
LA-BL,200808,2,climatology,reference_r4,19.03,20.43022,200807,-1.4002199999999974
LA-BL,200809,3,climatology,reference_r4,25.370000000000005,18.198658,200807,7.171342000000006
LA-BL,200810,1,climatology,reference_r4,16.870000000000005,9.569141000000002,200810,7.300859000000003
LA-BL,200811,2,climatology,reference_r4,6.290000000000001,4.0177179999999995,200810,2.2722820000000015
LA-BL,200812,3,climatology,reference_r4,2.05,0.957545,200810,1.0924549999999997
LA-BL,200901,1,climatology,reference_r4,0.7038849999999999,0.741419,200901,-0.03753400000000018
LA-BL,200902,2,climatology,reference_r4,0.926381,1.634331,200901,-0.70795
LA-BL,200903,3,climatology,reference_r4,2.5287120000000005,1.3598209999999995,200901,1.168891000000001
LA-BL,200904,1,climatology,reference_r4,2.7938859999999996,0.8033060000000001,200904,1.9905799999999996
LA-BL,200905,2,climatology,reference_r4,17.157429000000004,3.7694420000000006,200904,13.387987000000003
LA-BL,200906,3,climatology,reference_r4,16.873330000000003,5.676852,200904,11.196478000000003
LA-BL,200907,1,climatology,reference_r4,20.996472,21.156795,200907,-0.16032299999999822
LA-BL,200908,2,climatology,reference_r4,33.260011999999996,6.483022999999996,200907,26.776989
LA-BL,200909,3,climatology,reference_r4,41.130528,4.902146999999999,200907,36.228381
LA-BL,200910,1,climatology,reference_r4,17.210586000000003,5.2166650000000025,200910,11.993921
LA-BL,200911,2,climatology,reference_r4,11.201476,2.546054999999999,200910,8.655421
LA-BL,200912,3,climatology,reference_r4,1.6965139999999996,0.6497229999999998,200910,1.0467909999999998
LA-CH,200801,1,climatology,reference_r4,47.5,28.152776,200801,19.347224
LA-CH,200802,2,climatology,reference_r4,53.03999999999999,43.61334600000001,200801,9.426653999999985
LA-CH,200803,3,climatology,reference_r4,50.58,50.609132,200801,-0.029132000000004155
LA-CH,200804,1,climatology,reference_r4,31.85,23.927628000000013,200804,7.922371999999989
LA-CH,200805,2,climatology,reference_r4,38.959999999999994,52.145272999999975,200804,-13.185272999999981
LA-CH,200806,3,climatology,reference_r4,127.17000000000002,100.50440699999996,200804,26.665593000000058
LA-CH,200807,1,climatology,reference_r4,41.25,94.05337899999996,200807,-52.803378999999964
LA-CH,200808,2,climatology,reference_r4,42.510000000000005,85.78397100000001,200807,-43.273971
LA-CH,200809,3,climatology,reference_r4,49.599999999999994,115.38040200000005,200807,-65.78040200000005
LA-CH,200810,1,climatology,reference_r4,37.669999999999995,47.810489,200810,-10.140489000000002
LA-CH,200811,2,climatology,reference_r4,41.07000000000001,48.590457,200810,-7.520456999999993
LA-CH,200812,3,climatology,reference_r4,33.34,33.142876,200810,0.1971240000000023
LA-CH,200901,1,climatology,reference_r4,10.890717,9.965995000000005,200901,0.9247219999999956
LA-CH,200902,2,climatology,reference_r4,19.093116999999996,22.92292,200901,-3.8298030000000054
LA-CH,200903,3,climatology,reference_r4,21.42854,21.302821,200901,0.12571900000000014
LA-CH,200904,1,climatology,reference_r4,53.487149,35.388784,200904,18.098365
LA-CH,200905,2,climatology,reference_r4,19.053490000000004,69.947291,200904,-50.893801
LA-CH,200906,3,climatology,reference_r4,30.695037999999997,86.26205299999998,200904,-55.567014999999984
LA-CH,200907,1,climatology,reference_r4,45.004213,70.4814379999998,200907,-25.477224999999798
LA-CH,200908,2,climatology,reference_r4,44.17307600000001,63.963347,200907,-19.79027099999999
LA-CH,200909,3,climatology,reference_r4,32.110839000000006,60.33935299999996,200907,-28.228513999999954
LA-CH,200910,1,climatology,reference_r4,23.227603,20.052890999999995,200910,3.174712000000003
LA-CH,200911,2,climatology,reference_r4,12.418226999999998,20.051798000000005,200910,-7.633571000000007
LA-CH,200912,3,climatology,reference_r4,14.757385999999997,11.754171000000008,200910,3.0032149999999884
LA-HO,200801,1,climatology,reference_r4,0.01,0.0038069999999999,200801,0.0061930000000001
LA-HO,200802,2,climatology,reference_r4,0.01,0.000972,200801,0.009028
LA-HO,200803,3,climatology,reference_r4,0.01,0.007387,200801,0.002613
LA-HO,200804,1,climatology,reference_r4,0.01,0.006794,200804,0.0032060000000000005
LA-HO,200805,2,climatology,reference_r4,0.0,0.012212,200804,-0.012212
LA-HO,200806,3,climatology,reference_r4,0.0599999999999999,0.0083169999999999,200804,0.051683
LA-HO,200807,1,climatology,reference_r4,0.1999999999999999,0.4168439999999993,200807,-0.21684399999999943
LA-HO,200808,2,climatology,reference_r4,0.0,0.4448109999999996,200807,-0.4448109999999996
LA-HO,200809,3,climatology,reference_r4,0.6900000000000002,0.6829420000000006,200807,0.007057999999999565
LA-HO,200810,1,climatology,reference_r4,0.02,0.064409,200810,-0.04440899999999999
LA-HO,200811,2,climatology,reference_r4,0.0,0.0059799999999999,200810,-0.0059799999999999
LA-HO,200812,3,climatology,reference_r4,0.65,0.91401,200810,-0.26400999999999997
LA-HO,200901,1,climatology,reference_r4,0.0082809999999999,0.0125029999999999,200901,-0.004222
LA-HO,200902,2,climatology,reference_r4,0.0082809999999999,0.026476,200901,-0.0181950000000001
LA-HO,200903,3,climatology,reference_r4,0.0082809999999999,0.031278,200901,-0.0229970000000001
LA-HO,200904,1,climatology,reference_r4,0.0082809999999999,0.0052949999999999,200904,0.002986
LA-HO,200905,2,climatology,reference_r4,0.0,0.011554,200904,-0.011554
LA-HO,200906,3,climatology,reference_r4,0.049686,0.040711,200904,0.008975000000000004
LA-HO,200907,1,climatology,reference_r4,0.16562,0.3862110000000003,200907,-0.22059100000000031
LA-HO,200908,2,climatology,reference_r4,0.0,0.5098350000000007,200907,-0.5098350000000007
LA-HO,200909,3,climatology,reference_r4,0.5699339999999999,0.7183229999999998,200907,-0.14838899999999988
LA-HO,200910,1,climatology,reference_r4,0.834562,0.5770949999999999,200910,0.2574670000000001
LA-HO,200911,2,climatology,reference_r4,1.0,0.711921,200910,0.288079
LA-HO,200912,3,climatology,reference_r4,0.53681,0.861452,200910,-0.324642
LA-KH,200801,1,climatology,reference_r4,1.1499999999999997,0.7286899999999998,200801,0.42130999999999985
LA-KH,200802,2,climatology,reference_r4,0.1499999999999999,0.095881,200801,0.05411899999999992
LA-KH,200803,3,climatology,reference_r4,0.04,0.085457,200801,-0.045457000000000004
LA-KH,200804,1,climatology,reference_r4,0.1099999999999999,0.483166,200804,-0.3731660000000001
LA-KH,200805,2,climatology,reference_r4,1.38,1.1827940000000003,200804,0.19720599999999955
LA-KH,200806,3,climatology,reference_r4,8.940000000000001,2.609496,200804,6.330504000000001
LA-KH,200807,1,climatology,reference_r4,35.06999999999999,3.5866049999999987,200807,31.483394999999994
LA-KH,200808,2,climatology,reference_r4,37.92,4.534191999999997,200807,33.385808000000004
LA-KH,200809,3,climatology,reference_r4,14.089999999999996,4.3197059999999965,200807,9.770294
LA-KH,200810,1,climatology,reference_r4,5.470000000000001,0.6818619999999997,200810,4.788138000000001
LA-KH,200811,2,climatology,reference_r4,1.4299999999999995,1.625334,200810,-0.19533400000000056
LA-KH,200812,3,climatology,reference_r4,3.69,3.2899749999999996,200810,0.4000250000000003
LA-KH,200901,1,climatology,reference_r4,0.9523149999999996,0.053555,200901,0.8987599999999996
LA-KH,200902,2,climatology,reference_r4,0.1242149999999999,0.0262599999999999,200901,0.09795499999999999
LA-KH,200903,3,climatology,reference_r4,5.305124,4.688714,200901,0.6164100000000001
LA-KH,200904,1,climatology,reference_r4,0.091091,0.3390330000000001,200904,-0.24794200000000008
LA-KH,200905,2,climatology,reference_r4,4.0487779999999995,2.229423,200904,1.8193549999999994
LA-KH,200906,3,climatology,reference_r4,46.36775900000001,64.261183,200904,-17.893423999999996
LA-KH,200907,1,climatology,reference_r4,68.223464,111.68224499999997,200907,-43.45878099999996
LA-KH,200908,2,climatology,reference_r4,171.36027,238.622588,200907,-67.262318
LA-KH,200909,3,climatology,reference_r4,187.121383,212.138103,200907,-25.016719999999992
LA-KH,200910,1,climatology,reference_r4,57.593343,41.99305699999999,200910,15.600286000000004
LA-KH,200911,2,climatology,reference_r4,54.814001,23.480333,200910,31.333667999999996
LA-KH,200912,3,climatology,reference_r4,52.764233,31.461151,200910,21.303081999999996
LA-LM,200801,1,climatology,reference_r4,0.0,0.0001449999999999,200801,-0.0001449999999999
LA-LM,200802,2,climatology,reference_r4,0.0,6.399999999999982e-05,200801,-6.399999999999982e-05
LA-LM,200803,3,climatology,reference_r4,0.0499999999999999,3.600000000000044e-05,200801,0.0499639999999999
LA-LM,200804,1,climatology,reference_r4,0.01,0.0002249999999999,200804,0.0097750000000001
LA-LM,200805,2,climatology,reference_r4,0.0,0.0019169999999999,200804,-0.0019169999999999
LA-LM,200806,3,climatology,reference_r4,0.0,0.0028719999999999,200804,-0.0028719999999999
LA-LM,200807,1,climatology,reference_r4,0.0499999999999999,0.9857340000000008,200807,-0.9357340000000008
LA-LM,200808,2,climatology,reference_r4,0.0299999999999999,0.5268149999999991,200807,-0.49681499999999923
LA-LM,200809,3,climatology,reference_r4,0.0,0.8116540000000008,200807,-0.8116540000000008
LA-LM,200810,1,climatology,reference_r4,0.09,0.0282749999999999,200810,0.0617250000000001
LA-LM,200811,2,climatology,reference_r4,0.02,0.002547,200810,0.017453
LA-LM,200812,3,climatology,reference_r4,0.0,0.0006259999999999,200810,-0.0006259999999999
LA-LM,200901,1,climatology,reference_r4,0.0,0.0001449999999999,200901,-0.0001449999999999
LA-LM,200902,2,climatology,reference_r4,0.0,0.0001209999999999,200901,-0.0001209999999999
LA-LM,200903,3,climatology,reference_r4,0.041405,0.0004879999999999,200901,0.0409170000000001
LA-LM,200904,1,climatology,reference_r4,0.826281,0.952581,200904,-0.12629999999999997
LA-LM,200905,2,climatology,reference_r4,0.0,0.003375,200904,-0.003375
LA-LM,200906,3,climatology,reference_r4,2.0,1.779479,200904,0.22052099999999997
LA-LM,200907,1,climatology,reference_r4,0.677405,1.060841,200907,-0.3834359999999999
LA-LM,200908,2,climatology,reference_r4,0.024843,1.3580590000000043,200907,-1.3332160000000044
LA-LM,200909,3,climatology,reference_r4,4.0,2.5135840000000016,200907,1.4864159999999984
LA-LM,200910,1,climatology,reference_r4,4.164529,2.8886710000000004,200910,1.2758579999999995
LA-LM,200911,2,climatology,reference_r4,5.652562,4.443423,200910,1.2091389999999995
LA-LM,200912,3,climatology,reference_r4,4.0,3.463991,200910,0.536009
LA-LP,200801,1,climatology,reference_r4,0.1999999999999999,0.8509699999999998,200801,-0.6509699999999998
LA-LP,200802,2,climatology,reference_r4,13.92,14.226982,200801,-0.30698199999999964
LA-LP,200803,3,climatology,reference_r4,20.81,20.559279,200801,0.25072099999999864
LA-LP,200804,1,climatology,reference_r4,31.229999999999997,17.089113,200804,14.140886999999996
LA-LP,200805,2,climatology,reference_r4,107.3,69.12398400000001,200804,38.17601599999999
LA-LP,200806,3,climatology,reference_r4,132.97,83.551519,200804,49.418481
LA-LP,200807,1,climatology,reference_r4,10.659999999999998,9.939164000000002,200807,0.7208359999999967
LA-LP,200808,2,climatology,reference_r4,12.43,8.521204000000001,200807,3.908795999999999
LA-LP,200809,3,climatology,reference_r4,10.5,8.899235999999998,200807,1.6007640000000016
LA-LP,200810,1,climatology,reference_r4,9.55,16.340684000000003,200810,-6.790684000000002
LA-LP,200811,2,climatology,reference_r4,103.0,109.266509,200810,-6.266508999999999
LA-LP,200812,3,climatology,reference_r4,126.82,158.11663,200810,-31.296629999999993
LA-LP,200901,1,climatology,reference_r4,0.16562,7.373391999999999,200901,-7.207771999999999
LA-LP,200902,2,climatology,reference_r4,0.5962320000000001,6.8481760000000005,200901,-6.251944
LA-LP,200903,3,climatology,reference_r4,0.4720169999999997,14.776713,200901,-14.304696000000002
LA-LP,200904,1,climatology,reference_r4,0.8104469999999999,11.220066,200904,-10.409619
LA-LP,200905,2,climatology,reference_r4,3.589589,35.441478000000004,200904,-31.851889000000003
LA-LP,200906,3,climatology,reference_r4,5.813261999999998,70.76695899999999,200904,-64.95369699999999
LA-LP,200907,1,climatology,reference_r4,4.452995999999999,20.183689,200907,-15.730693000000002
LA-LP,200908,2,climatology,reference_r4,8.377825999999999,19.869366999999997,200907,-11.491540999999998
LA-LP,200909,3,climatology,reference_r4,238.358321,275.812006,200907,-37.45368500000001
LA-LP,200910,1,climatology,reference_r4,126.23871400000002,75.76743399999998,200910,50.471280000000036
LA-LP,200911,2,climatology,reference_r4,61.383126999999995,36.810936,200910,24.572190999999997
LA-LP,200912,3,climatology,reference_r4,7.821726000000002,5.227954,200910,2.5937720000000013
LA-OU,200801,1,climatology,reference_r4,0.0,0.0004419999999999,200801,-0.0004419999999999
LA-OU,200802,2,climatology,reference_r4,0.0,0.0002249999999999,200801,-0.0002249999999999
LA-OU,200803,3,climatology,reference_r4,0.0,2.499999999999985e-05,200801,-2.499999999999985e-05
LA-OU,200804,1,climatology,reference_r4,0.0,0.000962,200804,-0.000962
LA-OU,200805,2,climatology,reference_r4,0.01,0.008625,200804,0.0013749999999999995
LA-OU,200806,3,climatology,reference_r4,0.01,0.0110889999999999,200804,-0.001088999999999899
LA-OU,200807,1,climatology,reference_r4,0.04,2.1414350000000013,200807,-2.1014350000000013
LA-OU,200808,2,climatology,reference_r4,0.12,1.392761,200807,-1.272761
LA-OU,200809,3,climatology,reference_r4,0.04,1.5584540000000011,200807,-1.518454000000001
LA-OU,200810,1,climatology,reference_r4,0.0799999999999999,0.035744,200810,0.044255999999999907
LA-OU,200811,2,climatology,reference_r4,0.01,0.0048789999999999,200810,0.0051210000000001
LA-OU,200812,3,climatology,reference_r4,0.0,0.001686,200810,-0.001686
LA-OU,200901,1,climatology,reference_r4,0.0,8.099999999999948e-05,200901,-8.099999999999948e-05
LA-OU,200902,2,climatology,reference_r4,0.0,0.0004889999999999,200901,-0.0004889999999999
LA-OU,200903,3,climatology,reference_r4,0.0,0.0002559999999999,200901,-0.0002559999999999
LA-OU,200904,1,climatology,reference_r4,0.0,0.001093,200904,-0.001093
LA-OU,200905,2,climatology,reference_r4,0.0082809999999999,0.0035089999999999,200904,0.004772
LA-OU,200906,3,climatology,reference_r4,0.0082809999999999,0.017178,200904,-0.0088970000000001
LA-OU,200907,1,climatology,reference_r4,0.0331239999999999,2.201894000000003,200907,-2.168770000000003
LA-OU,200908,2,climatology,reference_r4,0.7353719999999999,2.1174859999999995,200907,-1.3821139999999996
LA-OU,200909,3,climatology,reference_r4,14.669124,9.036583999999998,200907,5.632540000000002
LA-OU,200910,1,climatology,reference_r4,4.974247999999999,2.356514,200910,2.617733999999999
LA-OU,200911,2,climatology,reference_r4,12.826281,8.297554,200910,4.528727
LA-OU,200912,3,climatology,reference_r4,18.0,16.259750999999998,200910,1.7402490000000022
LA-PH,200901,1,climatology,reference_r4,0.0,0.008394,200901,-0.008394
LA-PH,200902,2,climatology,reference_r4,0.0,0.013747,200901,-0.013747
LA-PH,200903,3,climatology,reference_r4,0.0,0.011909,200901,-0.011909
LA-PH,200904,1,climatology,reference_r4,0.0,0.003346,200904,-0.003346
LA-PH,200905,2,climatology,reference_r4,0.0,0.0070159999999999,200904,-0.0070159999999999
LA-PH,200906,3,climatology,reference_r4,0.0,0.0270019999999999,200904,-0.0270019999999999
LA-PH,200907,1,climatology,reference_r4,0.0,0.2708350000000004,200907,-0.2708350000000004
LA-PH,200909,3,climatology,reference_r4,0.04,0.3815790000000003,200907,-0.3415790000000003
LA-PH,200910,1,climatology,reference_r4,0.0,0.0146899999999999,200910,-0.0146899999999999
LA-PH,200911,2,climatology,reference_r4,0.0,0.007834,200910,-0.007834
LA-PH,200912,3,climatology,reference_r4,0.0,0.000958,200910,-0.000958
LA-SL,200801,1,climatology,reference_r4,0.1099999999999999,0.8905020000000001,200801,-0.7805020000000003
LA-SL,200802,2,climatology,reference_r4,1.0,0.3990359999999999,200801,0.600964
LA-SL,200803,3,climatology,reference_r4,4.62,3.711126,200801,0.908874
LA-SL,200804,1,climatology,reference_r4,2.0,0.8232109999999997,200804,1.1767890000000003
LA-SL,200805,2,climatology,reference_r4,82.75,88.017715,200804,-5.2677149999999955
LA-SL,200806,3,climatology,reference_r4,206.97,182.706523,200804,24.263476999999995
LA-SL,200807,1,climatology,reference_r4,75.25,49.287558,200807,25.962442000000003
LA-SL,200808,2,climatology,reference_r4,52.45,40.490459,200807,11.959541000000002
LA-SL,200809,3,climatology,reference_r4,76.05,55.946118,200807,20.103882
LA-SL,200810,1,climatology,reference_r4,89.54,37.46216799999999,200810,52.077832000000015
LA-SL,200811,2,climatology,reference_r4,19.16,7.654614,200810,11.505386000000001
LA-SL,200812,3,climatology,reference_r4,5.69,2.8154619999999992,200810,2.874538000000001
LA-SL,200901,1,climatology,reference_r4,0.545091,1.3520469999999998,200901,-0.8069559999999998
LA-SL,200902,2,climatology,reference_r4,23.826281,19.347832,200901,4.478449000000001
LA-SL,200903,3,climatology,reference_r4,23.817091,13.138766,200901,10.678325000000001
LA-SL,200904,1,climatology,reference_r4,18.652562,5.792517,200904,12.860045
LA-SL,200905,2,climatology,reference_r4,83.899938,43.786785,200904,40.113153000000004
LA-SL,200906,3,climatology,reference_r4,30.133145000000003,32.51208700000001,200904,-2.3789420000000057
LA-SL,200907,1,climatology,reference_r4,148.17646399999998,115.68452800000004,200907,32.49193599999994
LA-SL,200908,2,climatology,reference_r4,107.331804,88.35168499999999,200907,18.980119000000016
LA-SL,200909,3,climatology,reference_r4,68.83130799999999,59.12957999999999,200907,9.701728000000003
LA-SL,200910,1,climatology,reference_r4,76.984001,35.440118999999996,200910,41.54388200000001
LA-SL,200911,2,climatology,reference_r4,38.830017000000005,18.679802999999993,200910,20.150214000000013
LA-SL,200912,3,climatology,reference_r4,13.699703,6.863837,200910,6.835865999999999
LA-SV,200801,1,climatology,reference_r4,1.7800000000000002,5.560211000000001,200801,-3.7802110000000004
LA-SV,200802,2,climatology,reference_r4,0.6200000000000001,1.067894,200801,-0.4478939999999998
LA-SV,200803,3,climatology,reference_r4,1.42,0.5567249999999999,200801,0.863275
LA-SV,200804,1,climatology,reference_r4,6.08,3.5868529999999996,200804,2.4931470000000004
LA-SV,200805,2,climatology,reference_r4,27.53,8.025956,200804,19.504044
LA-SV,200806,3,climatology,reference_r4,67.57,26.666359000000007,200804,40.903640999999986
LA-SV,200807,1,climatology,reference_r4,150.21999999999997,22.286722000000022,200807,127.93327799999994
LA-SV,200808,2,climatology,reference_r4,140.25,22.32373799999999,200807,117.92626200000001
LA-SV,200809,3,climatology,reference_r4,115.49,20.55244700000003,200807,94.93755299999997
LA-SV,200810,1,climatology,reference_r4,53.19,3.898237,200810,49.291762999999996
LA-SV,200811,2,climatology,reference_r4,12.810000000000002,0.7242839999999999,200810,12.085716000000001
LA-SV,200812,3,climatology,reference_r4,8.030000000000001,0.333579,200810,7.696421000000001
LA-SV,200901,1,climatology,reference_r4,1.7460180000000003,0.071555,200901,1.6744630000000003
LA-SV,200902,2,climatology,reference_r4,0.6034219999999999,0.0200209999999999,200901,0.5834010000000001
LA-SV,200903,3,climatology,reference_r4,1.0848110000000002,0.1542179999999999,200901,0.9305930000000002
LA-SV,200904,1,climatology,reference_r4,5.027028,0.193397,200904,4.833631
LA-SV,200905,2,climatology,reference_r4,23.760858999999996,1.2508590000000002,200904,22.509999999999998
LA-SV,200906,3,climatology,reference_r4,63.428528,1.6801389999999996,200904,61.748389
LA-SV,200907,1,climatology,reference_r4,123.24315,29.44706099999996,200907,93.79608900000004
LA-SV,200908,2,climatology,reference_r4,102.30625,32.6685369999999,200907,69.6377130000001
LA-SV,200909,3,climatology,reference_r4,77.799763,33.06885599999998,200907,44.730907000000016
LA-SV,200910,1,climatology,reference_r4,41.95170999999999,7.280832999999998,200910,34.67087699999999
LA-SV,200911,2,climatology,reference_r4,12.497231,13.82403,200910,-1.3267990000000012
LA-SV,200912,3,climatology,reference_r4,6.103097000000002,1.628926,200910,4.474171000000002
LA-VT,200801,1,climatology,reference_r4,10.87,10.804989,200801,0.06501099999999838
LA-VT,200802,2,climatology,reference_r4,9.38,3.935292000000001,200801,5.444708
LA-VT,200803,3,climatology,reference_r4,4.52,16.116372,200801,-11.596371999999999
LA-VT,200804,1,climatology,reference_r4,36.69,11.139016000000002,200804,25.550983999999996
LA-VT,200805,2,climatology,reference_r4,62.27,24.815482000000003,200804,37.454518
LA-VT,200806,3,climatology,reference_r4,83.00999999999999,79.70156100000003,200804,3.3084389999999644
LA-VT,200807,1,climatology,reference_r4,191.24999999999997,87.0091829999999,200807,104.24081700000008
LA-VT,200808,2,climatology,reference_r4,165.86,87.64179200000001,200807,78.218208
LA-VT,200809,3,climatology,reference_r4,113.29999999999998,97.86658499999989,200807,15.433415000000096
LA-VT,200810,1,climatology,reference_r4,129.48000000000002,36.63253,200810,92.84747000000002
LA-VT,200811,2,climatology,reference_r4,36.84,60.17981900000001,200810,-23.339819000000006
LA-VT,200812,3,climatology,reference_r4,17.979999999999997,51.16511799999999,200810,-33.185117999999996
LA-VT,200901,1,climatology,reference_r4,7.815081999999997,21.761033,200901,-13.945951000000004
LA-VT,200902,2,climatology,reference_r4,3.934482,12.86546,200901,-8.930978
LA-VT,200903,3,climatology,reference_r4,7.282829999999999,6.215401000000002,200901,1.067428999999997
LA-VT,200904,1,climatology,reference_r4,9.680054000000002,10.969666999999998,200904,-1.2896129999999957
LA-VT,200905,2,climatology,reference_r4,27.720475,110.53592700000002,200904,-82.81545200000002
LA-VT,200906,3,climatology,reference_r4,38.075081999999995,169.85351799999995,200904,-131.77843599999994
LA-VT,200907,1,climatology,reference_r4,86.36204900000001,173.05869499999994,200907,-86.69664599999993
LA-VT,200908,2,climatology,reference_r4,101.891894,210.0005450000001,200907,-108.10865100000011
LA-VT,200909,3,climatology,reference_r4,112.384425,275.74755000000005,200907,-163.36312500000005
LA-VT,200910,1,climatology,reference_r4,145.485435,200.38036600000004,200910,-54.89493100000004
LA-VT,200911,2,climatology,reference_r4,297.66520299999996,247.218792,200910,50.446410999999955
LA-VT,200912,3,climatology,reference_r4,224.551238,237.076923,200910,-12.525684999999982
LA-XA,200801,1,climatology,reference_r4,0.17,0.937917,200801,-0.767917
LA-XA,200802,2,climatology,reference_r4,0.9500000000000002,0.246032,200801,0.7039680000000001
LA-XA,200803,3,climatology,reference_r4,0.7399999999999998,0.156616,200801,0.5833839999999998
LA-XA,200804,1,climatology,reference_r4,3.460000000000001,0.7415020000000001,200804,2.7184980000000007
LA-XA,200805,2,climatology,reference_r4,5.659999999999997,1.219445,200804,4.440554999999996
LA-XA,200806,3,climatology,reference_r4,14.03,2.2266060000000003,200804,11.803393999999999
LA-XA,200807,1,climatology,reference_r4,24.69,11.749201,200807,12.940799000000002
LA-XA,200808,2,climatology,reference_r4,9.729999999999997,4.581992,200807,5.148007999999997
LA-XA,200809,3,climatology,reference_r4,4.75,3.108659000000003,200807,1.641340999999997
LA-XA,200810,1,climatology,reference_r4,1.5699999999999994,1.6035130000000004,200810,-0.033513000000001014
LA-XA,200811,2,climatology,reference_r4,1.83,0.7189270000000003,200810,1.1110729999999998
LA-XA,200812,3,climatology,reference_r4,1.9600000000000009,0.38409,200810,1.5759100000000008
LA-XA,200901,1,climatology,reference_r4,0.1407769999999999,0.07726,200901,0.0635169999999999
LA-XA,200902,2,climatology,reference_r4,0.7866949999999999,0.04674,200901,0.7399549999999999
LA-XA,200903,3,climatology,reference_r4,0.6127940000000001,0.2377779999999999,200901,0.3750160000000001
LA-XA,200904,1,climatology,reference_r4,2.8624980000000004,0.354928,200904,2.5075700000000003
LA-XA,200905,2,climatology,reference_r4,4.777046000000006,1.100982,200904,3.6760640000000055
LA-XA,200906,3,climatology,reference_r4,13.430243,5.649157999999999,200904,7.781085000000002
LA-XA,200907,1,climatology,reference_r4,22.570512,6.153162000000002,200907,16.41735
LA-XA,200908,2,climatology,reference_r4,13.305413,22.79703300000001,200907,-9.49162000000001
LA-XA,200909,3,climatology,reference_r4,6.654747,6.221546999999994,200907,0.43320000000000647
LA-XA,200910,1,climatology,reference_r4,2.0250260000000004,4.338903000000002,200910,-2.3138770000000015
LA-XA,200911,2,climatology,reference_r4,3.421968000000001,2.590086000000001,200910,0.8318819999999998
LA-XA,200912,3,climatology,reference_r4,1.5319850000000006,1.2576079999999998,200910,0.27437700000000076
LA-XE,200801,1,climatology,reference_r4,0.09,0.0150889999999999,200801,0.0749110000000001
LA-XE,200802,2,climatology,reference_r4,0.12,0.003747,200801,0.116253
LA-XE,200803,3,climatology,reference_r4,0.0,0.003433,200801,-0.003433
LA-XE,200804,1,climatology,reference_r4,0.0246419999999999,0.011745,200804,0.0128969999999999
LA-XE,200805,2,climatology,reference_r4,0.08,0.0455329999999999,200804,0.0344670000000001
LA-XE,200806,3,climatology,reference_r4,3.15,3.991869,200804,-0.841869
LA-XE,200807,1,climatology,reference_r4,0.4000000000000001,0.5954490000000003,200807,-0.19544900000000026
LA-XE,200808,2,climatology,reference_r4,0.1899999999999999,0.6949640000000006,200807,-0.5049640000000006
LA-XE,200809,3,climatology,reference_r4,0.6699999999999999,0.7518729999999998,200807,-0.08187299999999986
LA-XE,200810,1,climatology,reference_r4,0.5599999999999998,0.0478549999999999,200810,0.512145
LA-XE,200811,2,climatology,reference_r4,0.0246419999999999,0.009837,200810,0.0148049999999999
LA-XE,200812,3,climatology,reference_r4,0.790321,0.867007,200810,-0.07668599999999992
LA-XE,200901,1,climatology,reference_r4,0.074529,0.004179,200901,0.07035
LA-XE,200902,2,climatology,reference_r4,1.371372,1.872963,200901,-0.5015909999999999
LA-XE,200903,3,climatology,reference_r4,2.0,1.755906,200901,0.24409400000000003
LA-XE,200904,1,climatology,reference_r4,0.8200000000000001,0.5126379999999999,200904,0.30736200000000014
LA-XE,200905,2,climatology,reference_r4,1.338248,0.967369,200904,0.37087900000000007
LA-XE,200906,3,climatology,reference_r4,6.6023309999999995,5.750561,200904,0.8517699999999992
LA-XE,200907,1,climatology,reference_r4,26.41924,24.309591,200907,2.1096489999999974
LA-XE,200908,2,climatology,reference_r4,25.883339,21.774364,200907,4.108975000000001
LA-XE,200909,3,climatology,reference_r4,4.097554,3.804416,200907,0.2931379999999999
LA-XE,200910,1,climatology,reference_r4,4.551736,3.00741,200910,1.5443259999999999
LA-XE,200911,2,climatology,reference_r4,2.6199999999999997,9.003909,200910,-6.383909000000001
LA-XE,200912,3,climatology,reference_r4,6.64,8.447728999999995,200910,-1.8077289999999957
LA-XI,200801,1,climatology,reference_r4,0.0,0.0004849999999999,200801,-0.0004849999999999
LA-XI,200802,2,climatology,reference_r4,0.0,0.0001709999999999,200801,-0.0001709999999999
LA-XI,200803,3,climatology,reference_r4,0.0,0.00047,200801,-0.00047
LA-XI,200804,1,climatology,reference_r4,0.0,0.0003869999999999,200804,-0.0003869999999999
LA-XI,200805,2,climatology,reference_r4,0.0,0.00085,200804,-0.00085
LA-XI,200806,3,climatology,reference_r4,1.0,0.929361,200804,0.07063900000000001
LA-XI,200807,1,climatology,reference_r4,0.0,0.2423799999999998,200807,-0.2423799999999998
LA-XI,200808,2,climatology,reference_r4,0.02,0.3010999999999999,200807,-0.2810999999999999
LA-XI,200809,3,climatology,reference_r4,0.01,0.3256429999999994,200807,-0.3156429999999994
LA-XI,200810,1,climatology,reference_r4,0.0,0.017068,200810,-0.017068
LA-XI,200811,2,climatology,reference_r4,0.01,0.002919,200810,0.0070810000000000005
LA-XI,200812,3,climatology,reference_r4,0.0,0.0006509999999999,200810,-0.0006509999999999
LA-XI,200901,1,climatology,reference_r4,0.0,0.001391,200901,-0.001391
LA-XI,200902,2,climatology,reference_r4,0.0,0.0011069999999999,200901,-0.0011069999999999
LA-XI,200903,3,climatology,reference_r4,0.0,0.000858,200901,-0.000858
LA-XI,200904,1,climatology,reference_r4,0.0,0.0003319999999999,200904,-0.0003319999999999
LA-XI,200905,2,climatology,reference_r4,39.0,38.930877,200904,0.0691229999999976
LA-XI,200906,3,climatology,reference_r4,32.826281,32.83178,200904,-0.005499000000000365
LA-XI,200907,1,climatology,reference_r4,1.0,0.6791850000000004,200907,0.32081499999999963
LA-XI,200908,2,climatology,reference_r4,9.652562,6.871492,200907,2.7810699999999997
LA-XI,200909,3,climatology,reference_r4,0.0082809999999999,0.4909029999999994,200907,-0.48262199999999955
LA-XI,200910,1,climatology,reference_r4,0.0,0.8932059999999997,200910,-0.8932059999999997
LA-XI,200911,2,climatology,reference_r4,0.0082809999999999,0.4608449999999999,200910,-0.45256399999999997
LA-XI,200912,3,climatology,reference_r4,0.0,0.1687619999999999,200910,-0.1687619999999999
LA-AT,200801,1,persistence,reference,3.417114,2.8567205,200801,0.5603935
LA-AT,200802,2,persistence,reference,1.554761,1.2271735,200801,0.32758750000000014
LA-AT,200803,3,persistence,reference,0.0719689999999997,0.07830275,200801,-0.006333750000000304
LA-AT,200804,1,persistence,reference,0.0471139999999998,0.50567575,200804,-0.45856175000000016
LA-AT,200805,2,persistence,reference,3.342761,1.56358275,200804,1.77917825
LA-AT,200806,3,persistence,reference,8.929969,4.13374575,200804,4.79622325
LA-AT,200807,1,persistence,reference,3.450605,3.5250217500000014,200807,-0.07441675000000147
LA-AT,200808,2,persistence,reference,0.8260830000000001,6.766005999999999,200807,-5.9399229999999985
LA-AT,200809,3,persistence,reference,12.807472,17.3033775,200807,-4.495905499999999
LA-AT,200810,1,persistence,reference,21.839211,30.770417750000004,200810,-8.931206750000005
LA-AT,200811,2,persistence,reference,17.716617,33.719483249999996,200810,-16.002866249999997
LA-AT,200812,3,persistence,reference,0.8262919999999996,17.15468825,200810,-16.32839625
LA-AT,200901,1,persistence,reference,4.403041999999999,8.29974025,200901,-3.89669825
LA-AT,200902,2,persistence,reference,21.580328,38.76478525,200901,-17.18445725
LA-AT,200903,3,persistence,reference,51.660003,58.79363725,200901,-7.13363425
LA-AT,200904,1,persistence,reference,20.870388,50.53175225,200904,-29.66136425
LA-AT,200905,2,persistence,reference,74.407714,48.4498705,200904,25.957843499999996
LA-AT,200906,3,persistence,reference,50.686121,39.38997125,200904,11.296149749999998
LA-AT,200907,1,persistence,reference,38.397211,48.98766975,200907,-10.590458750000003
LA-AT,200908,2,persistence,reference,2.492617,14.9626135,200907,-12.4699965
LA-AT,200909,3,persistence,reference,6.1402920000000005,10.2212285,200907,-4.0809365
LA-AT,200910,1,persistence,reference,12.098028,6.4422120000000005,200910,5.655815999999999
LA-AT,200911,2,persistence,reference,0.8285939999999998,6.16758375,200910,-5.3389897500000005
LA-AT,200912,3,persistence,reference,9.930269,5.693875249999999,200910,4.23639375
LA-BK,200801,1,persistence,reference,0.702799,0.95601925,200801,-0.25322025000000004
LA-BK,200802,2,persistence,reference,0.0441579999999999,4.6500000000000046e-05,200801,0.0441114999999999
LA-BK,200803,3,persistence,reference,0.04958,2.8000000000000247e-05,200801,0.049552
LA-BK,200804,1,persistence,reference,0.0387989999999999,0.0264175,200804,0.012381499999999903
LA-BK,200805,2,persistence,reference,11.132158,10.713214999999998,200804,0.4189430000000023
LA-BK,200806,3,persistence,reference,51.985580000000006,50.8679235,200804,1.1176565000000025
LA-BK,200807,1,persistence,reference,50.223598,1.96930125,200807,48.25429675
LA-BK,200808,2,persistence,reference,43.128316,5.856817999999999,200807,37.271498
LA-BK,200809,3,persistence,reference,19.03516,21.43587975,200807,-2.4007197500000004
LA-BK,200810,1,persistence,reference,14.223598,21.940763500000003,200810,-7.717165500000002
LA-BK,200811,2,persistence,reference,21.128316,47.66615875,200810,-26.53784275
LA-BK,200812,3,persistence,reference,27.03516,2.97199575,200810,24.06316425
LA-BK,200901,1,persistence,reference,3.438492,0.45439075,200901,2.98410125
LA-BK,200902,2,persistence,reference,4.3407670000000005,0.30116375,200901,4.039603250000001
LA-BK,200903,3,persistence,reference,3.355307,0.6673817500000001,200901,2.6879252499999997
LA-BK,200904,1,persistence,reference,1.589023,1.287469,200904,0.3015540000000001
LA-BK,200905,2,persistence,reference,72.11584199999999,43.308491,200904,28.80735099999999
LA-BK,200906,3,persistence,reference,214.019436,146.54898674999998,200904,67.47044925000003
LA-BK,200907,1,persistence,reference,3.439598,188.15685825,200907,-184.71726025
LA-BK,200908,2,persistence,reference,105.128316,90.8190615,200907,14.309254499999994
LA-BK,200909,3,persistence,reference,163.03516,38.901625249999995,200907,124.13353475
LA-BK,200910,1,persistence,reference,20.223598,20.581325999999997,200910,-0.35772799999999805
LA-BK,200911,2,persistence,reference,46.128316,12.810468749999998,200910,33.31784725
LA-BK,200912,3,persistence,reference,47.03516,4.833049750000001,200910,42.20211025
LA-BL,200801,1,persistence,reference,5.383502,5.3708495,200801,0.012652499999999733
LA-BL,200802,2,persistence,reference,4.609445999999998,5.84484275,200801,-1.2353967500000014
LA-BL,200803,3,persistence,reference,4.952254,0.42230275,200801,4.52995125
LA-BL,200804,1,persistence,reference,2.695502000000001,1.6217134999999998,200804,1.0737885000000014
LA-BL,200805,2,persistence,reference,7.897445999999999,6.6790910000000006,200804,1.218354999999998
LA-BL,200806,3,persistence,reference,9.692254000000002,7.575282,200804,2.1169720000000023
LA-BL,200807,1,persistence,reference,8.23891,20.087886249999997,200807,-11.848976249999996
LA-BL,200808,2,persistence,reference,9.221346999999998,20.6089715,200807,-11.387624500000001
LA-BL,200809,3,persistence,reference,9.298677,18.523956,200807,-9.225278999999999
LA-BL,200810,1,persistence,reference,16.470322000000003,9.729708250000002,200810,6.740613750000001
LA-BL,200811,2,persistence,reference,12.262498,4.276498999999999,200810,7.985999000000001
LA-BL,200812,3,persistence,reference,17.99097,0.9770205,200810,17.013949500000003
LA-BL,200901,1,persistence,reference,2.511502,0.7456575000000001,200901,1.7658445
LA-BL,200902,2,persistence,reference,3.6934460000000016,1.68273325,200901,2.0107127500000015
LA-BL,200903,3,persistence,reference,4.9942540000000015,1.1302832499999995,200901,3.863970750000002
LA-BL,200904,1,persistence,reference,2.5010209999999997,0.8048480000000001,200904,1.6961729999999995
LA-BL,200905,2,persistence,reference,3.323820999999999,3.829161000000001,200904,-0.5053400000000021
LA-BL,200906,3,persistence,reference,5.582812999999998,5.61813075,200904,-0.0353177500000017
LA-BL,200907,1,persistence,reference,17.514046,21.985704500000004,200907,-4.471658500000004
LA-BL,200908,2,persistence,reference,4.609358000000002,6.174969249999998,200907,-1.5656112499999963
LA-BL,200909,3,persistence,reference,6.933896999999998,4.862042999999998,200907,2.071854
LA-BL,200910,1,persistence,reference,2.3170210000000004,5.49467175,200910,-3.1776507499999997
LA-BL,200911,2,persistence,reference,3.4678210000000007,2.1073274999999994,200910,1.3604935000000014
LA-BL,200912,3,persistence,reference,4.764813,0.712077,200910,4.052736
LA-CH,200801,1,persistence,reference,9.094472000000003,29.3396385,200801,-20.245166499999996
LA-CH,200802,2,persistence,reference,19.277769,43.54995375,200801,-24.27218475
LA-CH,200803,3,persistence,reference,22.452036999999997,50.399487500000006,200801,-27.94745050000001
LA-CH,200804,1,persistence,reference,16.585575000000002,27.6368465,200804,-11.051271499999999
LA-CH,200805,2,persistence,reference,17.207692,52.862192500000006,200804,-35.654500500000005
LA-CH,200806,3,persistence,reference,145.733314,122.0008095,200804,23.732504500000005
LA-CH,200807,1,persistence,reference,103.949944,96.85658924999996,200807,7.093354750000046
LA-CH,200808,2,persistence,reference,112.642802,88.99043875000001,200807,23.652363249999993
LA-CH,200809,3,persistence,reference,73.553239,120.46265225,200807,-46.90941325
LA-CH,200810,1,persistence,reference,31.000921000000005,47.67266175,200810,-16.671740749999998
LA-CH,200811,2,persistence,reference,58.287541,44.33711,200810,13.950430999999995
LA-CH,200812,3,persistence,reference,74.65110700000001,32.772664750000004,200810,41.878442250000006
LA-CH,200901,1,persistence,reference,28.518953000000003,10.049703,200901,18.469250000000002
LA-CH,200902,2,persistence,reference,18.940767,25.96861525,200901,-7.027848249999998
LA-CH,200903,3,persistence,reference,16.500345000000003,21.53617675,200901,-5.035831749999996
LA-CH,200904,1,persistence,reference,28.357396,36.957363,200904,-8.599967
LA-CH,200905,2,persistence,reference,10.360133000000005,75.32216250000002,200904,-64.96202950000001
LA-CH,200906,3,persistence,reference,41.64690100000001,79.6897195,200904,-38.04281849999999
LA-CH,200907,1,persistence,reference,7.347732000000001,71.15796999999995,200907,-63.81023799999995
LA-CH,200908,2,persistence,reference,14.241996999999998,65.9228705,200907,-51.680873500000004
LA-CH,200909,3,persistence,reference,20.237556,61.406306249999965,200907,-41.16875024999996
LA-CH,200910,1,persistence,reference,31.559768,20.148328999999997,200910,11.411439000000001
LA-CH,200911,2,persistence,reference,48.322561,16.137065750000005,200910,32.185495249999995
LA-CH,200912,3,persistence,reference,48.408425,12.705397,200910,35.703028
LA-HO,200801,1,persistence,reference,0.8303219999999999,0.0033932499999999,200801,0.82692875
LA-HO,200802,2,persistence,reference,0.8292019999999999,0.00093875,200801,0.8282632499999999
LA-HO,200803,3,persistence,reference,0.820377,0.0085314999999999,200801,0.8118455000000001
LA-HO,200804,1,persistence,reference,0.0149129999999999,0.013471,200804,0.0014419999999999
LA-HO,200805,2,persistence,reference,0.013793,0.022683,200804,-0.008889999999999999
LA-HO,200806,3,persistence,reference,0.015768,0.03302,200804,-0.017252
LA-HO,200807,1,persistence,reference,0.0149129999999999,0.3769914999999997,200807,-0.3620784999999998
LA-HO,200808,2,persistence,reference,0.013793,0.4492542499999994,200807,-0.4354612499999994
LA-HO,200809,3,persistence,reference,0.809768,0.7446340000000005,200807,0.06513399999999958
LA-HO,200810,1,persistence,reference,0.8303219999999999,0.06861625,200810,0.7617057499999998
LA-HO,200811,2,persistence,reference,0.8292019999999999,0.00963075,200810,0.8195712499999999
LA-HO,200812,3,persistence,reference,0.0263769999999999,0.8974147499999999,200810,-0.87103775
LA-HO,200901,1,persistence,reference,0.8303219999999999,0.0162604999999999,200901,0.8140615
LA-HO,200902,2,persistence,reference,0.8292019999999999,0.0244919999999999,200901,0.80471
LA-HO,200903,3,persistence,reference,0.820377,0.02520025,200901,0.79517675
LA-HO,200904,1,persistence,reference,0.0149129999999999,0.00536225,200904,0.0095507499999999
LA-HO,200905,2,persistence,reference,0.013793,0.011925,200904,0.0018679999999999999
LA-HO,200906,3,persistence,reference,0.015768,0.0431117499999999,200904,-0.0273437499999999
LA-HO,200907,1,persistence,reference,0.0149129999999999,0.2975690000000003,200907,-0.2826560000000004
LA-HO,200908,2,persistence,reference,0.013793,0.4700382500000002,200907,-0.4562452500000002
LA-HO,200909,3,persistence,reference,0.809768,0.7268472499999997,200907,0.08292075000000032
LA-HO,200910,1,persistence,reference,0.024322,0.5777009999999999,200910,-0.553379
LA-HO,200911,2,persistence,reference,0.023202,0.78325125,200910,-0.76004925
LA-HO,200912,3,persistence,reference,0.0263769999999999,0.87533575,200910,-0.8489587500000001
LA-KH,200801,1,persistence,reference,1.3149230000000005,0.7769425,200801,0.5379805000000005
LA-KH,200802,2,persistence,reference,2.0702239999999996,0.0899645,200801,1.9802594999999996
LA-KH,200803,3,persistence,reference,2.6522299999999994,0.08083225,200801,2.5713977499999996
LA-KH,200804,1,persistence,reference,1.3149230000000005,0.50089525,200804,0.8140277500000005
LA-KH,200805,2,persistence,reference,2.0702239999999996,1.0987155,200804,0.9715084999999997
LA-KH,200806,3,persistence,reference,3.0462299999999978,2.6191885000000004,200804,0.4270414999999974
LA-KH,200807,1,persistence,reference,2.403284000000001,4.206672750000001,200807,-1.8033887499999999
LA-KH,200808,2,persistence,reference,2.5886239999999994,4.554646249999996,200807,-1.9660222499999964
LA-KH,200809,3,persistence,reference,4.036038999999999,4.605022999999997,200807,-0.5689839999999986
LA-KH,200810,1,persistence,reference,3.125885000000002,0.7503565,200810,2.375528500000002
LA-KH,200811,2,persistence,reference,2.7576459999999976,1.5314975000000002,200810,1.2261484999999974
LA-KH,200812,3,persistence,reference,2.9661490000000015,3.205132,200810,-0.2389829999999984
LA-KH,200901,1,persistence,reference,3.713884999999999,0.0789115,200901,3.634973499999999
LA-KH,200902,2,persistence,reference,4.333645999999998,0.0184859999999999,200901,4.315159999999998
LA-KH,200903,3,persistence,reference,3.796149,4.757184,200901,-0.9610349999999994
LA-KH,200904,1,persistence,reference,4.995498000000001,0.36157825,200904,4.633919750000001
LA-KH,200905,2,persistence,reference,2.422528,2.211093,200904,0.21143499999999982
LA-KH,200906,3,persistence,reference,54.16718900000001,64.847896,200904,-10.680706999999998
LA-KH,200907,1,persistence,reference,60.490204000000006,116.86190075,200907,-56.37169675
LA-KH,200908,2,persistence,reference,191.180325,248.8047135,200907,-57.62438849999998
LA-KH,200909,3,persistence,reference,163.22992399999998,223.44451925,200907,-60.21459525000003
LA-KH,200910,1,persistence,reference,169.74701399999998,43.194995,200910,126.55201899999997
LA-KH,200911,2,persistence,reference,185.115734,21.677693499999997,200910,163.4380405
LA-KH,200912,3,persistence,reference,175.88018300000002,29.364558,200910,146.51562500000003
LA-LM,200801,1,persistence,reference,0.0063019999999999,0.0001869999999999,200801,0.006115
LA-LM,200802,2,persistence,reference,0.007978,6.124999999999989e-05,200801,0.00791675
LA-LM,200803,3,persistence,reference,0.008063,2.3000000000000346e-05,200801,0.00804
LA-LM,200804,1,persistence,reference,0.0063019999999999,0.0076832499999999,200804,-0.0013812500000000005
LA-LM,200805,2,persistence,reference,0.007978,0.0507185,200804,-0.0427405
LA-LM,200806,3,persistence,reference,0.008063,0.07468125,200804,-0.06661825
LA-LM,200807,1,persistence,reference,0.0063019999999999,0.9505770000000008,200807,-0.9442750000000009
LA-LM,200808,2,persistence,reference,0.007978,0.5011180000000002,200807,-0.4931400000000002
LA-LM,200809,3,persistence,reference,0.008063,0.7134750000000003,200807,-0.7054120000000003
LA-LM,200810,1,persistence,reference,0.0063019999999999,0.02528225,200810,-0.0189802500000001
LA-LM,200811,2,persistence,reference,0.007978,0.00321175,200810,0.0047662500000000005
LA-LM,200812,3,persistence,reference,0.008063,0.0007694999999999,200810,0.0072935000000001
LA-LM,200901,1,persistence,reference,0.0063019999999999,0.0001122499999999,200901,0.00618975
LA-LM,200902,2,persistence,reference,0.007978,0.0001109999999999,200901,0.007867000000000101
LA-LM,200903,3,persistence,reference,0.008063,0.0004552499999999,200901,0.0076077500000001005
LA-LM,200904,1,persistence,reference,0.880302,0.95552225,200904,-0.07522024999999999
LA-LM,200905,2,persistence,reference,0.007978,0.0038972499999999,200904,0.004080750000000101
LA-LM,200906,3,persistence,reference,1.770063,1.775661,200904,-0.005597999999999992
LA-LM,200907,1,persistence,reference,0.886035,0.93713525,200907,-0.05110024999999996
LA-LM,200908,2,persistence,reference,1.777203,1.1261882500000011,200907,0.651014749999999
LA-LM,200909,3,persistence,reference,1.777288,2.3978117500000007,200907,-0.6205237500000007
LA-LM,200910,1,persistence,reference,0.8865399999999999,2.75320575,200910,-1.86666575
LA-LM,200911,2,persistence,reference,1.7778919999999998,4.56897925,200910,-2.7910872500000004
LA-LM,200912,3,persistence,reference,0.016045,3.36008825,200910,-3.34404325
LA-LP,200801,1,persistence,reference,3.4616930000000004,0.82532475,200801,2.6363682500000003
LA-LP,200802,2,persistence,reference,6.91244,14.229039,200801,-7.316599
LA-LP,200803,3,persistence,reference,10.133757,20.42374125,200801,-10.28998425
LA-LP,200804,1,persistence,reference,7.587196,20.079706,200804,-12.492510000000003
LA-LP,200805,2,persistence,reference,77.70587800000001,82.12704175,200804,-4.421163749999991
LA-LP,200806,3,persistence,reference,116.670978,104.643518,200804,12.027460000000005
LA-LP,200807,1,persistence,reference,129.93954599999998,9.964950000000002,200807,119.97459599999998
LA-LP,200808,2,persistence,reference,128.21567000000002,8.36418425,200807,119.85148575000002
LA-LP,200809,3,persistence,reference,124.816253,8.916167,200807,115.900086
LA-LP,200810,1,persistence,reference,13.347094,17.1979405,200810,-3.850846500000001
LA-LP,200811,2,persistence,reference,84.94253,107.752947,200810,-22.810417
LA-LP,200812,3,persistence,reference,124.888534,157.80555925,200810,-32.91702524999998
LA-LP,200901,1,persistence,reference,146.497715,7.926249,200901,138.571466
LA-LP,200902,2,persistence,reference,141.643959,5.34566875,200901,136.29829025
LA-LP,200903,3,persistence,reference,139.126542,12.5922905,200901,126.5342515
LA-LP,200904,1,persistence,reference,1.1242739999999998,11.6730205,200904,-10.5487465
LA-LP,200905,2,persistence,reference,1.711145,34.6189255,200904,-32.9077805
LA-LP,200906,3,persistence,reference,5.2004459999999995,71.9808455,200904,-66.7803995
LA-LP,200907,1,persistence,reference,14.802083,20.95936,200907,-6.1572770000000006
LA-LP,200908,2,persistence,reference,15.036039,21.068553,200907,-6.032514000000001
LA-LP,200909,3,persistence,reference,278.002476,284.7330325,200907,-6.730556499999977
LA-LP,200910,1,persistence,reference,133.848548,69.28776425,200910,64.56078375
LA-LP,200911,2,persistence,reference,204.57629,38.725323,200910,165.850967
LA-LP,200912,3,persistence,reference,288.208892,6.0545695,200910,282.1543225
LA-OU,200801,1,persistence,reference,0.0060349999999999,0.0009954999999999,200801,0.0050395
LA-OU,200802,2,persistence,reference,0.004123,0.0001854999999999,200801,0.0039375000000001
LA-OU,200803,3,persistence,reference,0.0080099999999999,6.374999999999979e-05,200801,0.0079462499999999
LA-OU,200804,1,persistence,reference,0.0060349999999999,0.021019,200804,-0.0149840000000001
LA-OU,200805,2,persistence,reference,0.004123,0.0979922499999999,200804,-0.0938692499999999
LA-OU,200806,3,persistence,reference,0.0080099999999999,0.169309,200804,-0.16129900000000008
LA-OU,200807,1,persistence,reference,0.0060349999999999,1.9330165000000017,200807,-1.926981500000002
LA-OU,200808,2,persistence,reference,0.004123,1.27780225,200807,-1.2736792499999998
LA-OU,200809,3,persistence,reference,0.0080099999999999,1.5425357500000008,200807,-1.534525750000001
LA-OU,200810,1,persistence,reference,0.0060349999999999,0.0331582499999999,200810,-0.02712325
LA-OU,200811,2,persistence,reference,0.004123,0.0057727499999999,200810,-0.0016497499999999004
LA-OU,200812,3,persistence,reference,0.0080099999999999,0.00139925,200810,0.006610749999999899
LA-OU,200901,1,persistence,reference,0.0060349999999999,0.0002072499999999,200901,0.00582775
LA-OU,200902,2,persistence,reference,0.004123,0.0001965,200901,0.0039265
LA-OU,200903,3,persistence,reference,0.0080099999999999,0.00056025,200901,0.007449749999999899
LA-OU,200904,1,persistence,reference,0.0060349999999999,0.00090175,200904,0.0051332499999999
LA-OU,200905,2,persistence,reference,0.004123,0.0051239999999999,200904,-0.0010009999999999004
LA-OU,200906,3,persistence,reference,0.0080099999999999,0.01647975,200904,-0.008469750000000102
LA-OU,200907,1,persistence,reference,0.0060349999999999,1.7412692500000009,200907,-1.735234250000001
LA-OU,200908,2,persistence,reference,0.886123,2.001218249999999,200907,-1.115095249999999
LA-OU,200909,3,persistence,reference,14.71601,9.3298065,200907,5.386203500000001
LA-OU,200910,1,persistence,reference,8.76207,2.2214875000000003,200910,6.540582499999999
LA-OU,200911,2,persistence,reference,1.848246,8.9728415,200910,-7.1245955
LA-OU,200912,3,persistence,reference,2.7500199999999997,16.17595275,200910,-13.425932750000001
LA-PH,200901,1,persistence,reference,0.0002559999999999,0.0130202499999999,200901,-0.01276425
LA-PH,200902,2,persistence,reference,0.0002559999999999,0.01459375,200901,-0.0143377500000001
LA-PH,200903,3,persistence,reference,0.0003239999999999,0.01747275,200901,-0.017148750000000098
LA-PH,200904,1,persistence,reference,0.0002559999999999,0.0034817499999999,200904,-0.00322575
LA-PH,200905,2,persistence,reference,0.0002559999999999,0.0067925,200904,-0.0065365000000000995
LA-PH,200906,3,persistence,reference,0.0003239999999999,0.0279412499999999,200904,-0.02761725
LA-PH,200907,1,persistence,reference,0.0002559999999999,0.1950434999999999,200907,-0.1947875
LA-PH,200909,3,persistence,reference,0.0003239999999999,0.2976595000000001,200907,-0.2973355000000002
LA-PH,200910,1,persistence,reference,0.0002559999999999,0.0170252499999999,200910,-0.016769250000000003
LA-PH,200911,2,persistence,reference,0.0002559999999999,0.0064347499999999,200910,-0.006178749999999999
LA-PH,200912,3,persistence,reference,0.0003239999999999,0.0011549999999999,200910,-0.000831
LA-SL,200801,1,persistence,reference,5.888300000000001,0.944374,200801,4.943926000000001
LA-SL,200802,2,persistence,reference,4.932642,0.3960867499999999,200801,4.53655525
LA-SL,200803,3,persistence,reference,1.538814,3.71234675,200801,-2.17353275
LA-SL,200804,1,persistence,reference,2.4083299999999994,0.99449025,200804,1.4138397499999993
LA-SL,200805,2,persistence,reference,94.771065,89.40537875,200804,5.365686249999996
LA-SL,200806,3,persistence,reference,215.529118,184.4246935,200804,31.10442450000002
LA-SL,200807,1,persistence,reference,144.638988,49.26407675,200807,95.37491125000001
LA-SL,200808,2,persistence,reference,157.654794,39.41688825,200807,118.23790575000001
LA-SL,200809,3,persistence,reference,135.591742,57.114015,200807,78.47772700000002
LA-SL,200810,1,persistence,reference,5.024252000000001,37.614025,200810,-32.589772999999994
LA-SL,200811,2,persistence,reference,59.913664,8.01930375,200810,51.89436025
LA-SL,200812,3,persistence,reference,72.336984,2.8268264999999997,200810,69.5101575
LA-SL,200901,1,persistence,reference,5.890064000000001,1.65789525,200901,4.2321687500000005
LA-SL,200902,2,persistence,reference,14.107243,19.7962565,200901,-5.689013499999998
LA-SL,200903,3,persistence,reference,14.945415000000002,13.1628275,200901,1.7825875000000018
LA-SL,200904,1,persistence,reference,5.018927,5.858830749999999,200904,-0.8399037499999995
LA-SL,200905,2,persistence,reference,91.851327,45.2519755,200904,46.5993515
LA-SL,200906,3,persistence,reference,14.970665,31.8076495,200904,-16.8369845
LA-SL,200907,1,persistence,reference,118.6355,118.85979425000002,200907,-0.22429425000002823
LA-SL,200908,2,persistence,reference,80.18723700000001,91.037494,200907,-10.850256999999985
LA-SL,200909,3,persistence,reference,45.277277,62.04129249999999,200907,-16.764015499999992
LA-SL,200910,1,persistence,reference,2.434636,35.41509575,200910,-32.98045975
LA-SL,200911,2,persistence,reference,43.493157999999994,16.416914499999997,200910,27.076243499999997
LA-SL,200912,3,persistence,reference,69.439998,7.024564250000001,200910,62.415433750000005
LA-SV,200801,1,persistence,reference,4.8442229999999995,5.560645,200801,-0.7164220000000006
LA-SV,200802,2,persistence,reference,8.673057,1.0085315,200801,7.6645255
LA-SV,200803,3,persistence,reference,12.976107,0.4973877499999999,200801,12.478719250000001
LA-SV,200804,1,persistence,reference,5.031711999999999,3.5772804999999996,200804,1.4544314999999992
LA-SV,200805,2,persistence,reference,8.798821000000004,6.43930125,200804,2.359519750000004
LA-SV,200806,3,persistence,reference,14.938783,24.48841975,200804,-9.549636749999998
LA-SV,200807,1,persistence,reference,5.993041000000005,23.12051975,200807,-17.127478749999995
LA-SV,200808,2,persistence,reference,11.269002999999998,21.36057074999998,200807,-10.091567749999982
LA-SV,200809,3,persistence,reference,16.011347999999998,23.258939499999997,200807,-7.247591499999999
LA-SV,200810,1,persistence,reference,7.473481,3.819202250000001,200810,3.6542787499999987
LA-SV,200811,2,persistence,reference,8.967742000000001,0.8241327500000002,200810,8.14360925
LA-SV,200812,3,persistence,reference,13.509918999999996,0.3548737500000001,200810,13.155045249999997
LA-SV,200901,1,persistence,reference,4.710222999999999,0.0830284999999999,200901,4.627194499999999
LA-SV,200902,2,persistence,reference,8.589056999999997,0.0152394999999999,200901,8.573817499999997
LA-SV,200903,3,persistence,reference,12.924106999999992,0.12601875,200901,12.798088249999992
LA-SV,200904,1,persistence,reference,4.710222999999999,0.18258525,200904,4.527637749999999
LA-SV,200905,2,persistence,reference,8.589056999999997,1.2562635,200904,7.332793499999997
LA-SV,200906,3,persistence,reference,12.976107,1.6869117500000002,200904,11.28919525
LA-SV,200907,1,persistence,reference,9.081712000000003,26.799079749999976,200907,-17.717367749999973
LA-SV,200908,2,persistence,reference,21.414821000000003,29.625094249999957,200907,-8.210273249999954
LA-SV,200909,3,persistence,reference,29.858783000000003,33.84717599999999,200907,-3.988392999999988
LA-SV,200910,1,persistence,reference,22.608721999999993,7.0335019999999995,200910,15.575219999999995
LA-SV,200911,2,persistence,reference,17.216891000000004,15.431827,200910,1.7850640000000038
LA-SV,200912,3,persistence,reference,33.27619299999999,1.7666767499999998,200910,31.509516249999994
LA-VT,200801,1,persistence,reference,43.562509000000006,11.1160255,200801,32.44648350000001
LA-VT,200802,2,persistence,reference,53.531439000000006,4.11515575,200801,49.416283250000006
LA-VT,200803,3,persistence,reference,53.29954199999999,16.96018625,200801,36.33935574999999
LA-VT,200804,1,persistence,reference,17.354836999999996,10.77835425,200804,6.576482749999997
LA-VT,200805,2,persistence,reference,23.829443999999995,20.521471750000003,200804,3.3079722499999917
LA-VT,200806,3,persistence,reference,34.40855599999999,69.88104925,200804,-35.472493250000014
LA-VT,200807,1,persistence,reference,44.285051,81.40077274999996,200807,-37.115721749999956
LA-VT,200808,2,persistence,reference,49.550028999999995,84.85327000000001,200807,-35.303241000000014
LA-VT,200809,3,persistence,reference,57.28912399999999,93.64231074999996,200807,-36.35318674999998
LA-VT,200810,1,persistence,reference,40.699749,35.20602275,200810,5.493726249999995
LA-VT,200811,2,persistence,reference,36.577603,57.436028,200810,-20.858424999999997
LA-VT,200812,3,persistence,reference,56.08934400000001,51.8002925,200810,4.289051500000014
LA-VT,200901,1,persistence,reference,33.955966000000004,20.70266475,200901,13.253301250000003
LA-VT,200902,2,persistence,reference,46.578158000000016,13.901395,200901,32.676763000000015
LA-VT,200903,3,persistence,reference,52.60918800000002,6.35277275,200901,46.25641525000002
LA-VT,200904,1,persistence,reference,14.502862999999998,10.8966255,200904,3.606237499999997
LA-VT,200905,2,persistence,reference,26.674568000000008,109.941614,200904,-83.267046
LA-VT,200906,3,persistence,reference,45.832223,176.63849825,200904,-130.80627525
LA-VT,200907,1,persistence,reference,142.69739800000002,174.467824,200907,-31.770425999999986
LA-VT,200908,2,persistence,reference,166.135237,205.78056975,200907,-39.64533275000002
LA-VT,200909,3,persistence,reference,238.83145099999996,278.36174550000004,200907,-39.53029450000008
LA-VT,200910,1,persistence,reference,37.81561000000001,197.894393,200910,-160.078783
LA-VT,200911,2,persistence,reference,44.86481699999999,268.37443075,200910,-223.50961375
LA-VT,200912,3,persistence,reference,73.67705999999998,226.40287475,200910,-152.72581475
LA-XA,200801,1,persistence,reference,1.370140000000001,1.06215775,200801,0.3079822500000011
LA-XA,200802,2,persistence,reference,1.726794,0.2354625,200801,1.4913315
LA-XA,200803,3,persistence,reference,2.4291660000000004,0.15566625,200801,2.2734997500000005
LA-XA,200804,1,persistence,reference,0.9566909999999992,0.7379695000000001,200804,0.21872149999999912
LA-XA,200805,2,persistence,reference,2.003665,1.32360175,200804,0.6800632499999999
LA-XA,200806,3,persistence,reference,4.741557,2.3749184999999997,200804,2.3666385000000005
LA-XA,200807,1,persistence,reference,9.660272,11.184284999999996,200807,-1.5240129999999947
LA-XA,200808,2,persistence,reference,1.9991069999999984,4.234384749999999,200807,-2.2352777500000007
LA-XA,200809,3,persistence,reference,4.655937,2.697391250000001,200807,1.958545749999999
LA-XA,200810,1,persistence,reference,1.8581400000000008,1.5762365,200810,0.28190350000000075
LA-XA,200811,2,persistence,reference,1.726794,0.8232865,200810,0.9035074999999999
LA-XA,200812,3,persistence,reference,2.223166000000001,0.408204,200810,1.8149620000000009
LA-XA,200901,1,persistence,reference,1.370140000000001,0.09775275,200901,1.272387250000001
LA-XA,200902,2,persistence,reference,1.726794,0.03872075,200901,1.68807325
LA-XA,200903,3,persistence,reference,2.4291660000000004,0.2171452499999999,200901,2.2120207500000006
LA-XA,200904,1,persistence,reference,0.9566909999999992,0.30977675,200904,0.6469142499999991
LA-XA,200905,2,persistence,reference,1.5876649999999994,1.1146125000000002,200904,0.4730524999999992
LA-XA,200906,3,persistence,reference,9.675557,5.670314749999999,200904,4.00524225
LA-XA,200907,1,persistence,reference,2.7803690000000003,6.406543500000003,200907,-3.626174500000003
LA-XA,200908,2,persistence,reference,17.094084000000002,23.106004,200907,-6.011919999999996
LA-XA,200909,3,persistence,reference,3.863987999999999,6.533184249999995,200907,-2.669196249999996
LA-XA,200910,1,persistence,reference,4.720613,4.4654025,200910,0.25521050000000045
LA-XA,200911,2,persistence,reference,4.825930999999999,2.1824275,200910,2.6435034999999987
LA-XA,200912,3,persistence,reference,8.469738999999999,1.3401602499999998,200910,7.1295787499999985
LA-XE,200801,1,persistence,reference,0.6979409999999999,0.0157672499999999,200801,0.68217375
LA-XE,200802,2,persistence,reference,0.6954600000000001,0.00728225,200801,0.68817775
LA-XE,200803,3,persistence,reference,0.6880539999999999,0.00405975,200801,0.6839942499999999
LA-XE,200804,1,persistence,reference,0.067505,0.01893125,200804,0.04857375
LA-XE,200805,2,persistence,reference,0.0713599999999999,0.0490319999999999,200804,0.022327999999999994
LA-XE,200806,3,persistence,reference,4.053398,3.87301125,200804,0.18038674999999982
LA-XE,200807,1,persistence,reference,4.160576,0.4383570000000001,200807,3.722219
LA-XE,200808,2,persistence,reference,4.131926999999999,0.5336115000000001,200807,3.598315499999999
LA-XE,200809,3,persistence,reference,3.2153919999999996,0.6918269999999999,200807,2.5235649999999996
LA-XE,200810,1,persistence,reference,0.6979409999999999,0.0499849999999999,200810,0.647956
LA-XE,200811,2,persistence,reference,0.6954600000000001,0.020021,200810,0.6754390000000001
LA-XE,200812,3,persistence,reference,0.120054,0.86535475,200810,-0.74530075
LA-XE,200901,1,persistence,reference,0.6979409999999999,0.00637675,200901,0.6915642499999999
LA-XE,200902,2,persistence,reference,0.6954600000000001,1.8795005,200901,-1.1840405
LA-XE,200903,3,persistence,reference,0.6880539999999999,1.75755275,200901,-1.0694987500000002
LA-XE,200904,1,persistence,reference,0.71307,0.521935,200904,0.19113499999999994
LA-XE,200905,2,persistence,reference,0.132101,0.97420275,200904,-0.84210175
LA-XE,200906,3,persistence,reference,6.022938,5.86126,200904,0.1616780000000002
LA-XE,200907,1,persistence,reference,19.060946,25.168266749999997,200907,-6.107320749999996
LA-XE,200908,2,persistence,reference,16.974494,22.43472575,200907,-5.460231749999998
LA-XE,200909,3,persistence,reference,2.3166710000000004,4.09308175,200907,-1.7764107499999993
LA-XE,200910,1,persistence,reference,0.722745,2.796644,200910,-2.073899
LA-XE,200911,2,persistence,reference,2.3122510000000003,5.795607750000002,200910,-3.483356750000002
LA-XE,200912,3,persistence,reference,0.713921,6.98543275,200910,-6.27151175
LA-XI,200801,1,persistence,reference,0.000689,0.0005107499999999,200801,0.0001782500000001001
LA-XI,200802,2,persistence,reference,0.000689,0.0001444999999999,200801,0.0005445000000001
LA-XI,200803,3,persistence,reference,0.000757,0.0003409999999999,200801,0.0004160000000001
LA-XI,200804,1,persistence,reference,0.000689,0.005478,200804,-0.004789
LA-XI,200805,2,persistence,reference,0.000689,0.0145995,200804,-0.0139105
LA-XI,200806,3,persistence,reference,0.948757,0.8408530000000001,200804,0.10790399999999989
LA-XI,200807,1,persistence,reference,0.951314,0.3255652499999999,200807,0.6257487500000001
LA-XI,200808,2,persistence,reference,0.951314,0.3256207499999999,200807,0.6256932500000001
LA-XI,200809,3,persistence,reference,0.949433,0.3639719999999995,200807,0.5854610000000005
LA-XI,200810,1,persistence,reference,0.000689,0.0140124999999999,200810,-0.0133234999999999
LA-XI,200811,2,persistence,reference,0.000689,0.0035425,200810,-0.0028535
LA-XI,200812,3,persistence,reference,0.000757,0.0009309999999999,200810,-0.00017399999999990004
LA-XI,200901,1,persistence,reference,0.000689,0.00125375,200901,-0.00056475
LA-XI,200902,2,persistence,reference,0.000689,0.001519,200901,-0.0008299999999999999
LA-XI,200903,3,persistence,reference,0.000757,0.0012149999999999,200901,-0.0004579999999999
LA-XI,200904,1,persistence,reference,0.000689,0.00037025,200904,0.0003187500000000001
LA-XI,200905,2,persistence,reference,38.934689,38.924908,200904,0.009780999999996709
LA-XI,200906,3,persistence,reference,32.93075700000001,32.83338475,200904,0.09737225000000649
LA-XI,200907,1,persistence,reference,31.935378,0.6998392500000006,200907,31.23553875
LA-XI,200908,2,persistence,reference,22.935378,7.121734,200907,15.813644
LA-XI,200909,3,persistence,reference,32.931514,0.4275137499999998,200907,32.50400025
LA-XI,200910,1,persistence,reference,0.000689,0.96271025,200910,-0.9620212499999999
LA-XI,200911,2,persistence,reference,0.000689,0.3815999999999999,200910,-0.3809109999999999
LA-XI,200912,3,persistence,reference,0.000757,0.167857,200910,-0.1671
LA-AT,200801,1,persistence,reference_r1,3.417114,2.89589,200801,0.5212240000000001
LA-AT,200802,2,persistence,reference_r1,1.554761,1.1779190000000002,200801,0.3768419999999999
LA-AT,200803,3,persistence,reference_r1,0.0719689999999997,0.068366,200801,0.0036029999999997037
LA-AT,200804,1,persistence,reference_r1,0.0471139999999998,0.43204,200804,-0.38492600000000016
LA-AT,200805,2,persistence,reference_r1,3.342761,1.3779979999999998,200804,1.964763
LA-AT,200806,3,persistence,reference_r1,8.929969,4.025428,200804,4.904541
LA-AT,200807,1,persistence,reference_r1,3.450605,3.4582960000000007,200807,-0.0076910000000007805
LA-AT,200808,2,persistence,reference_r1,0.8260830000000001,6.963262,200807,-6.137179
LA-AT,200809,3,persistence,reference_r1,12.807472,17.334718000000002,200807,-4.527246000000002
LA-AT,200810,1,persistence,reference_r1,21.839211,32.554036,200810,-10.714825000000005
LA-AT,200811,2,persistence,reference_r1,17.716617,35.157385,200810,-17.440768
LA-AT,200812,3,persistence,reference_r1,0.8262919999999996,17.244417,200810,-16.418125
LA-AT,200901,1,persistence,reference_r1,4.403041999999999,8.311717,200901,-3.9086750000000006
LA-AT,200902,2,persistence,reference_r1,21.580328,39.923892,200901,-18.343564
LA-AT,200903,3,persistence,reference_r1,51.660003,59.556864999999995,200901,-7.896861999999992
LA-AT,200904,1,persistence,reference_r1,20.870388,50.321077,200904,-29.450689000000004
LA-AT,200905,2,persistence,reference_r1,74.407714,47.70569499999999,200904,26.702019000000007
LA-AT,200906,3,persistence,reference_r1,50.686121,42.66392600000002,200904,8.022194999999982
LA-AT,200907,1,persistence,reference_r1,38.397211,47.604339,200907,-9.207128000000004
LA-AT,200908,2,persistence,reference_r1,2.492617,14.811944,200907,-12.319327000000001
LA-AT,200909,3,persistence,reference_r1,6.1402920000000005,10.347153,200907,-4.206861
LA-AT,200910,1,persistence,reference_r1,12.098028,7.440359000000001,200910,4.6576689999999985
LA-AT,200911,2,persistence,reference_r1,0.8285939999999998,5.397127000000001,200910,-4.568533000000001
LA-AT,200912,3,persistence,reference_r1,9.930269,7.226236999999998,200910,2.7040320000000015
LA-BK,200801,1,persistence,reference_r1,0.702799,0.956484,200801,-0.25368500000000005
LA-BK,200802,2,persistence,reference_r1,0.0441579999999999,9.99999999999994e-05,200801,0.0440579999999999
LA-BK,200803,3,persistence,reference_r1,0.04958,8.999999999999894e-06,200801,0.049571
LA-BK,200804,1,persistence,reference_r1,0.0387989999999999,0.0058819999999999,200804,0.032917
LA-BK,200805,2,persistence,reference_r1,11.132158,11.478989,200804,-0.3468309999999999
LA-BK,200806,3,persistence,reference_r1,51.985580000000006,52.355057,200804,-0.3694769999999963
LA-BK,200807,1,persistence,reference_r1,50.223598,1.9452689999999997,200807,48.278329
LA-BK,200808,2,persistence,reference_r1,43.128316,5.807879,200807,37.320437
LA-BK,200809,3,persistence,reference_r1,19.03516,20.924205,200807,-1.8890449999999994
LA-BK,200810,1,persistence,reference_r1,14.223598,21.313686000000004,200810,-7.090088000000003
LA-BK,200811,2,persistence,reference_r1,21.128316,48.309223,200810,-27.180907
LA-BK,200812,3,persistence,reference_r1,27.03516,3.017966,200810,24.017194
LA-BK,200901,1,persistence,reference_r1,3.438492,0.448822,200901,2.9896700000000003
LA-BK,200902,2,persistence,reference_r1,4.3407670000000005,0.256761,200901,4.0840060000000005
LA-BK,200903,3,persistence,reference_r1,3.355307,0.6378340000000002,200901,2.7174729999999996
LA-BK,200904,1,persistence,reference_r1,1.589023,1.312607,200904,0.276416
LA-BK,200905,2,persistence,reference_r1,72.11584199999999,43.105733,200904,29.010108999999986
LA-BK,200906,3,persistence,reference_r1,214.019436,147.57993599999998,200904,66.43950000000004
LA-BK,200907,1,persistence,reference_r1,3.439598,186.285127,200907,-182.845529
LA-BK,200908,2,persistence,reference_r1,105.128316,88.236543,200907,16.891773
LA-BK,200909,3,persistence,reference_r1,163.03516,37.372719999999994,200907,125.66244
LA-BK,200910,1,persistence,reference_r1,20.223598,21.699608000000005,200910,-1.4760100000000058
LA-BK,200911,2,persistence,reference_r1,46.128316,10.195140999999996,200910,35.933175000000006
LA-BK,200912,3,persistence,reference_r1,47.03516,5.190629000000001,200910,41.844530999999996
LA-BL,200801,1,persistence,reference_r1,5.383502,5.573864,200801,-0.19036200000000036
LA-BL,200802,2,persistence,reference_r1,4.609445999999998,5.695522,200801,-1.086076000000002
LA-BL,200803,3,persistence,reference_r1,4.952254,0.4229469999999999,200801,4.529307
LA-BL,200804,1,persistence,reference_r1,2.695502000000001,1.3831619999999996,200804,1.3123400000000016
LA-BL,200805,2,persistence,reference_r1,7.897445999999999,4.905915,200804,2.9915309999999984
LA-BL,200806,3,persistence,reference_r1,9.692254000000002,6.042021999999999,200804,3.6502320000000026
LA-BL,200807,1,persistence,reference_r1,8.23891,20.993226999999997,200807,-12.754316999999997
LA-BL,200808,2,persistence,reference_r1,9.221346999999998,21.226176,200807,-12.004829
LA-BL,200809,3,persistence,reference_r1,9.298677,19.161669999999994,200807,-9.862992999999994
LA-BL,200810,1,persistence,reference_r1,16.470322000000003,10.016667000000002,200810,6.453655000000001
LA-BL,200811,2,persistence,reference_r1,12.262498,4.026722999999999,200810,8.235775000000002
LA-BL,200812,3,persistence,reference_r1,17.99097,0.8992849999999999,200810,17.091685000000002
LA-BL,200901,1,persistence,reference_r1,2.511502,0.729209,200901,1.7822930000000001
LA-BL,200902,2,persistence,reference_r1,3.6934460000000016,1.7155180000000003,200901,1.9779280000000012
LA-BL,200903,3,persistence,reference_r1,4.9942540000000015,1.093152,200901,3.9011020000000016
LA-BL,200904,1,persistence,reference_r1,2.5010209999999997,0.8236150000000002,200904,1.6774059999999995
LA-BL,200905,2,persistence,reference_r1,3.323820999999999,3.883565,200904,-0.5597440000000011
LA-BL,200906,3,persistence,reference_r1,5.582812999999998,5.475054999999999,200904,0.10775799999999869
LA-BL,200907,1,persistence,reference_r1,17.514046,20.911504000000008,200907,-3.3974580000000074
LA-BL,200908,2,persistence,reference_r1,4.609358000000002,7.218784999999997,200907,-2.609426999999995
LA-BL,200909,3,persistence,reference_r1,6.933896999999998,7.182751999999994,200907,-0.24885499999999539
LA-BL,200910,1,persistence,reference_r1,2.3170210000000004,5.4901409999999995,200910,-3.173119999999999
LA-BL,200911,2,persistence,reference_r1,3.4678210000000007,1.8210489999999997,200910,1.646772000000001
LA-BL,200912,3,persistence,reference_r1,4.764813,0.7696850000000004,200910,3.995128
LA-CH,200801,1,persistence,reference_r1,9.094472000000003,29.687018,200801,-20.592545999999995
LA-CH,200802,2,persistence,reference_r1,19.277769,40.304853,200801,-21.027084000000002
LA-CH,200803,3,persistence,reference_r1,22.452036999999997,51.106643000000005,200801,-28.65460600000001
LA-CH,200804,1,persistence,reference_r1,16.585575000000002,21.933435000000003,200804,-5.347860000000001
LA-CH,200805,2,persistence,reference_r1,17.207692,52.212031000000025,200804,-35.00433900000002
LA-CH,200806,3,persistence,reference_r1,145.733314,101.752994,200804,43.980320000000006
LA-CH,200807,1,persistence,reference_r1,103.949944,97.40621399999998,200807,6.543730000000025
LA-CH,200808,2,persistence,reference_r1,112.642802,88.11937699999999,200807,24.523425000000017
LA-CH,200809,3,persistence,reference_r1,73.553239,122.438271,200807,-48.885031999999995
LA-CH,200810,1,persistence,reference_r1,31.000921000000005,47.403999,200810,-16.403077999999994
LA-CH,200811,2,persistence,reference_r1,58.287541,47.925228,200810,10.362313
LA-CH,200812,3,persistence,reference_r1,74.65110700000001,33.247774,200810,41.40333300000001
LA-CH,200901,1,persistence,reference_r1,28.518953000000003,10.234985000000002,200901,18.283968
LA-CH,200902,2,persistence,reference_r1,18.940767,26.421125999999997,200901,-7.480358999999996
LA-CH,200903,3,persistence,reference_r1,16.500345000000003,21.024416,200901,-4.524070999999996
LA-CH,200904,1,persistence,reference_r1,28.357396,35.857006000000005,200904,-7.499610000000004
LA-CH,200905,2,persistence,reference_r1,10.360133000000005,77.111999,200904,-66.75186599999999
LA-CH,200906,3,persistence,reference_r1,41.64690100000001,79.79956299999998,200904,-38.15266199999997
LA-CH,200907,1,persistence,reference_r1,7.347732000000001,70.88572799999997,200907,-63.53799599999997
LA-CH,200908,2,persistence,reference_r1,14.241996999999998,65.03535299999999,200907,-50.79335599999999
LA-CH,200909,3,persistence,reference_r1,20.237556,61.93136199999992,200907,-41.693805999999924
LA-CH,200910,1,persistence,reference_r1,31.559768,20.443419999999996,200910,11.116348000000002
LA-CH,200911,2,persistence,reference_r1,48.322561,12.404856000000002,200910,35.917705
LA-CH,200912,3,persistence,reference_r1,48.408425,14.329564000000005,200910,34.078860999999996
LA-HO,200801,1,persistence,reference_r1,0.8303219999999999,0.0030659999999999,200801,0.827256
LA-HO,200802,2,persistence,reference_r1,0.8292019999999999,0.00097,200801,0.8282319999999999
LA-HO,200803,3,persistence,reference_r1,0.820377,0.0059159999999999,200801,0.8144610000000001
LA-HO,200804,1,persistence,reference_r1,0.0149129999999999,0.0077849999999999,200804,0.007128000000000001
LA-HO,200805,2,persistence,reference_r1,0.013793,0.0143429999999999,200804,-0.0005499999999998995
LA-HO,200806,3,persistence,reference_r1,0.015768,0.0085999999999999,200804,0.007168000000000101
LA-HO,200807,1,persistence,reference_r1,0.0149129999999999,0.2280589999999991,200807,-0.2131459999999992
LA-HO,200808,2,persistence,reference_r1,0.013793,0.3675369999999995,200807,-0.3537439999999995
LA-HO,200809,3,persistence,reference_r1,0.809768,0.6532730000000004,200807,0.1564949999999996
LA-HO,200810,1,persistence,reference_r1,0.8303219999999999,0.071268,200810,0.7590539999999999
LA-HO,200811,2,persistence,reference_r1,0.8292019999999999,0.008613,200810,0.8205889999999999
LA-HO,200812,3,persistence,reference_r1,0.0263769999999999,0.902553,200810,-0.8761760000000002
LA-HO,200901,1,persistence,reference_r1,0.8303219999999999,0.0180189999999999,200901,0.812303
LA-HO,200902,2,persistence,reference_r1,0.8292019999999999,0.0215319999999999,200901,0.80767
LA-HO,200903,3,persistence,reference_r1,0.820377,0.024588,200901,0.7957890000000001
LA-HO,200904,1,persistence,reference_r1,0.0149129999999999,0.005208,200904,0.009704999999999901
LA-HO,200905,2,persistence,reference_r1,0.013793,0.012506,200904,0.001287
LA-HO,200906,3,persistence,reference_r1,0.015768,0.0416269999999999,200904,-0.0258589999999999
LA-HO,200907,1,persistence,reference_r1,0.0149129999999999,0.3458800000000002,200907,-0.3309670000000003
LA-HO,200908,2,persistence,reference_r1,0.013793,0.6387629999999991,200907,-0.6249699999999991
LA-HO,200909,3,persistence,reference_r1,0.809768,0.7578110000000002,200907,0.05195699999999981
LA-HO,200910,1,persistence,reference_r1,0.024322,0.559631,200910,-0.535309
LA-HO,200911,2,persistence,reference_r1,0.023202,0.824841,200910,-0.801639
LA-HO,200912,3,persistence,reference_r1,0.0263769999999999,0.865054,200910,-0.8386770000000001
LA-KH,200801,1,persistence,reference_r1,1.3149230000000005,0.7367740000000003,200801,0.5781490000000002
LA-KH,200802,2,persistence,reference_r1,2.0702239999999996,0.104993,200801,1.9652309999999997
LA-KH,200803,3,persistence,reference_r1,2.6522299999999994,0.07538,200801,2.5768499999999994
LA-KH,200804,1,persistence,reference_r1,1.3149230000000005,0.4573239999999998,200804,0.8575990000000007
LA-KH,200805,2,persistence,reference_r1,2.0702239999999996,1.3179600000000002,200804,0.7522639999999994
LA-KH,200806,3,persistence,reference_r1,3.0462299999999978,2.6881449999999996,200804,0.3580849999999982
LA-KH,200807,1,persistence,reference_r1,2.403284000000001,4.0386040000000065,200807,-1.6353200000000054
LA-KH,200808,2,persistence,reference_r1,2.5886239999999994,4.381444999999999,200807,-1.792821
LA-KH,200809,3,persistence,reference_r1,4.036038999999999,4.129304999999995,200807,-0.0932659999999963
LA-KH,200810,1,persistence,reference_r1,3.125885000000002,0.7146050000000002,200810,2.411280000000002
LA-KH,200811,2,persistence,reference_r1,2.7576459999999976,1.5712550000000003,200810,1.1863909999999973
LA-KH,200812,3,persistence,reference_r1,2.9661490000000015,3.204727,200810,-0.23857799999999862
LA-KH,200901,1,persistence,reference_r1,3.713884999999999,0.096453,200901,3.617431999999999
LA-KH,200902,2,persistence,reference_r1,4.333645999999998,0.013026,200901,4.320619999999998
LA-KH,200903,3,persistence,reference_r1,3.796149,4.723357,200901,-0.9272079999999998
LA-KH,200904,1,persistence,reference_r1,4.995498000000001,0.3748060000000001,200904,4.620692000000001
LA-KH,200905,2,persistence,reference_r1,2.422528,2.250412,200904,0.17211599999999994
LA-KH,200906,3,persistence,reference_r1,54.16718900000001,66.41575,200904,-12.248560999999995
LA-KH,200907,1,persistence,reference_r1,60.490204000000006,115.296474,200907,-54.80627
LA-KH,200908,2,persistence,reference_r1,191.180325,249.068595,200907,-57.88826999999998
LA-KH,200909,3,persistence,reference_r1,163.22992399999998,217.711044,200907,-54.481120000000004
LA-KH,200910,1,persistence,reference_r1,169.74701399999998,43.99278899999999,200910,125.75422499999999
LA-KH,200911,2,persistence,reference_r1,185.115734,20.173246,200910,164.942488
LA-KH,200912,3,persistence,reference_r1,175.88018300000002,27.153737000000003,200910,148.726446
LA-LM,200801,1,persistence,reference_r1,0.0063019999999999,0.0001209999999999,200801,0.006181
LA-LM,200802,2,persistence,reference_r1,0.007978,6.399999999999982e-05,200801,0.007914000000000001
LA-LM,200803,3,persistence,reference_r1,0.008063,1.600000000000039e-05,200801,0.008047
LA-LM,200804,1,persistence,reference_r1,0.0063019999999999,0.0001999999999999,200804,0.006102
LA-LM,200805,2,persistence,reference_r1,0.007978,0.0012269999999999,200804,0.006751000000000101
LA-LM,200806,3,persistence,reference_r1,0.008063,0.0017109999999999,200804,0.006352000000000101
LA-LM,200807,1,persistence,reference_r1,0.0063019999999999,0.915139,200807,-0.9088370000000001
LA-LM,200808,2,persistence,reference_r1,0.007978,0.5213650000000012,200807,-0.5133870000000011
LA-LM,200809,3,persistence,reference_r1,0.008063,0.7953309999999991,200807,-0.7872679999999991
LA-LM,200810,1,persistence,reference_r1,0.0063019999999999,0.030305,200810,-0.0240030000000001
LA-LM,200811,2,persistence,reference_r1,0.007978,0.002114,200810,0.005864000000000001
LA-LM,200812,3,persistence,reference_r1,0.008063,0.0005739999999999,200810,0.007489000000000101
LA-LM,200901,1,persistence,reference_r1,0.0063019999999999,0.0001209999999999,200901,0.006181
LA-LM,200902,2,persistence,reference_r1,0.007978,0.000122,200901,0.007856
LA-LM,200903,3,persistence,reference_r1,0.008063,0.000365,200901,0.007698000000000001
LA-LM,200904,1,persistence,reference_r1,0.880302,0.96237,200904,-0.08206799999999992
LA-LM,200905,2,persistence,reference_r1,0.007978,0.005372,200904,0.0026060000000000007
LA-LM,200906,3,persistence,reference_r1,1.770063,1.751769,200904,0.018294000000000032
LA-LM,200907,1,persistence,reference_r1,0.886035,1.1468290000000003,200907,-0.2607940000000003
LA-LM,200908,2,persistence,reference_r1,1.777203,1.3371250000000003,200907,0.44007799999999975
LA-LM,200909,3,persistence,reference_r1,1.777288,2.265937000000001,200907,-0.488649000000001
LA-LM,200910,1,persistence,reference_r1,0.8865399999999999,2.5933539999999997,200910,-1.7068139999999998
LA-LM,200911,2,persistence,reference_r1,1.7778919999999998,4.743421,200910,-2.965529
LA-LM,200912,3,persistence,reference_r1,0.016045,3.2928680000000004,200910,-3.2768230000000003
LA-LP,200801,1,persistence,reference_r1,3.4616930000000004,0.875329,200801,2.5863640000000006
LA-LP,200802,2,persistence,reference_r1,6.91244,13.986595,200801,-7.074154999999999
LA-LP,200803,3,persistence,reference_r1,10.133757,20.378937,200801,-10.245180000000001
LA-LP,200804,1,persistence,reference_r1,7.587196,16.986800000000002,200804,-9.399604000000004
LA-LP,200805,2,persistence,reference_r1,77.70587800000001,72.08313000000001,200804,5.622748000000001
LA-LP,200806,3,persistence,reference_r1,116.670978,86.585332,200804,30.08564600000001
LA-LP,200807,1,persistence,reference_r1,129.93954599999998,10.268976000000002,200807,119.67056999999997
LA-LP,200808,2,persistence,reference_r1,128.21567000000002,8.381991,200807,119.83367900000002
LA-LP,200809,3,persistence,reference_r1,124.816253,9.104114,200807,115.71213900000001
LA-LP,200810,1,persistence,reference_r1,13.347094,17.309168,200810,-3.9620739999999994
LA-LP,200811,2,persistence,reference_r1,84.94253,108.263872,200810,-23.321342
LA-LP,200812,3,persistence,reference_r1,124.888534,158.113551,200810,-33.225016999999994
LA-LP,200901,1,persistence,reference_r1,146.497715,8.092224000000002,200901,138.40549099999998
LA-LP,200902,2,persistence,reference_r1,141.643959,4.90015,200901,136.743809
LA-LP,200903,3,persistence,reference_r1,139.126542,12.062924000000002,200901,127.06361799999999
LA-LP,200904,1,persistence,reference_r1,1.1242739999999998,11.446195,200904,-10.321921
LA-LP,200905,2,persistence,reference_r1,1.711145,32.951622,200904,-31.240477000000002
LA-LP,200906,3,persistence,reference_r1,5.2004459999999995,75.091924,200904,-69.891478
LA-LP,200907,1,persistence,reference_r1,14.802083,20.167692,200907,-5.365608999999999
LA-LP,200908,2,persistence,reference_r1,15.036039,20.986515999999995,200907,-5.950476999999994
LA-LP,200909,3,persistence,reference_r1,278.002476,277.10956699999997,200907,0.8929090000000315
LA-LP,200910,1,persistence,reference_r1,133.848548,65.535988,200910,68.31255999999999
LA-LP,200911,2,persistence,reference_r1,204.57629,42.4217,200910,162.15458999999998
LA-LP,200912,3,persistence,reference_r1,288.208892,6.162929,200910,282.045963
LA-OU,200801,1,persistence,reference_r1,0.0060349999999999,0.000905,200801,0.0051299999999999
LA-OU,200802,2,persistence,reference_r1,0.004123,0.0002559999999999,200801,0.0038670000000001
LA-OU,200803,3,persistence,reference_r1,0.0080099999999999,4.900000000000043e-05,200801,0.007960999999999899
LA-OU,200804,1,persistence,reference_r1,0.0060349999999999,0.000905,200804,0.0051299999999999
LA-OU,200805,2,persistence,reference_r1,0.004123,0.005827,200804,-0.0017039999999999998
LA-OU,200806,3,persistence,reference_r1,0.0080099999999999,0.0141019999999999,200804,-0.006092
LA-OU,200807,1,persistence,reference_r1,0.0060349999999999,1.6279299999999992,200807,-1.6218949999999994
LA-OU,200808,2,persistence,reference_r1,0.004123,1.1273920000000004,200807,-1.1232690000000003
LA-OU,200809,3,persistence,reference_r1,0.0080099999999999,1.3167809999999989,200807,-1.308770999999999
LA-OU,200810,1,persistence,reference_r1,0.0060349999999999,0.0403799999999999,200810,-0.034345
LA-OU,200811,2,persistence,reference_r1,0.004123,0.0042979999999999,200810,-0.00017499999999990006
LA-OU,200812,3,persistence,reference_r1,0.0080099999999999,0.0008219999999999,200810,0.007187999999999999
LA-OU,200901,1,persistence,reference_r1,0.0060349999999999,0.000289,200901,0.0057459999999999
LA-OU,200902,2,persistence,reference_r1,0.004123,3.600000000000044e-05,200901,0.0040869999999999995
LA-OU,200903,3,persistence,reference_r1,0.0080099999999999,0.000685,200901,0.007324999999999899
LA-OU,200904,1,persistence,reference_r1,0.0060349999999999,0.0010379999999999,200904,0.004997
LA-OU,200905,2,persistence,reference_r1,0.004123,0.0053129999999999,200904,-0.0011899999999999003
LA-OU,200906,3,persistence,reference_r1,0.0080099999999999,0.0156699999999999,200904,-0.00766
LA-OU,200907,1,persistence,reference_r1,0.0060349999999999,2.364044,200907,-2.358009
LA-OU,200908,2,persistence,reference_r1,0.886123,2.6968359999999976,200907,-1.8107129999999976
LA-OU,200909,3,persistence,reference_r1,14.71601,8.770896999999998,200907,5.945113000000003
LA-OU,200910,1,persistence,reference_r1,8.76207,2.1991160000000005,200910,6.5629539999999995
LA-OU,200911,2,persistence,reference_r1,1.848246,9.566518,200910,-7.718272000000001
LA-OU,200912,3,persistence,reference_r1,2.7500199999999997,16.101063,200910,-13.351043
LA-PH,200901,1,persistence,reference_r1,0.0002559999999999,0.0146789999999999,200901,-0.014423
LA-PH,200902,2,persistence,reference_r1,0.0002559999999999,0.019336,200901,-0.0190800000000001
LA-PH,200903,3,persistence,reference_r1,0.0003239999999999,0.021245,200901,-0.0209210000000001
LA-PH,200904,1,persistence,reference_r1,0.0002559999999999,0.0038929999999999,200904,-0.003637
LA-PH,200905,2,persistence,reference_r1,0.0002559999999999,0.006921,200904,-0.0066650000000001
LA-PH,200906,3,persistence,reference_r1,0.0003239999999999,0.030276,200904,-0.0299520000000001
LA-PH,200907,1,persistence,reference_r1,0.0002559999999999,0.2014949999999995,200907,-0.2012389999999996
LA-PH,200909,3,persistence,reference_r1,0.0003239999999999,0.2726230000000003,200907,-0.2722990000000004
LA-PH,200910,1,persistence,reference_r1,0.0002559999999999,0.018159,200910,-0.017903000000000103
LA-PH,200911,2,persistence,reference_r1,0.0002559999999999,0.0057829999999999,200910,-0.005527
LA-PH,200912,3,persistence,reference_r1,0.0003239999999999,0.0010329999999999,200910,-0.0007090000000000001
LA-SL,200801,1,persistence,reference_r1,5.888300000000001,0.93596,200801,4.952340000000001
LA-SL,200802,2,persistence,reference_r1,4.932642,0.3921460000000001,200801,4.540496
LA-SL,200803,3,persistence,reference_r1,1.538814,3.692026,200801,-2.153212
LA-SL,200804,1,persistence,reference_r1,2.4083299999999994,0.8494930000000003,200804,1.5588369999999991
LA-SL,200805,2,persistence,reference_r1,94.771065,89.52403,200804,5.247034999999997
LA-SL,200806,3,persistence,reference_r1,215.529118,188.157378,200804,27.371740000000017
LA-SL,200807,1,persistence,reference_r1,144.638988,49.670201000000006,200807,94.968787
LA-SL,200808,2,persistence,reference_r1,157.654794,39.471311,200807,118.18348300000001
LA-SL,200809,3,persistence,reference_r1,135.591742,56.592414000000005,200807,78.999328
LA-SL,200810,1,persistence,reference_r1,5.024252000000001,39.311372,200810,-34.28712
LA-SL,200811,2,persistence,reference_r1,59.913664,7.296982000000002,200810,52.616682
LA-SL,200812,3,persistence,reference_r1,72.336984,2.8325199999999997,200810,69.504464
LA-SL,200901,1,persistence,reference_r1,5.890064000000001,1.774387,200901,4.115677000000001
LA-SL,200902,2,persistence,reference_r1,14.107243,19.839352,200901,-5.732109000000001
LA-SL,200903,3,persistence,reference_r1,14.945415000000002,13.149506,200901,1.7959090000000018
LA-SL,200904,1,persistence,reference_r1,5.018927,5.698871999999998,200904,-0.6799449999999982
LA-SL,200905,2,persistence,reference_r1,91.851327,46.334152,200904,45.517174999999995
LA-SL,200906,3,persistence,reference_r1,14.970665,28.17270000000001,200904,-13.20203500000001
LA-SL,200907,1,persistence,reference_r1,118.6355,114.07736200000002,200907,4.558137999999971
LA-SL,200908,2,persistence,reference_r1,80.18723700000001,88.702064,200907,-8.514826999999983
LA-SL,200909,3,persistence,reference_r1,45.277277,62.36598299999997,200907,-17.088705999999974
LA-SL,200910,1,persistence,reference_r1,2.434636,34.802546,200910,-32.36791
LA-SL,200911,2,persistence,reference_r1,43.493157999999994,15.498442,200910,27.994715999999993
LA-SL,200912,3,persistence,reference_r1,69.439998,7.528991000000001,200910,61.911007
LA-SV,200801,1,persistence,reference_r1,4.8442229999999995,5.547417000000001,200801,-0.7031940000000017
LA-SV,200802,2,persistence,reference_r1,8.673057,1.0893490000000003,200801,7.583708
LA-SV,200803,3,persistence,reference_r1,12.976107,0.48614,200801,12.489967
LA-SV,200804,1,persistence,reference_r1,5.031711999999999,3.279536,200804,1.752175999999999
LA-SV,200805,2,persistence,reference_r1,8.798821000000004,7.876780999999999,200804,0.9220400000000044
LA-SV,200806,3,persistence,reference_r1,14.938783,28.380984,200804,-13.442201
LA-SV,200807,1,persistence,reference_r1,5.993041000000005,23.881301000000008,200807,-17.888260000000002
LA-SV,200808,2,persistence,reference_r1,11.269002999999998,21.63117299999999,200807,-10.362169999999992
LA-SV,200809,3,persistence,reference_r1,16.011347999999998,22.400266999999985,200807,-6.388918999999987
LA-SV,200810,1,persistence,reference_r1,7.473481,3.8406100000000007,200810,3.632870999999999
LA-SV,200811,2,persistence,reference_r1,8.967742000000001,0.7682600000000002,200810,8.199482000000001
LA-SV,200812,3,persistence,reference_r1,13.509918999999996,0.3406360000000001,200810,13.169282999999997
LA-SV,200901,1,persistence,reference_r1,4.710222999999999,0.0859659999999999,200901,4.624256999999999
LA-SV,200902,2,persistence,reference_r1,8.589056999999997,0.0134819999999999,200901,8.575574999999997
LA-SV,200903,3,persistence,reference_r1,12.924106999999992,0.11032,200901,12.813786999999992
LA-SV,200904,1,persistence,reference_r1,4.710222999999999,0.174683,200904,4.535539999999999
LA-SV,200905,2,persistence,reference_r1,8.589056999999997,1.249162,200904,7.339894999999997
LA-SV,200906,3,persistence,reference_r1,12.976107,1.7302809999999995,200904,11.245826000000001
LA-SV,200907,1,persistence,reference_r1,9.081712000000003,30.152889999999957,200907,-21.071177999999954
LA-SV,200908,2,persistence,reference_r1,21.414821000000003,30.933273999999983,200907,-9.51845299999998
LA-SV,200909,3,persistence,reference_r1,29.858783000000003,36.888075999999955,200907,-7.029292999999953
LA-SV,200910,1,persistence,reference_r1,22.608721999999993,6.586860999999999,200910,16.021860999999994
LA-SV,200911,2,persistence,reference_r1,17.216891000000004,16.811281,200910,0.4056100000000029
LA-SV,200912,3,persistence,reference_r1,33.27619299999999,1.8371329999999997,200910,31.43905999999999
LA-VT,200801,1,persistence,reference_r1,43.562509000000006,10.714584000000002,200801,32.847925000000004
LA-VT,200802,2,persistence,reference_r1,53.531439000000006,3.996601000000001,200801,49.53483800000001
LA-VT,200803,3,persistence,reference_r1,53.29954199999999,16.522857000000002,200801,36.776684999999986
LA-VT,200804,1,persistence,reference_r1,17.354836999999996,11.819135,200804,5.535701999999997
LA-VT,200805,2,persistence,reference_r1,23.829443999999995,25.304015999999997,200804,-1.474572000000002
LA-VT,200806,3,persistence,reference_r1,34.40855599999999,72.77900499999998,200804,-38.370448999999994
LA-VT,200807,1,persistence,reference_r1,44.285051,79.62387999999999,200807,-35.33882899999998
LA-VT,200808,2,persistence,reference_r1,49.550028999999995,84.09198400000002,200807,-34.54195500000003
LA-VT,200809,3,persistence,reference_r1,57.28912399999999,96.71268599999996,200807,-39.423561999999976
LA-VT,200810,1,persistence,reference_r1,40.699749,35.38703000000001,200810,5.312718999999987
LA-VT,200811,2,persistence,reference_r1,36.577603,61.523733,200810,-24.946129999999997
LA-VT,200812,3,persistence,reference_r1,56.08934400000001,53.204702,200810,2.8846420000000137
LA-VT,200901,1,persistence,reference_r1,33.955966000000004,19.474863,200901,14.481103000000004
LA-VT,200902,2,persistence,reference_r1,46.578158000000016,14.463068,200901,32.115090000000016
LA-VT,200903,3,persistence,reference_r1,52.60918800000002,6.282218,200901,46.32697000000002
LA-VT,200904,1,persistence,reference_r1,14.502862999999998,10.609374,200904,3.893488999999997
LA-VT,200905,2,persistence,reference_r1,26.674568000000008,108.37036799999998,200904,-81.69579999999998
LA-VT,200906,3,persistence,reference_r1,45.832223,166.441737,200904,-120.60951399999999
LA-VT,200907,1,persistence,reference_r1,142.69739800000002,180.23592699999995,200907,-37.538528999999926
LA-VT,200908,2,persistence,reference_r1,166.135237,206.069892,200907,-39.93465500000002
LA-VT,200909,3,persistence,reference_r1,238.83145099999996,279.660473,200907,-40.829022000000066
LA-VT,200910,1,persistence,reference_r1,37.81561000000001,193.724737,200910,-155.909127
LA-VT,200911,2,persistence,reference_r1,44.86481699999999,279.928436,200910,-235.063619
LA-VT,200912,3,persistence,reference_r1,73.67705999999998,210.736437,200910,-137.059377
LA-XA,200801,1,persistence,reference_r1,1.370140000000001,1.1126930000000002,200801,0.25744700000000087
LA-XA,200802,2,persistence,reference_r1,1.726794,0.234801,200801,1.491993
LA-XA,200803,3,persistence,reference_r1,2.4291660000000004,0.139513,200801,2.2896530000000004
LA-XA,200804,1,persistence,reference_r1,0.9566909999999992,0.7268720000000002,200804,0.229818999999999
LA-XA,200805,2,persistence,reference_r1,2.003665,1.3175499999999998,200804,0.686115
LA-XA,200806,3,persistence,reference_r1,4.741557,2.1461239999999995,200804,2.5954330000000008
LA-XA,200807,1,persistence,reference_r1,9.660272,10.850281999999993,200807,-1.190009999999992
LA-XA,200808,2,persistence,reference_r1,1.9991069999999984,4.105643000000001,200807,-2.106536000000002
LA-XA,200809,3,persistence,reference_r1,4.655937,2.502944999999997,200807,2.152992000000003
LA-XA,200810,1,persistence,reference_r1,1.8581400000000008,1.5478009999999998,200810,0.31033900000000103
LA-XA,200811,2,persistence,reference_r1,1.726794,0.7231389999999998,200810,1.0036550000000002
LA-XA,200812,3,persistence,reference_r1,2.223166000000001,0.394121,200810,1.829045000000001
LA-XA,200901,1,persistence,reference_r1,1.370140000000001,0.0975379999999999,200901,1.2726020000000011
LA-XA,200902,2,persistence,reference_r1,1.726794,0.030936,200901,1.6958579999999999
LA-XA,200903,3,persistence,reference_r1,2.4291660000000004,0.212916,200901,2.2162500000000005
LA-XA,200904,1,persistence,reference_r1,0.9566909999999992,0.2745100000000001,200904,0.682180999999999
LA-XA,200905,2,persistence,reference_r1,1.5876649999999994,1.0569640000000002,200904,0.5307009999999992
LA-XA,200906,3,persistence,reference_r1,9.675557,5.6558589999999995,200904,4.019698
LA-XA,200907,1,persistence,reference_r1,2.7803690000000003,6.654525,200907,-3.8741559999999993
LA-XA,200908,2,persistence,reference_r1,17.094084000000002,22.004283,200907,-4.910198999999999
LA-XA,200909,3,persistence,reference_r1,3.863987999999999,6.667822999999991,200907,-2.8038349999999923
LA-XA,200910,1,persistence,reference_r1,4.720613,4.262353999999998,200910,0.45825900000000175
LA-XA,200911,2,persistence,reference_r1,4.825930999999999,1.7879880000000004,200910,3.0379429999999985
LA-XA,200912,3,persistence,reference_r1,8.469738999999999,1.54066,200910,6.929078999999999
LA-XE,200801,1,persistence,reference_r1,0.6979409999999999,0.014126,200801,0.683815
LA-XE,200802,2,persistence,reference_r1,0.6954600000000001,0.00859,200801,0.6868700000000001
LA-XE,200803,3,persistence,reference_r1,0.6880539999999999,0.003414,200801,0.6846399999999999
LA-XE,200804,1,persistence,reference_r1,0.067505,0.0088569999999999,200804,0.058648000000000096
LA-XE,200805,2,persistence,reference_r1,0.0713599999999999,0.037743,200804,0.0336169999999999
LA-XE,200806,3,persistence,reference_r1,4.053398,4.076605000000001,200804,-0.023207000000001088
LA-XE,200807,1,persistence,reference_r1,4.160576,0.2786010000000001,200807,3.8819749999999997
LA-XE,200808,2,persistence,reference_r1,4.131926999999999,0.3408239999999995,200807,3.7911029999999997
LA-XE,200809,3,persistence,reference_r1,3.2153919999999996,0.646874,200807,2.5685179999999996
LA-XE,200810,1,persistence,reference_r1,0.6979409999999999,0.0473129999999999,200810,0.650628
LA-XE,200811,2,persistence,reference_r1,0.6954600000000001,0.0126799999999999,200810,0.6827800000000002
LA-XE,200812,3,persistence,reference_r1,0.120054,0.896913,200810,-0.776859
LA-XE,200901,1,persistence,reference_r1,0.6979409999999999,0.0067139999999999,200901,0.691227
LA-XE,200902,2,persistence,reference_r1,0.6954600000000001,1.873414,200901,-1.1779539999999997
LA-XE,200903,3,persistence,reference_r1,0.6880539999999999,1.755445,200901,-1.067391
LA-XE,200904,1,persistence,reference_r1,0.71307,0.534985,200904,0.17808499999999994
LA-XE,200905,2,persistence,reference_r1,0.132101,0.924619,200904,-0.792518
LA-XE,200906,3,persistence,reference_r1,6.022938,5.835069,200904,0.18786900000000006
LA-XE,200907,1,persistence,reference_r1,19.060946,24.722913999999996,200907,-5.661967999999995
LA-XE,200908,2,persistence,reference_r1,16.974494,22.169993,200907,-5.195499000000002
LA-XE,200909,3,persistence,reference_r1,2.3166710000000004,4.003242999999999,200907,-1.686571999999999
LA-XE,200910,1,persistence,reference_r1,0.722745,2.638095999999999,200910,-1.9153509999999991
LA-XE,200911,2,persistence,reference_r1,2.3122510000000003,2.4022140000000007,200910,-0.08996300000000046
LA-XE,200912,3,persistence,reference_r1,0.713921,6.235538999999999,200910,-5.521617999999999
LA-XI,200801,1,persistence,reference_r1,0.000689,0.000445,200801,0.00024400000000000008
LA-XI,200802,2,persistence,reference_r1,0.000689,0.000226,200801,0.0004630000000000001
LA-XI,200803,3,persistence,reference_r1,0.000757,0.0004499999999999,200801,0.00030700000000009994
LA-XI,200804,1,persistence,reference_r1,0.000689,0.0002979999999999,200804,0.00039100000000010003
LA-XI,200805,2,persistence,reference_r1,0.000689,0.001346,200804,-0.0006569999999999999
LA-XI,200806,3,persistence,reference_r1,0.948757,0.935106,200804,0.013650999999999969
LA-XI,200807,1,persistence,reference_r1,0.951314,0.2479899999999997,200807,0.7033240000000003
LA-XI,200808,2,persistence,reference_r1,0.951314,0.2407529999999997,200807,0.7105610000000003
LA-XI,200809,3,persistence,reference_r1,0.949433,0.247541,200807,0.701892
LA-XI,200810,1,persistence,reference_r1,0.000689,0.0105359999999999,200810,-0.0098469999999999
LA-XI,200811,2,persistence,reference_r1,0.000689,0.0017099999999999,200810,-0.0010209999999999
LA-XI,200812,3,persistence,reference_r1,0.000757,0.0007599999999999,200810,-2.999999999900001e-06
LA-XI,200901,1,persistence,reference_r1,0.000689,0.000902,200901,-0.00021299999999999997
LA-XI,200902,2,persistence,reference_r1,0.000689,0.001051,200901,-0.000362
LA-XI,200903,3,persistence,reference_r1,0.000757,0.0015239999999999,200901,-0.0007669999999999
LA-XI,200904,1,persistence,reference_r1,0.000689,0.0002669999999999,200904,0.00042200000000010003
LA-XI,200905,2,persistence,reference_r1,38.934689,38.934755,200904,-6.600000000389628e-05
LA-XI,200906,3,persistence,reference_r1,32.93075700000001,32.807079,200904,0.12367800000000528
LA-XI,200907,1,persistence,reference_r1,31.935378,0.7653860000000012,200907,31.169992
LA-XI,200908,2,persistence,reference_r1,22.935378,6.952957999999999,200907,15.982420000000001
LA-XI,200909,3,persistence,reference_r1,32.931514,0.5359949999999998,200907,32.395519
LA-XI,200910,1,persistence,reference_r1,0.000689,1.1083820000000002,200910,-1.1076930000000003
LA-XI,200911,2,persistence,reference_r1,0.000689,0.3309709999999999,200910,-0.3302819999999999
LA-XI,200912,3,persistence,reference_r1,0.000757,0.180008,200910,-0.179251
LA-AT,200801,1,persistence,reference_r2,3.417114,2.870029,200801,0.547085
LA-AT,200802,2,persistence,reference_r2,1.554761,1.166247,200801,0.388514
LA-AT,200803,3,persistence,reference_r2,0.0719689999999997,0.0779409999999999,200801,-0.005972000000000199
LA-AT,200804,1,persistence,reference_r2,0.0471139999999998,0.4965809999999999,200804,-0.44946700000000006
LA-AT,200805,2,persistence,reference_r2,3.342761,2.053591,200804,1.28917
LA-AT,200806,3,persistence,reference_r2,8.929969,5.099836,200804,3.830133
LA-AT,200807,1,persistence,reference_r2,3.450605,3.6795430000000096,200807,-0.22893800000000963
LA-AT,200808,2,persistence,reference_r2,0.8260830000000001,6.903518999999996,200807,-6.077435999999995
LA-AT,200809,3,persistence,reference_r2,12.807472,17.34541,200807,-4.5379380000000005
LA-AT,200810,1,persistence,reference_r2,21.839211,30.636712000000003,200810,-8.797501000000004
LA-AT,200811,2,persistence,reference_r2,17.716617,36.745142,200810,-19.028525000000002
LA-AT,200812,3,persistence,reference_r2,0.8262919999999996,17.612139,200810,-16.785847
LA-AT,200901,1,persistence,reference_r2,4.403041999999999,8.47136,200901,-4.068318000000001
LA-AT,200902,2,persistence,reference_r2,21.580328,39.265982,200901,-17.685654
LA-AT,200903,3,persistence,reference_r2,51.660003,59.574331,200901,-7.914327999999998
LA-AT,200904,1,persistence,reference_r2,20.870388,49.116268,200904,-28.24588
LA-AT,200905,2,persistence,reference_r2,74.407714,51.268833999999984,200904,23.138880000000015
LA-AT,200906,3,persistence,reference_r2,50.686121,35.279944,200904,15.406177
LA-AT,200907,1,persistence,reference_r2,38.397211,47.680179,200907,-9.282968000000004
LA-AT,200908,2,persistence,reference_r2,2.492617,14.664608,200907,-12.171990999999998
LA-AT,200909,3,persistence,reference_r2,6.1402920000000005,9.823124,200907,-3.6828319999999994
LA-AT,200910,1,persistence,reference_r2,12.098028,5.629828,200910,6.4681999999999995
LA-AT,200911,2,persistence,reference_r2,0.8285939999999998,7.106491000000002,200910,-6.277897000000002
LA-AT,200912,3,persistence,reference_r2,9.930269,4.375648999999999,200910,5.55462
LA-BK,200801,1,persistence,reference_r2,0.702799,0.948692,200801,-0.24589300000000003
LA-BK,200802,2,persistence,reference_r2,0.0441579999999999,9.99999999999916e-07,200801,0.0441569999999999
LA-BK,200803,3,persistence,reference_r2,0.04958,5.00000000000023e-06,200801,0.049575
LA-BK,200804,1,persistence,reference_r2,0.0387989999999999,0.0919389999999999,200804,-0.05313999999999999
LA-BK,200805,2,persistence,reference_r2,11.132158,8.282046999999999,200804,2.850111000000002
LA-BK,200806,3,persistence,reference_r2,51.985580000000006,46.60701,200804,5.378570000000003
LA-BK,200807,1,persistence,reference_r2,50.223598,1.8842029999999992,200807,48.339395
LA-BK,200808,2,persistence,reference_r2,43.128316,5.801938,200807,37.326378
LA-BK,200809,3,persistence,reference_r2,19.03516,21.645176,200807,-2.610015999999998
LA-BK,200810,1,persistence,reference_r2,14.223598,22.942771000000008,200810,-8.719173000000007
LA-BK,200811,2,persistence,reference_r2,21.128316,48.272275,200810,-27.143959
LA-BK,200812,3,persistence,reference_r2,27.03516,2.9151080000000005,200810,24.120052
LA-BK,200901,1,persistence,reference_r2,3.438492,0.463794,200901,2.974698
LA-BK,200902,2,persistence,reference_r2,4.3407670000000005,0.269102,200901,4.071665
LA-BK,200903,3,persistence,reference_r2,3.355307,0.586875,200901,2.768432
LA-BK,200904,1,persistence,reference_r2,1.589023,1.318219,200904,0.27080400000000004
LA-BK,200905,2,persistence,reference_r2,72.11584199999999,43.200038,200904,28.915803999999987
LA-BK,200906,3,persistence,reference_r2,214.019436,146.591438,200904,67.427998
LA-BK,200907,1,persistence,reference_r2,3.439598,184.315415,200907,-180.875817
LA-BK,200908,2,persistence,reference_r2,105.128316,90.208952,200907,14.919364000000002
LA-BK,200909,3,persistence,reference_r2,163.03516,39.497511,200907,123.53764899999999
LA-BK,200910,1,persistence,reference_r2,20.223598,21.675027,200910,-1.451429000000001
LA-BK,200911,2,persistence,reference_r2,46.128316,16.155339999999995,200910,29.972976000000003
LA-BK,200912,3,persistence,reference_r2,47.03516,4.625311999999999,200910,42.409848
LA-BL,200801,1,persistence,reference_r2,5.383502,5.211004,200801,0.17249800000000004
LA-BL,200802,2,persistence,reference_r2,4.609445999999998,5.742271,200801,-1.1328250000000013
LA-BL,200803,3,persistence,reference_r2,4.952254,0.3935499999999999,200801,4.558704
LA-BL,200804,1,persistence,reference_r2,2.695502000000001,1.801488,200804,0.8940140000000012
LA-BL,200805,2,persistence,reference_r2,7.897445999999999,11.091016,200804,-3.193570000000001
LA-BL,200806,3,persistence,reference_r2,9.692254000000002,11.807714,200804,-2.115459999999999
LA-BL,200807,1,persistence,reference_r2,8.23891,19.489928999999997,200807,-11.251018999999996
LA-BL,200808,2,persistence,reference_r2,9.221346999999998,20.422767,200807,-11.201420000000002
LA-BL,200809,3,persistence,reference_r2,9.298677,18.832101999999992,200807,-9.533424999999992
LA-BL,200810,1,persistence,reference_r2,16.470322000000003,10.138714000000004,200810,6.331607999999999
LA-BL,200811,2,persistence,reference_r2,12.262498,3.98417,200810,8.278328
LA-BL,200812,3,persistence,reference_r2,17.99097,0.9679320000000002,200810,17.023038
LA-BL,200901,1,persistence,reference_r2,2.511502,0.727095,200901,1.784407
LA-BL,200902,2,persistence,reference_r2,3.6934460000000016,1.7457879999999997,200901,1.9476580000000019
LA-BL,200903,3,persistence,reference_r2,4.9942540000000015,0.9977959999999996,200901,3.996458000000002
LA-BL,200904,1,persistence,reference_r2,2.5010209999999997,0.7688329999999999,200904,1.7321879999999998
LA-BL,200905,2,persistence,reference_r2,3.323820999999999,4.063975000000001,200904,-0.7401540000000022
LA-BL,200906,3,persistence,reference_r2,5.582812999999998,5.191542999999999,200904,0.3912699999999987
LA-BL,200907,1,persistence,reference_r2,17.514046,21.442379000000003,200907,-3.928333000000002
LA-BL,200908,2,persistence,reference_r2,4.609358000000002,5.833576000000001,200907,-1.2242179999999987
LA-BL,200909,3,persistence,reference_r2,6.933896999999998,5.436509999999998,200907,1.4973869999999998
LA-BL,200910,1,persistence,reference_r2,2.3170210000000004,5.468042999999998,200910,-3.1510219999999975
LA-BL,200911,2,persistence,reference_r2,3.4678210000000007,2.460592,200910,1.0072290000000006
LA-BL,200912,3,persistence,reference_r2,4.764813,0.6904659999999998,200910,4.074347
LA-CH,200801,1,persistence,reference_r2,9.094472000000003,29.400878,200801,-20.306405999999996
LA-CH,200802,2,persistence,reference_r2,19.277769,41.710931,200801,-22.433162000000003
LA-CH,200803,3,persistence,reference_r2,22.452036999999997,48.63571,200801,-26.183673000000006
LA-CH,200804,1,persistence,reference_r2,16.585575000000002,36.551064,200804,-19.965488999999994
LA-CH,200805,2,persistence,reference_r2,17.207692,61.931813000000005,200804,-44.724121000000004
LA-CH,200806,3,persistence,reference_r2,145.733314,169.26722999999998,200804,-23.533915999999977
LA-CH,200807,1,persistence,reference_r2,103.949944,95.311037,200807,8.638907000000003
LA-CH,200808,2,persistence,reference_r2,112.642802,91.334289,200807,21.308513000000005
LA-CH,200809,3,persistence,reference_r2,73.553239,123.56388700000002,200807,-50.01064800000002
LA-CH,200810,1,persistence,reference_r2,31.000921000000005,48.776076,200810,-17.775154999999998
LA-CH,200811,2,persistence,reference_r2,58.287541,49.353605,200810,8.933935999999996
LA-CH,200812,3,persistence,reference_r2,74.65110700000001,34.683201999999994,200810,39.967905000000016
LA-CH,200901,1,persistence,reference_r2,28.518953000000003,10.119243,200901,18.399710000000002
LA-CH,200902,2,persistence,reference_r2,18.940767,27.214198000000003,200901,-8.273431000000002
LA-CH,200903,3,persistence,reference_r2,16.500345000000003,22.387956999999997,200901,-5.887611999999994
LA-CH,200904,1,persistence,reference_r2,28.357396,39.571918,200904,-11.214521999999995
LA-CH,200905,2,persistence,reference_r2,10.360133000000005,77.67261800000003,200904,-67.31248500000002
LA-CH,200906,3,persistence,reference_r2,41.64690100000001,71.83555600000003,200904,-30.18865500000002
LA-CH,200907,1,persistence,reference_r2,7.347732000000001,72.095211,200907,-64.747479
LA-CH,200908,2,persistence,reference_r2,14.241996999999998,64.89548500000001,200907,-50.65348800000001
LA-CH,200909,3,persistence,reference_r2,20.237556,60.58468499999998,200907,-40.34712899999998
LA-CH,200910,1,persistence,reference_r2,31.559768,20.648829,200910,10.910938999999999
LA-CH,200911,2,persistence,reference_r2,48.322561,20.115042000000003,200910,28.207518999999998
LA-CH,200912,3,persistence,reference_r2,48.408425,11.842319999999994,200910,36.56610500000001
LA-HO,200801,1,persistence,reference_r2,0.8303219999999999,0.0028089999999999,200801,0.8275129999999999
LA-HO,200802,2,persistence,reference_r2,0.8292019999999999,0.001024,200801,0.8281779999999999
LA-HO,200803,3,persistence,reference_r2,0.820377,0.0061849999999999,200801,0.8141920000000001
LA-HO,200804,1,persistence,reference_r2,0.0149129999999999,0.01699,200804,-0.0020770000000001013
LA-HO,200805,2,persistence,reference_r2,0.013793,0.0505309999999999,200804,-0.0367379999999999
LA-HO,200806,3,persistence,reference_r2,0.015768,0.106754,200804,-0.090986
LA-HO,200807,1,persistence,reference_r2,0.0149129999999999,0.4200189999999999,200807,-0.405106
LA-HO,200808,2,persistence,reference_r2,0.013793,0.4557479999999998,200807,-0.4419549999999998
LA-HO,200809,3,persistence,reference_r2,0.809768,0.8657190000000003,200807,-0.055951000000000306
LA-HO,200810,1,persistence,reference_r2,0.8303219999999999,0.07379,200810,0.7565319999999999
LA-HO,200811,2,persistence,reference_r2,0.8292019999999999,0.007235,200810,0.8219669999999999
LA-HO,200812,3,persistence,reference_r2,0.0263769999999999,0.8987419999999999,200810,-0.8723650000000001
LA-HO,200901,1,persistence,reference_r2,0.8303219999999999,0.0168959999999999,200901,0.813426
LA-HO,200902,2,persistence,reference_r2,0.8292019999999999,0.0283689999999999,200901,0.800833
LA-HO,200903,3,persistence,reference_r2,0.820377,0.0238049999999999,200901,0.7965720000000002
LA-HO,200904,1,persistence,reference_r2,0.0149129999999999,0.00596,200904,0.0089529999999999
LA-HO,200905,2,persistence,reference_r2,0.013793,0.014989,200904,-0.0011960000000000009
LA-HO,200906,3,persistence,reference_r2,0.015768,0.0415379999999999,200904,-0.0257699999999999
LA-HO,200907,1,persistence,reference_r2,0.0149129999999999,0.3486150000000005,200907,-0.3337020000000006
LA-HO,200908,2,persistence,reference_r2,0.013793,0.568760000000001,200907,-0.5549670000000011
LA-HO,200909,3,persistence,reference_r2,0.809768,0.782449999999999,200907,0.027318000000001064
LA-HO,200910,1,persistence,reference_r2,0.024322,0.5915029999999999,200910,-0.5671809999999999
LA-HO,200911,2,persistence,reference_r2,0.023202,0.7675,200910,-0.7442979999999999
LA-HO,200912,3,persistence,reference_r2,0.0263769999999999,0.88176,200910,-0.8553830000000001
LA-KH,200801,1,persistence,reference_r2,1.3149230000000005,0.8436089999999998,200801,0.4713140000000007
LA-KH,200802,2,persistence,reference_r2,2.0702239999999996,0.1006579999999999,200801,1.9695659999999997
LA-KH,200803,3,persistence,reference_r2,2.6522299999999994,0.084513,200801,2.5677169999999996
LA-KH,200804,1,persistence,reference_r2,1.3149230000000005,0.3475000000000001,200804,0.9674230000000004
LA-KH,200805,2,persistence,reference_r2,2.0702239999999996,0.8777169999999996,200804,1.192507
LA-KH,200806,3,persistence,reference_r2,3.0462299999999978,2.284251000000001,200804,0.7619789999999966
LA-KH,200807,1,persistence,reference_r2,2.403284000000001,4.221245999999994,200807,-1.8179619999999925
LA-KH,200808,2,persistence,reference_r2,2.5886239999999994,4.132339000000002,200807,-1.5437150000000024
LA-KH,200809,3,persistence,reference_r2,4.036038999999999,4.838402000000002,200807,-0.8023630000000033
LA-KH,200810,1,persistence,reference_r2,3.125885000000002,0.712469,200810,2.413416000000002
LA-KH,200811,2,persistence,reference_r2,2.7576459999999976,1.6994600000000002,200810,1.0581859999999974
LA-KH,200812,3,persistence,reference_r2,2.9661490000000015,3.2335190000000003,200810,-0.2673699999999988
LA-KH,200901,1,persistence,reference_r2,3.713884999999999,0.095673,200901,3.618211999999999
LA-KH,200902,2,persistence,reference_r2,4.333645999999998,0.0148939999999999,200901,4.318751999999998
LA-KH,200903,3,persistence,reference_r2,3.796149,4.787865,200901,-0.9917159999999998
LA-KH,200904,1,persistence,reference_r2,4.995498000000001,0.319434,200904,4.676064000000001
LA-KH,200905,2,persistence,reference_r2,2.422528,2.2428190000000003,200904,0.17970899999999945
LA-KH,200906,3,persistence,reference_r2,54.16718900000001,63.818406,200904,-9.651216999999995
LA-KH,200907,1,persistence,reference_r2,60.490204000000006,113.180951,200907,-52.69074699999999
LA-KH,200908,2,persistence,reference_r2,191.180325,238.574493,200907,-47.39416799999998
LA-KH,200909,3,persistence,reference_r2,163.22992399999998,223.8797,200907,-60.64977600000003
LA-KH,200910,1,persistence,reference_r2,169.74701399999998,42.39027300000001,200910,127.35674099999997
LA-KH,200911,2,persistence,reference_r2,185.115734,22.924324999999996,200910,162.19140900000002
LA-KH,200912,3,persistence,reference_r2,175.88018300000002,30.880674000000003,200910,144.99950900000002
LA-LM,200801,1,persistence,reference_r2,0.0063019999999999,0.000226,200801,0.0060759999999999
LA-LM,200802,2,persistence,reference_r2,0.007978,8.099999999999948e-05,200801,0.007897000000000001
LA-LM,200803,3,persistence,reference_r2,0.008063,4.000000000000097e-06,200801,0.008059
LA-LM,200804,1,persistence,reference_r2,0.0063019999999999,0.0301639999999999,200804,-0.023862
LA-LM,200805,2,persistence,reference_r2,0.007978,0.198095,200804,-0.19011699999999998
LA-LM,200806,3,persistence,reference_r2,0.008063,0.292751,200804,-0.284688
LA-LM,200807,1,persistence,reference_r2,0.0063019999999999,1.0682200000000002,200807,-1.0619180000000004
LA-LM,200808,2,persistence,reference_r2,0.007978,0.5533980000000005,200807,-0.5454200000000005
LA-LM,200809,3,persistence,reference_r2,0.008063,0.5952210000000004,200807,-0.5871580000000004
LA-LM,200810,1,persistence,reference_r2,0.0063019999999999,0.0238269999999999,200810,-0.017525
LA-LM,200811,2,persistence,reference_r2,0.007978,0.002683,200810,0.005295000000000001
LA-LM,200812,3,persistence,reference_r2,0.008063,0.000148,200810,0.007915
LA-LM,200901,1,persistence,reference_r2,0.0063019999999999,0.0001019999999999,200901,0.0062
LA-LM,200902,2,persistence,reference_r2,0.007978,9.99999999999994e-05,200901,0.007878000000000001
LA-LM,200903,3,persistence,reference_r2,0.008063,0.0004839999999999,200901,0.0075790000000001
LA-LM,200904,1,persistence,reference_r2,0.880302,0.94868,200904,-0.06837799999999994
LA-LM,200905,2,persistence,reference_r2,0.007978,0.0033749999999999,200904,0.0046030000000001
LA-LM,200906,3,persistence,reference_r2,1.770063,1.778816,200904,-0.00875300000000001
LA-LM,200907,1,persistence,reference_r2,0.886035,0.942513,200907,-0.05647800000000003
LA-LM,200908,2,persistence,reference_r2,1.777203,1.34788,200907,0.4293230000000001
LA-LM,200909,3,persistence,reference_r2,1.777288,2.340674,200907,-0.5633859999999999
LA-LM,200910,1,persistence,reference_r2,0.8865399999999999,2.816205,200910,-1.9296650000000002
LA-LM,200911,2,persistence,reference_r2,1.7778919999999998,4.455114999999999,200910,-2.6772229999999997
LA-LM,200912,3,persistence,reference_r2,0.016045,3.353251,200910,-3.337206
LA-LP,200801,1,persistence,reference_r2,3.4616930000000004,0.7571660000000002,200801,2.704527
LA-LP,200802,2,persistence,reference_r2,6.91244,14.267759,200801,-7.355319
LA-LP,200803,3,persistence,reference_r2,10.133757,20.295906,200801,-10.162149
LA-LP,200804,1,persistence,reference_r2,7.587196,31.738872000000004,200804,-24.151676000000005
LA-LP,200805,2,persistence,reference_r2,77.70587800000001,112.771204,200804,-35.065325999999985
LA-LP,200806,3,persistence,reference_r2,116.670978,153.205867,200804,-36.53488900000001
LA-LP,200807,1,persistence,reference_r2,129.93954599999998,9.993556000000003,200807,119.94598999999998
LA-LP,200808,2,persistence,reference_r2,128.21567000000002,8.205945999999997,200807,120.00972400000002
LA-LP,200809,3,persistence,reference_r2,124.816253,8.876618,200807,115.93963500000001
LA-LP,200810,1,persistence,reference_r2,13.347094,16.71071,200810,-3.3636159999999986
LA-LP,200811,2,persistence,reference_r2,84.94253,108.873379,200810,-23.930848999999995
LA-LP,200812,3,persistence,reference_r2,124.888534,157.84191199999998,200810,-32.95337799999997
LA-LP,200901,1,persistence,reference_r2,146.497715,8.096719,200901,138.400996
LA-LP,200902,2,persistence,reference_r2,141.643959,4.327036,200901,137.316923
LA-LP,200903,3,persistence,reference_r2,139.126542,11.661655999999995,200901,127.464886
LA-LP,200904,1,persistence,reference_r2,1.1242739999999998,11.652033,200904,-10.527759
LA-LP,200905,2,persistence,reference_r2,1.711145,35.67989000000001,200904,-33.968745000000006
LA-LP,200906,3,persistence,reference_r2,5.2004459999999995,70.77148200000002,200904,-65.57103600000002
LA-LP,200907,1,persistence,reference_r2,14.802083,20.486870999999997,200907,-5.6847879999999975
LA-LP,200908,2,persistence,reference_r2,15.036039,20.185861999999997,200907,-5.149822999999996
LA-LP,200909,3,persistence,reference_r2,278.002476,283.036426,200907,-5.033950000000004
LA-LP,200910,1,persistence,reference_r2,133.848548,73.503249,200910,60.345299
LA-LP,200911,2,persistence,reference_r2,204.57629,35.459931,200910,169.116359
LA-LP,200912,3,persistence,reference_r2,288.208892,5.855303000000001,200910,282.353589
LA-OU,200801,1,persistence,reference_r2,0.0060349999999999,0.0012409999999999,200801,0.004794
LA-OU,200802,2,persistence,reference_r2,0.004123,6.399999999999982e-05,200801,0.004059
LA-OU,200803,3,persistence,reference_r2,0.0080099999999999,8.099999999999948e-05,200801,0.0079289999999999
LA-OU,200804,1,persistence,reference_r2,0.0060349999999999,0.080944,200804,-0.0749090000000001
LA-OU,200805,2,persistence,reference_r2,0.004123,0.3718069999999998,200804,-0.3676839999999998
LA-OU,200806,3,persistence,reference_r2,0.0080099999999999,0.6405690000000002,200804,-0.6325590000000003
LA-OU,200807,1,persistence,reference_r2,0.0060349999999999,1.957936,200807,-1.951901
LA-OU,200808,2,persistence,reference_r2,0.004123,1.3450399999999991,200807,-1.340916999999999
LA-OU,200809,3,persistence,reference_r2,0.0080099999999999,1.5896340000000002,200807,-1.5816240000000004
LA-OU,200810,1,persistence,reference_r2,0.0060349999999999,0.0335859999999999,200810,-0.027551
LA-OU,200811,2,persistence,reference_r2,0.004123,0.003444,200810,0.0006789999999999999
LA-OU,200812,3,persistence,reference_r2,0.0080099999999999,0.000635,200810,0.007374999999999899
LA-OU,200901,1,persistence,reference_r2,0.0060349999999999,0.0002339999999999,200901,0.005801
LA-OU,200902,2,persistence,reference_r2,0.004123,0.0002249999999999,200901,0.0038980000000000997
LA-OU,200903,3,persistence,reference_r2,0.0080099999999999,0.0002339999999999,200901,0.007775999999999999
LA-OU,200904,1,persistence,reference_r2,0.0060349999999999,0.00073,200904,0.0053049999999999
LA-OU,200905,2,persistence,reference_r2,0.004123,0.0065199999999999,200904,-0.0023969999999999
LA-OU,200906,3,persistence,reference_r2,0.0080099999999999,0.0146779999999999,200904,-0.006668
LA-OU,200907,1,persistence,reference_r2,0.0060349999999999,1.6200480000000006,200907,-1.6140130000000008
LA-OU,200908,2,persistence,reference_r2,0.886123,2.1309520000000006,200907,-1.2448290000000006
LA-OU,200909,3,persistence,reference_r2,14.71601,9.051423,200907,5.664587000000001
LA-OU,200910,1,persistence,reference_r2,8.76207,2.259908,200910,6.502162
LA-OU,200911,2,persistence,reference_r2,1.848246,8.562932,200910,-6.714686
LA-OU,200912,3,persistence,reference_r2,2.7500199999999997,16.293002,200910,-13.542982000000002
LA-PH,200901,1,persistence,reference_r2,0.0002559999999999,0.017178,200901,-0.0169220000000001
LA-PH,200902,2,persistence,reference_r2,0.0002559999999999,0.0116239999999999,200901,-0.011368
LA-PH,200903,3,persistence,reference_r2,0.0003239999999999,0.015307,200901,-0.014983000000000099
LA-PH,200904,1,persistence,reference_r2,0.0002559999999999,0.0035339999999999,200904,-0.003278
LA-PH,200905,2,persistence,reference_r2,0.0002559999999999,0.0082129999999999,200904,-0.007956999999999999
LA-PH,200906,3,persistence,reference_r2,0.0003239999999999,0.026865,200904,-0.0265410000000001
LA-PH,200907,1,persistence,reference_r2,0.0002559999999999,0.2463779999999999,200907,-0.246122
LA-PH,200909,3,persistence,reference_r2,0.0003239999999999,0.4324589999999997,200907,-0.4321349999999998
LA-PH,200910,1,persistence,reference_r2,0.0002559999999999,0.013547,200910,-0.0132910000000001
LA-PH,200911,2,persistence,reference_r2,0.0002559999999999,0.0079899999999999,200910,-0.0077339999999999996
LA-PH,200912,3,persistence,reference_r2,0.0003239999999999,0.001654,200910,-0.0013300000000001002
LA-SL,200801,1,persistence,reference_r2,5.888300000000001,0.9609960000000002,200801,4.927304000000001
LA-SL,200802,2,persistence,reference_r2,4.932642,0.4065709999999998,200801,4.526071000000001
LA-SL,200803,3,persistence,reference_r2,1.538814,3.618485,200801,-2.0796710000000003
LA-SL,200804,1,persistence,reference_r2,2.4083299999999994,1.2881089999999995,200804,1.120221
LA-SL,200805,2,persistence,reference_r2,94.771065,88.681095,200804,6.089969999999994
LA-SL,200806,3,persistence,reference_r2,215.529118,182.102189,200804,33.426929
LA-SL,200807,1,persistence,reference_r2,144.638988,48.087969999999984,200807,96.55101800000003
LA-SL,200808,2,persistence,reference_r2,157.654794,37.69212300000001,200807,119.962671
LA-SL,200809,3,persistence,reference_r2,135.591742,56.927235,200807,78.66450700000001
LA-SL,200810,1,persistence,reference_r2,5.024252000000001,38.914912,200810,-33.89066
LA-SL,200811,2,persistence,reference_r2,59.913664,7.517941000000002,200810,52.395723
LA-SL,200812,3,persistence,reference_r2,72.336984,2.700215,200810,69.636769
LA-SL,200901,1,persistence,reference_r2,5.890064000000001,1.8186020000000005,200901,4.071462
LA-SL,200902,2,persistence,reference_r2,14.107243,19.869148000000003,200901,-5.761905000000002
LA-SL,200903,3,persistence,reference_r2,14.945415000000002,13.274758,200901,1.670657000000002
LA-SL,200904,1,persistence,reference_r2,5.018927,6.034967999999999,200904,-1.0160409999999995
LA-SL,200905,2,persistence,reference_r2,91.851327,45.707485,200904,46.143842
LA-SL,200906,3,persistence,reference_r2,14.970665,34.25086399999999,200904,-19.280198999999993
LA-SL,200907,1,persistence,reference_r2,118.6355,115.541823,200907,3.0936769999999996
LA-SL,200908,2,persistence,reference_r2,80.18723700000001,87.82631500000001,200907,-7.639077999999998
LA-SL,200909,3,persistence,reference_r2,45.277277,61.209676,200907,-15.932399000000004
LA-SL,200910,1,persistence,reference_r2,2.434636,34.766141000000005,200910,-32.33150500000001
LA-SL,200911,2,persistence,reference_r2,43.493157999999994,17.021496,200910,26.471661999999995
LA-SL,200912,3,persistence,reference_r2,69.439998,6.997938000000001,200910,62.44206
LA-SV,200801,1,persistence,reference_r2,4.8442229999999995,5.727430999999999,200801,-0.8832079999999998
LA-SV,200802,2,persistence,reference_r2,8.673057,1.0720569999999996,200801,7.601000000000001
LA-SV,200803,3,persistence,reference_r2,12.976107,0.495967,200801,12.48014
LA-SV,200804,1,persistence,reference_r2,5.031711999999999,2.4851609999999997,200804,2.546550999999999
LA-SV,200805,2,persistence,reference_r2,8.798821000000004,4.594252000000001,200804,4.204569000000003
LA-SV,200806,3,persistence,reference_r2,14.938783,16.320681000000008,200804,-1.3818980000000067
LA-SV,200807,1,persistence,reference_r2,5.993041000000005,22.10757099999998,200807,-16.114529999999974
LA-SV,200808,2,persistence,reference_r2,11.269002999999998,18.885549999999967,200807,-7.616546999999969
LA-SV,200809,3,persistence,reference_r2,16.011347999999998,26.240959999999973,200807,-10.229611999999975
LA-SV,200810,1,persistence,reference_r2,7.473481,3.883800000000001,200810,3.589680999999999
LA-SV,200811,2,persistence,reference_r2,8.967742000000001,0.775015,200810,8.192727000000001
LA-SV,200812,3,persistence,reference_r2,13.509918999999996,0.35477,200810,13.155148999999996
LA-SV,200901,1,persistence,reference_r2,4.710222999999999,0.0935149999999999,200901,4.616707999999999
LA-SV,200902,2,persistence,reference_r2,8.589056999999997,0.0167589999999999,200901,8.572297999999996
LA-SV,200903,3,persistence,reference_r2,12.924106999999992,0.1169239999999999,200901,12.807182999999993
LA-SV,200904,1,persistence,reference_r2,4.710222999999999,0.183268,200904,4.526954999999999
LA-SV,200905,2,persistence,reference_r2,8.589056999999997,1.158766,200904,7.430290999999997
LA-SV,200906,3,persistence,reference_r2,12.976107,1.7325730000000004,200904,11.243534
LA-SV,200907,1,persistence,reference_r2,9.081712000000003,30.679626999999986,200907,-21.597914999999983
LA-SV,200908,2,persistence,reference_r2,21.414821000000003,34.536985999999956,200907,-13.122164999999953
LA-SV,200909,3,persistence,reference_r2,29.858783000000003,37.720864000000006,200907,-7.862081000000003
LA-SV,200910,1,persistence,reference_r2,22.608721999999993,7.350740000000002,200910,15.257981999999991
LA-SV,200911,2,persistence,reference_r2,17.216891000000004,14.811204,200910,2.405687000000004
LA-SV,200912,3,persistence,reference_r2,33.27619299999999,1.603733999999999,200910,31.672458999999993
LA-VT,200801,1,persistence,reference_r2,43.562509000000006,11.966943,200801,31.595566000000005
LA-VT,200802,2,persistence,reference_r2,53.531439000000006,3.921690000000001,200801,49.60974900000001
LA-VT,200803,3,persistence,reference_r2,53.29954199999999,16.988966,200801,36.31057599999998
LA-VT,200804,1,persistence,reference_r2,17.354836999999996,5.232127000000002,200804,12.122709999999994
LA-VT,200805,2,persistence,reference_r2,23.829443999999995,11.074110000000005,200804,12.75533399999999
LA-VT,200806,3,persistence,reference_r2,34.40855599999999,33.82941000000001,200804,0.5791459999999802
LA-VT,200807,1,persistence,reference_r2,44.285051,82.810205,200807,-38.52515399999999
LA-VT,200808,2,persistence,reference_r2,49.550028999999995,84.79809499999999,200807,-35.248065999999994
LA-VT,200809,3,persistence,reference_r2,57.28912399999999,88.43824000000001,200807,-31.14911600000002
LA-VT,200810,1,persistence,reference_r2,40.699749,34.23430500000002,200810,6.465443999999977
LA-VT,200811,2,persistence,reference_r2,36.577603,63.076217,200810,-26.498613999999996
LA-VT,200812,3,persistence,reference_r2,56.08934400000001,52.983022000000005,200810,3.106322000000006
LA-VT,200901,1,persistence,reference_r2,33.955966000000004,19.981765000000003,200901,13.974201
LA-VT,200902,2,persistence,reference_r2,46.578158000000016,13.921715,200901,32.65644300000002
LA-VT,200903,3,persistence,reference_r2,52.60918800000002,6.318354999999999,200901,46.29083300000002
LA-VT,200904,1,persistence,reference_r2,14.502862999999998,11.17111,200904,3.3317529999999973
LA-VT,200905,2,persistence,reference_r2,26.674568000000008,106.849626,200904,-80.17505799999999
LA-VT,200906,3,persistence,reference_r2,45.832223,173.583861,200904,-127.75163800000001
LA-VT,200907,1,persistence,reference_r2,142.69739800000002,173.3183140000001,200907,-30.62091600000008
LA-VT,200908,2,persistence,reference_r2,166.135237,208.28285299999993,200907,-42.14761599999994
LA-VT,200909,3,persistence,reference_r2,238.83145099999996,270.50272200000006,200907,-31.671271000000104
LA-VT,200910,1,persistence,reference_r2,37.81561000000001,192.928868,200910,-155.11325799999997
LA-VT,200911,2,persistence,reference_r2,44.86481699999999,246.434299,200910,-201.56948200000002
LA-VT,200912,3,persistence,reference_r2,73.67705999999998,232.33493500000003,200910,-158.65787500000005
LA-XA,200801,1,persistence,reference_r2,1.370140000000001,1.087205,200801,0.28293500000000105
LA-XA,200802,2,persistence,reference_r2,1.726794,0.247975,200801,1.4788189999999999
LA-XA,200803,3,persistence,reference_r2,2.4291660000000004,0.158262,200801,2.2709040000000003
LA-XA,200804,1,persistence,reference_r2,0.9566909999999992,0.4294739999999999,200804,0.5272169999999993
LA-XA,200805,2,persistence,reference_r2,2.003665,1.258622,200804,0.7450429999999999
LA-XA,200806,3,persistence,reference_r2,4.741557,2.9524669999999995,200804,1.7890900000000007
LA-XA,200807,1,persistence,reference_r2,9.660272,10.835366,200807,-1.1750939999999996
LA-XA,200808,2,persistence,reference_r2,1.9991069999999984,3.851817999999998,200807,-1.8527109999999996
LA-XA,200809,3,persistence,reference_r2,4.655937,2.27628,200807,2.379657
LA-XA,200810,1,persistence,reference_r2,1.8581400000000008,1.599311,200810,0.25882900000000086
LA-XA,200811,2,persistence,reference_r2,1.726794,0.7601170000000002,200810,0.9666769999999998
LA-XA,200812,3,persistence,reference_r2,2.223166000000001,0.440991,200810,1.782175000000001
LA-XA,200901,1,persistence,reference_r2,1.370140000000001,0.10459,200901,1.265550000000001
LA-XA,200902,2,persistence,reference_r2,1.726794,0.037595,200901,1.689199
LA-XA,200903,3,persistence,reference_r2,2.4291660000000004,0.212144,200901,2.2170220000000005
LA-XA,200904,1,persistence,reference_r2,0.9566909999999992,0.30185,200904,0.6548409999999991
LA-XA,200905,2,persistence,reference_r2,1.5876649999999994,1.2287720000000002,200904,0.35889299999999924
LA-XA,200906,3,persistence,reference_r2,9.675557,5.806432999999999,200904,3.8691240000000002
LA-XA,200907,1,persistence,reference_r2,2.7803690000000003,6.875187000000011,200907,-4.094818000000011
LA-XA,200908,2,persistence,reference_r2,17.094084000000002,22.443091999999993,200907,-5.349007999999991
LA-XA,200909,3,persistence,reference_r2,3.863987999999999,6.936960999999997,200907,-3.0729729999999975
LA-XA,200910,1,persistence,reference_r2,4.720613,4.572735999999999,200910,0.14787700000000115
LA-XA,200911,2,persistence,reference_r2,4.825930999999999,2.5080670000000005,200910,2.3178639999999984
LA-XA,200912,3,persistence,reference_r2,8.469738999999999,1.1685249999999998,200910,7.301213999999999
LA-XE,200801,1,persistence,reference_r2,0.6979409999999999,0.0134849999999999,200801,0.6844560000000001
LA-XE,200802,2,persistence,reference_r2,0.6954600000000001,0.007958,200801,0.6875020000000001
LA-XE,200803,3,persistence,reference_r2,0.6880539999999999,0.004571,200801,0.683483
LA-XE,200804,1,persistence,reference_r2,0.067505,0.025236,200804,0.042268999999999994
LA-XE,200805,2,persistence,reference_r2,0.0713599999999999,0.0677099999999999,200804,0.0036500000000000005
LA-XE,200806,3,persistence,reference_r2,4.053398,3.517428,200804,0.5359699999999994
LA-XE,200807,1,persistence,reference_r2,4.160576,0.4643760000000005,200807,3.6961999999999993
LA-XE,200808,2,persistence,reference_r2,4.131926999999999,0.5777359999999998,200807,3.5541909999999994
LA-XE,200809,3,persistence,reference_r2,3.2153919999999996,0.6821890000000002,200807,2.5332029999999994
LA-XE,200810,1,persistence,reference_r2,0.6979409999999999,0.046339,200810,0.6516019999999999
LA-XE,200811,2,persistence,reference_r2,0.6954600000000001,0.0087069999999999,200810,0.6867530000000002
LA-XE,200812,3,persistence,reference_r2,0.120054,0.878037,200810,-0.757983
LA-XE,200901,1,persistence,reference_r2,0.6979409999999999,0.008175,200901,0.6897659999999999
LA-XE,200902,2,persistence,reference_r2,0.6954600000000001,1.89434,200901,-1.19888
LA-XE,200903,3,persistence,reference_r2,0.6880539999999999,1.77034,200901,-1.082286
LA-XE,200904,1,persistence,reference_r2,0.71307,0.515199,200904,0.19787100000000002
LA-XE,200905,2,persistence,reference_r2,0.132101,1.009627,200904,-0.877526
LA-XE,200906,3,persistence,reference_r2,6.022938,5.777077,200904,0.24586099999999966
LA-XE,200907,1,persistence,reference_r2,19.060946,24.536406,200907,-5.475459999999998
LA-XE,200908,2,persistence,reference_r2,16.974494,21.610439999999997,200907,-4.635945999999997
LA-XE,200909,3,persistence,reference_r2,2.3166710000000004,3.856923,200907,-1.5402519999999997
LA-XE,200910,1,persistence,reference_r2,0.722745,2.772753,200910,-2.050008
LA-XE,200911,2,persistence,reference_r2,2.3122510000000003,9.009448000000006,200910,-6.697197000000006
LA-XE,200912,3,persistence,reference_r2,0.713921,6.752690000000001,200910,-6.038769000000001
LA-XI,200801,1,persistence,reference_r2,0.000689,0.000531,200801,0.00015800000000000005
LA-XI,200802,2,persistence,reference_r2,0.000689,9.99999999999994e-05,200801,0.0005890000000000007
LA-XI,200803,3,persistence,reference_r2,0.000757,0.0001539999999999,200801,0.0006030000000001
LA-XI,200804,1,persistence,reference_r2,0.000689,0.020198,200804,-0.019509000000000002
LA-XI,200805,2,persistence,reference_r2,0.000689,0.054979,200804,-0.05429
LA-XI,200806,3,persistence,reference_r2,0.948757,0.5715620000000001,200804,0.37719499999999984
LA-XI,200807,1,persistence,reference_r2,0.951314,0.4480550000000001,200807,0.5032589999999999
LA-XI,200808,2,persistence,reference_r2,0.951314,0.3596569999999994,200807,0.5916570000000005
LA-XI,200809,3,persistence,reference_r2,0.949433,0.4386389999999984,200807,0.5107940000000015
LA-XI,200810,1,persistence,reference_r2,0.000689,0.015991,200810,-0.015301999999999998
LA-XI,200811,2,persistence,reference_r2,0.000689,0.002603,200810,-0.001914
LA-XI,200812,3,persistence,reference_r2,0.000757,0.0004049999999999,200810,0.00035200000000009995
LA-XI,200901,1,persistence,reference_r2,0.000689,0.001867,200901,-0.0011779999999999998
LA-XI,200902,2,persistence,reference_r2,0.000689,0.001718,200901,-0.001029
LA-XI,200903,3,persistence,reference_r2,0.000757,0.0013359999999999,200901,-0.0005789999999999
LA-XI,200904,1,persistence,reference_r2,0.000689,0.000539,200904,0.00015000000000000007
LA-XI,200905,2,persistence,reference_r2,38.934689,38.92053,200904,0.014158999999999367
LA-XI,200906,3,persistence,reference_r2,32.93075700000001,32.853654999999996,200904,0.07710200000001066
LA-XI,200907,1,persistence,reference_r2,31.935378,0.7331480000000008,200907,31.20223
LA-XI,200908,2,persistence,reference_r2,22.935378,6.875860999999999,200907,16.059517
LA-XI,200909,3,persistence,reference_r2,32.931514,0.5530080000000002,200907,32.378506
LA-XI,200910,1,persistence,reference_r2,0.000689,0.7758910000000001,200910,-0.7752020000000001
LA-XI,200911,2,persistence,reference_r2,0.000689,0.397899,200910,-0.39721
LA-XI,200912,3,persistence,reference_r2,0.000757,0.1502909999999999,200910,-0.1495339999999999
LA-AT,200801,1,persistence,reference_r3,3.417114,2.720357,200801,0.6967570000000003
LA-AT,200802,2,persistence,reference_r3,1.554761,1.307112,200801,0.247649
LA-AT,200803,3,persistence,reference_r3,0.0719689999999997,0.086338,200801,-0.014369000000000298
LA-AT,200804,1,persistence,reference_r3,0.0471139999999998,0.599758,200804,-0.5526440000000002
LA-AT,200805,2,persistence,reference_r3,3.342761,1.4779870000000002,200804,1.8647739999999997
LA-AT,200806,3,persistence,reference_r3,8.929969,3.699967000000001,200804,5.230001999999999
LA-AT,200807,1,persistence,reference_r3,3.450605,3.4457489999999993,200807,0.004856000000000638
LA-AT,200808,2,persistence,reference_r3,0.8260830000000001,6.713205000000002,200807,-5.8871220000000015
LA-AT,200809,3,persistence,reference_r3,12.807472,17.844587,200807,-5.037115
LA-AT,200810,1,persistence,reference_r3,21.839211,28.765348,200810,-6.926137000000001
LA-AT,200811,2,persistence,reference_r3,17.716617,27.515794,200810,-9.799177
LA-AT,200812,3,persistence,reference_r3,0.8262919999999996,16.018390999999998,200810,-15.192098999999999
LA-AT,200901,1,persistence,reference_r3,4.403041999999999,8.210778999999999,200901,-3.8077369999999995
LA-AT,200902,2,persistence,reference_r3,21.580328,39.230272,200901,-17.649943999999998
LA-AT,200903,3,persistence,reference_r3,51.660003,60.195632,200901,-8.535629
LA-AT,200904,1,persistence,reference_r3,20.870388,51.80044199999999,200904,-30.93005399999999
LA-AT,200905,2,persistence,reference_r3,74.407714,44.34508199999999,200904,30.062632000000008
LA-AT,200906,3,persistence,reference_r3,50.686121,40.321078,200904,10.365043
LA-AT,200907,1,persistence,reference_r3,38.397211,52.602928,200907,-14.205717
LA-AT,200908,2,persistence,reference_r3,2.492617,15.761648,200907,-13.269030999999998
LA-AT,200909,3,persistence,reference_r3,6.1402920000000005,10.428328,200907,-4.288036
LA-AT,200910,1,persistence,reference_r3,12.098028,6.254522999999999,200910,5.843505
LA-AT,200911,2,persistence,reference_r3,0.8285939999999998,5.788535999999999,200910,-4.959941999999999
LA-AT,200912,3,persistence,reference_r3,9.930269,6.605401999999998,200910,3.324867000000001
LA-BK,200801,1,persistence,reference_r3,0.702799,0.948676,200801,-0.245877
LA-BK,200802,2,persistence,reference_r3,0.0441579999999999,4.900000000000043e-05,200801,0.0441089999999999
LA-BK,200803,3,persistence,reference_r3,0.04958,4.900000000000043e-05,200801,0.049531
LA-BK,200804,1,persistence,reference_r3,0.0387989999999999,0.00355,200804,0.035248999999999905
LA-BK,200805,2,persistence,reference_r3,11.132158,11.5591,200804,-0.4269420000000004
LA-BK,200806,3,persistence,reference_r3,51.985580000000006,52.293507,200804,-0.3079269999999923
LA-BK,200807,1,persistence,reference_r3,50.223598,2.232635000000002,200807,47.990963
LA-BK,200808,2,persistence,reference_r3,43.128316,5.803381999999996,200807,37.324934
LA-BK,200809,3,persistence,reference_r3,19.03516,21.341335,200807,-2.3061749999999996
LA-BK,200810,1,persistence,reference_r3,14.223598,20.43059700000001,200810,-6.206999000000009
LA-BK,200811,2,persistence,reference_r3,21.128316,45.528704000000005,200810,-24.400388000000003
LA-BK,200812,3,persistence,reference_r3,27.03516,2.942051999999999,200810,24.093108
LA-BK,200901,1,persistence,reference_r3,3.438492,0.4362939999999999,200901,3.0021980000000004
LA-BK,200902,2,persistence,reference_r3,4.3407670000000005,0.285778,200901,4.054989000000001
LA-BK,200903,3,persistence,reference_r3,3.355307,0.5932529999999998,200901,2.762054
LA-BK,200904,1,persistence,reference_r3,1.589023,1.2074739999999995,200904,0.3815490000000006
LA-BK,200905,2,persistence,reference_r3,72.11584199999999,43.848861,200904,28.266980999999987
LA-BK,200906,3,persistence,reference_r3,214.019436,145.775887,200904,68.243549
LA-BK,200907,1,persistence,reference_r3,3.439598,197.045967,200907,-193.606369
LA-BK,200908,2,persistence,reference_r3,105.128316,97.078634,200907,8.049682000000004
LA-BK,200909,3,persistence,reference_r3,163.03516,41.781874,200907,121.25328599999999
LA-BK,200910,1,persistence,reference_r3,20.223598,18.651781,200910,1.5718169999999994
LA-BK,200911,2,persistence,reference_r3,46.128316,10.574944,200910,35.553371999999996
LA-BK,200912,3,persistence,reference_r3,47.03516,5.397960000000001,200910,41.63719999999999
LA-BL,200801,1,persistence,reference_r3,5.383502,5.312348,200801,0.07115399999999994
LA-BL,200802,2,persistence,reference_r3,4.609445999999998,6.144602,200801,-1.5351560000000015
LA-BL,200803,3,persistence,reference_r3,4.952254,0.422519,200801,4.529735
LA-BL,200804,1,persistence,reference_r3,2.695502000000001,1.9219150000000005,200804,0.7735870000000007
LA-BL,200805,2,persistence,reference_r3,7.897445999999999,5.607081000000001,200804,2.2903649999999978
LA-BL,200806,3,persistence,reference_r3,9.692254000000002,6.243787000000001,200804,3.448467000000001
LA-BL,200807,1,persistence,reference_r3,8.23891,19.772516999999997,200807,-11.533606999999996
LA-BL,200808,2,persistence,reference_r3,9.221346999999998,20.356723,200807,-11.135376
LA-BL,200809,3,persistence,reference_r3,9.298677,17.903394,200807,-8.604716999999999
LA-BL,200810,1,persistence,reference_r3,16.470322000000003,9.194311000000004,200810,7.276010999999999
LA-BL,200811,2,persistence,reference_r3,12.262498,5.077385,200810,7.185113000000001
LA-BL,200812,3,persistence,reference_r3,17.99097,1.0833199999999996,200810,16.90765
LA-BL,200901,1,persistence,reference_r3,2.511502,0.784907,200901,1.726595
LA-BL,200902,2,persistence,reference_r3,3.6934460000000016,1.635296,200901,2.0581500000000013
LA-BL,200903,3,persistence,reference_r3,4.9942540000000015,1.070364,200901,3.9238900000000014
LA-BL,200904,1,persistence,reference_r3,2.5010209999999997,0.8236380000000003,200904,1.6773829999999994
LA-BL,200905,2,persistence,reference_r3,3.323820999999999,3.5996620000000004,200904,-0.27584100000000156
LA-BL,200906,3,persistence,reference_r3,5.582812999999998,6.129073,200904,-0.546260000000002
LA-BL,200907,1,persistence,reference_r3,17.514046,24.432139999999997,200907,-6.918093999999996
LA-BL,200908,2,persistence,reference_r3,4.609358000000002,5.1644929999999984,200907,-0.5551349999999964
LA-BL,200909,3,persistence,reference_r3,6.933896999999998,1.9267629999999991,200907,5.007133999999999
LA-BL,200910,1,persistence,reference_r3,2.3170210000000004,5.803838000000001,200910,-3.4868170000000003
LA-BL,200911,2,persistence,reference_r3,3.4678210000000007,1.6016139999999996,200910,1.866207000000001
LA-BL,200912,3,persistence,reference_r3,4.764813,0.7384339999999998,200910,4.026379
LA-CH,200801,1,persistence,reference_r3,9.094472000000003,30.117882,200801,-21.02341
LA-CH,200802,2,persistence,reference_r3,19.277769,48.570685,200801,-29.292915999999998
LA-CH,200803,3,persistence,reference_r3,22.452036999999997,51.246465,200801,-28.794428000000003
LA-CH,200804,1,persistence,reference_r3,16.585575000000002,28.13525899999999,200804,-11.549683999999989
LA-CH,200805,2,persistence,reference_r3,17.207692,45.15965300000002,200804,-27.95196100000002
LA-CH,200806,3,persistence,reference_r3,145.733314,116.478607,200804,29.25470700000001
LA-CH,200807,1,persistence,reference_r3,103.949944,100.65572699999996,200807,3.294217000000046
LA-CH,200808,2,persistence,reference_r3,112.642802,90.724118,200807,21.918684
LA-CH,200809,3,persistence,reference_r3,73.553239,120.46804899999997,200807,-46.91480999999996
LA-CH,200810,1,persistence,reference_r3,31.000921000000005,46.70008299999999,200810,-15.699161999999987
LA-CH,200811,2,persistence,reference_r3,58.287541,31.479150000000004,200810,26.808390999999993
LA-CH,200812,3,persistence,reference_r3,74.65110700000001,30.016807000000004,200810,44.63430000000001
LA-CH,200901,1,persistence,reference_r3,28.518953000000003,9.878589000000002,200901,18.640364
LA-CH,200902,2,persistence,reference_r3,18.940767,27.316217,200901,-8.37545
LA-CH,200903,3,persistence,reference_r3,16.500345000000003,21.429513,200901,-4.929167999999997
LA-CH,200904,1,persistence,reference_r3,28.357396,37.011744,200904,-8.654347999999999
LA-CH,200905,2,persistence,reference_r3,10.360133000000005,76.55674200000001,200904,-66.19660900000001
LA-CH,200906,3,persistence,reference_r3,41.64690100000001,80.861706,200904,-39.21480499999999
LA-CH,200907,1,persistence,reference_r3,7.347732000000001,71.16950299999999,200907,-63.82177099999999
LA-CH,200908,2,persistence,reference_r3,14.241996999999998,69.797297,200907,-55.5553
LA-CH,200909,3,persistence,reference_r3,20.237556,62.769825,200907,-42.532269
LA-CH,200910,1,persistence,reference_r3,31.559768,19.448175999999997,200910,12.111592000000002
LA-CH,200911,2,persistence,reference_r3,48.322561,11.976567000000005,200910,36.345994
LA-CH,200912,3,persistence,reference_r3,48.408425,12.895533,200910,35.512892
LA-HO,200801,1,persistence,reference_r3,0.8303219999999999,0.003891,200801,0.8264309999999999
LA-HO,200802,2,persistence,reference_r3,0.8292019999999999,0.000789,200801,0.8284129999999998
LA-HO,200803,3,persistence,reference_r3,0.820377,0.0146379999999999,200801,0.8057390000000001
LA-HO,200804,1,persistence,reference_r3,0.0149129999999999,0.022315,200804,-0.007402000000000101
LA-HO,200805,2,persistence,reference_r3,0.013793,0.013646,200804,0.00014699999999999956
LA-HO,200806,3,persistence,reference_r3,0.015768,0.008409,200804,0.007359000000000001
LA-HO,200807,1,persistence,reference_r3,0.0149129999999999,0.4430440000000004,200807,-0.4281310000000005
LA-HO,200808,2,persistence,reference_r3,0.013793,0.5289209999999986,200807,-0.5151279999999987
LA-HO,200809,3,persistence,reference_r3,0.809768,0.7766020000000005,200807,0.033165999999999585
LA-HO,200810,1,persistence,reference_r3,0.8303219999999999,0.064998,200810,0.7653239999999999
LA-HO,200811,2,persistence,reference_r3,0.8292019999999999,0.0166949999999999,200810,0.812507
LA-HO,200812,3,persistence,reference_r3,0.0263769999999999,0.874354,200810,-0.8479770000000001
LA-HO,200901,1,persistence,reference_r3,0.8303219999999999,0.017624,200901,0.8126979999999999
LA-HO,200902,2,persistence,reference_r3,0.8292019999999999,0.021591,200901,0.8076109999999999
LA-HO,200903,3,persistence,reference_r3,0.820377,0.0211299999999999,200901,0.7992470000000002
LA-HO,200904,1,persistence,reference_r3,0.0149129999999999,0.004986,200904,0.009926999999999901
LA-HO,200905,2,persistence,reference_r3,0.013793,0.0086509999999999,200904,0.0051420000000001
LA-HO,200906,3,persistence,reference_r3,0.015768,0.0485709999999999,200904,-0.0328029999999999
LA-HO,200907,1,persistence,reference_r3,0.0149129999999999,0.1095700000000001,200907,-0.0946570000000002
LA-HO,200908,2,persistence,reference_r3,0.013793,0.162795,200907,-0.149002
LA-HO,200909,3,persistence,reference_r3,0.809768,0.6488049999999999,200907,0.1609630000000002
LA-HO,200910,1,persistence,reference_r3,0.024322,0.582575,200910,-0.558253
LA-HO,200911,2,persistence,reference_r3,0.023202,0.828743,200910,-0.8055410000000001
LA-HO,200912,3,persistence,reference_r3,0.0263769999999999,0.893077,200910,-0.8667000000000001
LA-KH,200801,1,persistence,reference_r3,1.3149230000000005,0.798697,200801,0.5162260000000005
LA-KH,200802,2,persistence,reference_r3,2.0702239999999996,0.058326,200801,2.0118979999999995
LA-KH,200803,3,persistence,reference_r3,2.6522299999999994,0.077979,200801,2.5742509999999994
LA-KH,200804,1,persistence,reference_r3,1.3149230000000005,0.7155910000000001,200804,0.5993320000000004
LA-KH,200805,2,persistence,reference_r3,2.0702239999999996,1.0163909999999996,200804,1.053833
LA-KH,200806,3,persistence,reference_r3,3.0462299999999978,2.8948620000000007,200804,0.15136799999999706
LA-KH,200807,1,persistence,reference_r3,2.403284000000001,4.980236000000005,200807,-2.576952000000004
LA-KH,200808,2,persistence,reference_r3,2.5886239999999994,5.170608999999985,200807,-2.5819849999999853
LA-KH,200809,3,persistence,reference_r3,4.036038999999999,5.132678999999996,200807,-1.0966399999999972
LA-KH,200810,1,persistence,reference_r3,3.125885000000002,0.89249,200810,2.233395000000002
LA-KH,200811,2,persistence,reference_r3,2.7576459999999976,1.229941,200810,1.5277049999999976
LA-KH,200812,3,persistence,reference_r3,2.9661490000000015,3.092307,200810,-0.12615799999999844
LA-KH,200901,1,persistence,reference_r3,3.713884999999999,0.069965,200901,3.643919999999999
LA-KH,200902,2,persistence,reference_r3,4.333645999999998,0.019764,200901,4.313881999999998
LA-KH,200903,3,persistence,reference_r3,3.796149,4.828799999999999,200901,-1.032650999999999
LA-KH,200904,1,persistence,reference_r3,4.995498000000001,0.4130399999999999,200904,4.582458000000002
LA-KH,200905,2,persistence,reference_r3,2.422528,2.1217179999999995,200904,0.30081000000000024
LA-KH,200906,3,persistence,reference_r3,54.16718900000001,64.896245,200904,-10.729055999999986
LA-KH,200907,1,persistence,reference_r3,60.490204000000006,127.287933,200907,-66.79772899999999
LA-KH,200908,2,persistence,reference_r3,191.180325,268.953178,200907,-77.77285299999997
LA-KH,200909,3,persistence,reference_r3,163.22992399999998,240.04923,200907,-76.81930600000001
LA-KH,200910,1,persistence,reference_r3,169.74701399999998,44.403861000000006,200910,125.34315299999997
LA-KH,200911,2,persistence,reference_r3,185.115734,20.132869999999997,200910,164.982864
LA-KH,200912,3,persistence,reference_r3,175.88018300000002,27.96267,200910,147.917513
LA-LM,200801,1,persistence,reference_r3,0.0063019999999999,0.0002559999999999,200801,0.006045999999999999
LA-LM,200802,2,persistence,reference_r3,0.007978,3.600000000000044e-05,200801,0.007942000000000001
LA-LM,200803,3,persistence,reference_r3,0.008063,3.600000000000044e-05,200801,0.008027
LA-LM,200804,1,persistence,reference_r3,0.0063019999999999,0.000144,200804,0.0061579999999999
LA-LM,200805,2,persistence,reference_r3,0.007978,0.0016349999999999,200804,0.0063430000000001
LA-LM,200806,3,persistence,reference_r3,0.008063,0.001391,200804,0.006672000000000001
LA-LM,200807,1,persistence,reference_r3,0.0063019999999999,0.8332150000000027,200807,-0.8269130000000028
LA-LM,200808,2,persistence,reference_r3,0.007978,0.4028939999999998,200807,-0.3949159999999998
LA-LM,200809,3,persistence,reference_r3,0.008063,0.6516940000000009,200807,-0.6436310000000008
LA-LM,200810,1,persistence,reference_r3,0.0063019999999999,0.0187219999999999,200810,-0.012419999999999999
LA-LM,200811,2,persistence,reference_r3,0.007978,0.005503,200810,0.0024750000000000006
LA-LM,200812,3,persistence,reference_r3,0.008063,0.00173,200810,0.006333000000000001
LA-LM,200901,1,persistence,reference_r3,0.0063019999999999,8.099999999999948e-05,200901,0.0062209999999999
LA-LM,200902,2,persistence,reference_r3,0.007978,0.0001009999999999,200901,0.007877000000000101
LA-LM,200903,3,persistence,reference_r3,0.008063,0.0004839999999999,200901,0.0075790000000001
LA-LM,200904,1,persistence,reference_r3,0.880302,0.958458,200904,-0.078156
LA-LM,200905,2,persistence,reference_r3,0.007978,0.0034669999999999,200904,0.004511000000000101
LA-LM,200906,3,persistence,reference_r3,1.770063,1.7925799999999998,200904,-0.022516999999999898
LA-LM,200907,1,persistence,reference_r3,0.886035,0.5983580000000002,200907,0.28767699999999985
LA-LM,200908,2,persistence,reference_r3,1.777203,0.4616890000000002,200907,1.3155139999999999
LA-LM,200909,3,persistence,reference_r3,1.777288,2.471052,200907,-0.6937639999999998
LA-LM,200910,1,persistence,reference_r3,0.8865399999999999,2.7145930000000003,200910,-1.8280530000000004
LA-LM,200911,2,persistence,reference_r3,1.7778919999999998,4.633958,200910,-2.856066
LA-LM,200912,3,persistence,reference_r3,0.016045,3.330243,200910,-3.3141979999999998
LA-LP,200801,1,persistence,reference_r3,3.4616930000000004,0.8178340000000002,200801,2.643859
LA-LP,200802,2,persistence,reference_r3,6.91244,14.43482,200801,-7.52238
LA-LP,200803,3,persistence,reference_r3,10.133757,20.460843,200801,-10.327086000000001
LA-LP,200804,1,persistence,reference_r3,7.587196,14.504039,200804,-6.916843000000001
LA-LP,200805,2,persistence,reference_r3,77.70587800000001,74.529849,200804,3.176029000000014
LA-LP,200806,3,persistence,reference_r3,116.670978,95.231354,200804,21.43962400000001
LA-LP,200807,1,persistence,reference_r3,129.93954599999998,9.658103999999998,200807,120.28144199999998
LA-LP,200808,2,persistence,reference_r3,128.21567000000002,8.347596,200807,119.86807400000002
LA-LP,200809,3,persistence,reference_r3,124.816253,8.784699999999999,200807,116.031553
LA-LP,200810,1,persistence,reference_r3,13.347094,18.4312,200810,-5.084106
LA-LP,200811,2,persistence,reference_r3,84.94253,104.608028,200810,-19.665498
LA-LP,200812,3,persistence,reference_r3,124.888534,157.15014399999998,200810,-32.261609999999976
LA-LP,200901,1,persistence,reference_r3,146.497715,8.142661,200901,138.355054
LA-LP,200902,2,persistence,reference_r3,141.643959,5.307313000000001,200901,136.336646
LA-LP,200903,3,persistence,reference_r3,139.126542,11.867869000000002,200901,127.258673
LA-LP,200904,1,persistence,reference_r3,1.1242739999999998,12.373787999999998,200904,-11.249513999999998
LA-LP,200905,2,persistence,reference_r3,1.711145,34.402712,200904,-32.691567
LA-LP,200906,3,persistence,reference_r3,5.2004459999999995,71.29301699999999,200904,-66.09257099999999
LA-LP,200907,1,persistence,reference_r3,14.802083,22.999188,200907,-8.197105
LA-LP,200908,2,persistence,reference_r3,15.036039,23.232467,200907,-8.196428
LA-LP,200909,3,persistence,reference_r3,278.002476,302.974131,200907,-24.971655
LA-LP,200910,1,persistence,reference_r3,133.848548,62.344385999999986,200910,71.50416200000001
LA-LP,200911,2,persistence,reference_r3,204.57629,40.208724999999994,200910,164.367565
LA-LP,200912,3,persistence,reference_r3,288.208892,6.972092,200910,281.2368
LA-OU,200801,1,persistence,reference_r3,0.0060349999999999,0.0013939999999999,200801,0.004640999999999999
LA-OU,200802,2,persistence,reference_r3,0.004123,0.0001969999999999,200801,0.0039260000000000995
LA-OU,200803,3,persistence,reference_r3,0.0080099999999999,9.99999999999994e-05,200801,0.0079099999999999
LA-OU,200804,1,persistence,reference_r3,0.0060349999999999,0.0012649999999999,200804,0.00477
LA-OU,200805,2,persistence,reference_r3,0.004123,0.0057099999999999,200804,-0.0015869999999999001
LA-OU,200806,3,persistence,reference_r3,0.0080099999999999,0.0114759999999999,200804,-0.0034660000000000003
LA-OU,200807,1,persistence,reference_r3,0.0060349999999999,2.004765000000006,200807,-1.9987300000000063
LA-OU,200808,2,persistence,reference_r3,0.004123,1.246016000000001,200807,-1.2418930000000008
LA-OU,200809,3,persistence,reference_r3,0.0080099999999999,1.7052740000000028,200807,-1.697264000000003
LA-OU,200810,1,persistence,reference_r3,0.0060349999999999,0.022923,200810,-0.016888000000000097
LA-OU,200811,2,persistence,reference_r3,0.004123,0.0104699999999999,200810,-0.0063469999999999
LA-OU,200812,3,persistence,reference_r3,0.0080099999999999,0.002454,200810,0.0055559999999998996
LA-OU,200901,1,persistence,reference_r3,0.0060349999999999,0.0002249999999999,200901,0.00581
LA-OU,200902,2,persistence,reference_r3,0.004123,3.600000000000044e-05,200901,0.0040869999999999995
LA-OU,200903,3,persistence,reference_r3,0.0080099999999999,0.001066,200901,0.006943999999999899
LA-OU,200904,1,persistence,reference_r3,0.0060349999999999,0.000746,200904,0.0052889999999999
LA-OU,200905,2,persistence,reference_r3,0.004123,0.0051539999999999,200904,-0.0010309999999999
LA-OU,200906,3,persistence,reference_r3,0.0080099999999999,0.018393,200904,-0.0103830000000001
LA-OU,200907,1,persistence,reference_r3,0.0060349999999999,0.7790909999999993,200907,-0.7730559999999994
LA-OU,200908,2,persistence,reference_r3,0.886123,1.0595989999999995,200907,-0.17347599999999952
LA-OU,200909,3,persistence,reference_r3,14.71601,10.460322,200907,4.255688000000001
LA-OU,200910,1,persistence,reference_r3,8.76207,2.070412,200910,6.691657999999999
LA-OU,200911,2,persistence,reference_r3,1.848246,9.464362,200910,-7.616116
LA-OU,200912,3,persistence,reference_r3,2.7500199999999997,16.049995,200910,-13.299975
LA-PH,200901,1,persistence,reference_r3,0.0002559999999999,0.0118299999999999,200901,-0.011574
LA-PH,200902,2,persistence,reference_r3,0.0002559999999999,0.013668,200901,-0.0134120000000001
LA-PH,200903,3,persistence,reference_r3,0.0003239999999999,0.02143,200901,-0.0211060000000001
LA-PH,200904,1,persistence,reference_r3,0.0002559999999999,0.003154,200904,-0.0028980000000001
LA-PH,200905,2,persistence,reference_r3,0.0002559999999999,0.0050199999999999,200904,-0.004764
LA-PH,200906,3,persistence,reference_r3,0.0003239999999999,0.0276219999999999,200904,-0.027298
LA-PH,200907,1,persistence,reference_r3,0.0002559999999999,0.061466,200907,-0.0612100000000001
LA-PH,200909,3,persistence,reference_r3,0.0003239999999999,0.1039769999999999,200907,-0.10365300000000001
LA-PH,200910,1,persistence,reference_r3,0.0002559999999999,0.0217049999999999,200910,-0.021449000000000003
LA-PH,200911,2,persistence,reference_r3,0.0002559999999999,0.0041319999999999,200910,-0.0038759999999999997
LA-PH,200912,3,persistence,reference_r3,0.0003239999999999,0.0009749999999999,200910,-0.000651
LA-SL,200801,1,persistence,reference_r3,5.888300000000001,0.9900379999999998,200801,4.898262000000001
LA-SL,200802,2,persistence,reference_r3,4.932642,0.3865939999999999,200801,4.546048000000001
LA-SL,200803,3,persistence,reference_r3,1.538814,3.82775,200801,-2.288936
LA-SL,200804,1,persistence,reference_r3,2.4083299999999994,1.0171480000000002,200804,1.3911819999999993
LA-SL,200805,2,persistence,reference_r3,94.771065,91.398675,200804,3.372389999999996
LA-SL,200806,3,persistence,reference_r3,215.529118,184.732684,200804,30.796434000000005
LA-SL,200807,1,persistence,reference_r3,144.638988,50.01057800000001,200807,94.62841
LA-SL,200808,2,persistence,reference_r3,157.654794,40.01365999999999,200807,117.64113400000002
LA-SL,200809,3,persistence,reference_r3,135.591742,58.99029300000001,200807,76.601449
LA-SL,200810,1,persistence,reference_r3,5.024252000000001,34.767648,200810,-29.743396
LA-SL,200811,2,persistence,reference_r3,59.913664,9.607678,200810,50.305986
LA-SL,200812,3,persistence,reference_r3,72.336984,2.959109,200810,69.377875
LA-SL,200901,1,persistence,reference_r3,5.890064000000001,1.6865449999999995,200901,4.203519000000001
LA-SL,200902,2,persistence,reference_r3,14.107243,20.128694,200901,-6.021450999999999
LA-SL,200903,3,persistence,reference_r3,14.945415000000002,13.08828,200901,1.857135000000003
LA-SL,200904,1,persistence,reference_r3,5.018927,5.9089659999999995,200904,-0.8900389999999998
LA-SL,200905,2,persistence,reference_r3,91.851327,45.17947999999999,200904,46.67184700000001
LA-SL,200906,3,persistence,reference_r3,14.970665,32.29494699999999,200904,-17.324281999999993
LA-SL,200907,1,persistence,reference_r3,118.6355,130.135464,200907,-11.49996400000002
LA-SL,200908,2,persistence,reference_r3,80.18723700000001,99.269912,200907,-19.082674999999995
LA-SL,200909,3,persistence,reference_r3,45.277277,65.459931,200907,-20.182654
LA-SL,200910,1,persistence,reference_r3,2.434636,36.651577,200910,-34.216941000000006
LA-SL,200911,2,persistence,reference_r3,43.493157999999994,14.467916999999996,200910,29.025240999999998
LA-SL,200912,3,persistence,reference_r3,69.439998,6.707491000000001,200910,62.732507
LA-SV,200801,1,persistence,reference_r3,4.8442229999999995,5.407520999999999,200801,-0.5632979999999996
LA-SV,200802,2,persistence,reference_r3,8.673057,0.8048259999999998,200801,7.868231
LA-SV,200803,3,persistence,reference_r3,12.976107,0.4507189999999998,200801,12.525388000000001
LA-SV,200804,1,persistence,reference_r3,5.031711999999999,4.957571999999999,200804,0.07413999999999987
LA-SV,200805,2,persistence,reference_r3,8.798821000000004,5.260216,200804,3.538605000000004
LA-SV,200806,3,persistence,reference_r3,14.938783,26.585654999999996,200804,-11.646871999999995
LA-SV,200807,1,persistence,reference_r3,5.993041000000005,24.206484999999983,200807,-18.213443999999978
LA-SV,200808,2,persistence,reference_r3,11.269002999999998,22.60182199999997,200807,-11.332818999999972
LA-SV,200809,3,persistence,reference_r3,16.011347999999998,23.842084,200807,-7.830736000000002
LA-SV,200810,1,persistence,reference_r3,7.473481,3.654162,200810,3.8193189999999997
LA-SV,200811,2,persistence,reference_r3,8.967742000000001,1.0289720000000004,200810,7.938770000000001
LA-SV,200812,3,persistence,reference_r3,13.509918999999996,0.3905100000000001,200810,13.119408999999996
LA-SV,200901,1,persistence,reference_r3,4.710222999999999,0.0810779999999999,200901,4.629144999999999
LA-SV,200902,2,persistence,reference_r3,8.589056999999997,0.0106959999999999,200901,8.578360999999997
LA-SV,200903,3,persistence,reference_r3,12.924106999999992,0.122613,200901,12.801493999999993
LA-SV,200904,1,persistence,reference_r3,4.710222999999999,0.178993,200904,4.531229999999999
LA-SV,200905,2,persistence,reference_r3,8.589056999999997,1.3662669999999997,200904,7.222789999999997
LA-SV,200906,3,persistence,reference_r3,12.976107,1.6046540000000005,200904,11.371453
LA-SV,200907,1,persistence,reference_r3,9.081712000000003,16.916741000000002,200907,-7.835028999999999
LA-SV,200908,2,persistence,reference_r3,21.414821000000003,20.36157999999999,200907,1.053241000000014
LA-SV,200909,3,persistence,reference_r3,29.858783000000003,27.710908000000003,200907,2.147874999999999
LA-SV,200910,1,persistence,reference_r3,22.608721999999993,6.915573999999999,200910,15.693147999999994
LA-SV,200911,2,persistence,reference_r3,17.216891000000004,16.280793000000003,200910,0.9360980000000012
LA-SV,200912,3,persistence,reference_r3,33.27619299999999,1.9969140000000003,200910,31.279278999999992
LA-VT,200801,1,persistence,reference_r3,43.562509000000006,10.977586000000002,200801,32.584923
LA-VT,200802,2,persistence,reference_r3,53.531439000000006,4.6070400000000005,200801,48.92439900000001
LA-VT,200803,3,persistence,reference_r3,53.29954199999999,18.21255,200801,35.08699199999999
LA-VT,200804,1,persistence,reference_r3,17.354836999999996,14.923139000000004,200804,2.431697999999992
LA-VT,200805,2,persistence,reference_r3,23.829443999999995,20.89227900000001,200804,2.937164999999986
LA-VT,200806,3,persistence,reference_r3,34.40855599999999,93.21422099999998,200804,-58.80566499999999
LA-VT,200807,1,persistence,reference_r3,44.285051,76.15982299999996,200807,-31.874771999999957
LA-VT,200808,2,persistence,reference_r3,49.550028999999995,82.88120900000001,200807,-33.33118000000002
LA-VT,200809,3,persistence,reference_r3,57.28912399999999,91.55173200000002,200807,-34.26260800000003
LA-VT,200810,1,persistence,reference_r3,40.699749,34.57022599999999,200810,6.129523000000006
LA-VT,200811,2,persistence,reference_r3,36.577603,44.964343,200810,-8.386739999999996
LA-VT,200812,3,persistence,reference_r3,56.08934400000001,49.84832800000001,200810,6.241016000000002
LA-VT,200901,1,persistence,reference_r3,33.955966000000004,21.592998,200901,12.362968000000002
LA-VT,200902,2,persistence,reference_r3,46.578158000000016,14.355337,200901,32.22282100000002
LA-VT,200903,3,persistence,reference_r3,52.60918800000002,6.595117,200901,46.014071000000015
LA-VT,200904,1,persistence,reference_r3,14.502862999999998,10.836351,200904,3.6665119999999973
LA-VT,200905,2,persistence,reference_r3,26.674568000000008,114.010535,200904,-87.335967
LA-VT,200906,3,persistence,reference_r3,45.832223,196.674877,200904,-150.842654
LA-VT,200907,1,persistence,reference_r3,142.69739800000002,171.25835999999998,200907,-28.56096199999996
LA-VT,200908,2,persistence,reference_r3,166.135237,198.768989,200907,-32.633752000000015
LA-VT,200909,3,persistence,reference_r3,238.83145099999996,287.536237,200907,-48.70478600000007
LA-VT,200910,1,persistence,reference_r3,37.81561000000001,204.543601,200910,-166.72799099999997
LA-VT,200911,2,persistence,reference_r3,44.86481699999999,299.916196,200910,-255.05137900000003
LA-VT,200912,3,persistence,reference_r3,73.67705999999998,225.463204,200910,-151.786144
LA-XA,200801,1,persistence,reference_r3,1.370140000000001,1.1108160000000002,200801,0.2593240000000008
LA-XA,200802,2,persistence,reference_r3,1.726794,0.2130419999999999,200801,1.513752
LA-XA,200803,3,persistence,reference_r3,2.4291660000000004,0.1682739999999999,200801,2.2608920000000006
LA-XA,200804,1,persistence,reference_r3,0.9566909999999992,1.05403,200804,-0.09733900000000084
LA-XA,200805,2,persistence,reference_r3,2.003665,1.4987899999999996,200804,0.5048750000000002
LA-XA,200806,3,persistence,reference_r3,4.741557,2.1744769999999995,200804,2.5670800000000007
LA-XA,200807,1,persistence,reference_r3,9.660272,11.302290999999997,200807,-1.642018999999996
LA-XA,200808,2,persistence,reference_r3,1.9991069999999984,4.398085999999999,200807,-2.3989790000000006
LA-XA,200809,3,persistence,reference_r3,4.655937,2.9016810000000035,200807,1.7542559999999963
LA-XA,200810,1,persistence,reference_r3,1.8581400000000008,1.5543209999999998,200810,0.30381900000000095
LA-XA,200811,2,persistence,reference_r3,1.726794,1.090963,200810,0.635831
LA-XA,200812,3,persistence,reference_r3,2.223166000000001,0.4136139999999999,200810,1.809552000000001
LA-XA,200901,1,persistence,reference_r3,1.370140000000001,0.111623,200901,1.258517000000001
LA-XA,200902,2,persistence,reference_r3,1.726794,0.039612,200901,1.687182
LA-XA,200903,3,persistence,reference_r3,2.4291660000000004,0.205743,200901,2.2234230000000004
LA-XA,200904,1,persistence,reference_r3,0.9566909999999992,0.307819,200904,0.6488719999999992
LA-XA,200905,2,persistence,reference_r3,1.5876649999999994,1.071732,200904,0.5159329999999995
LA-XA,200906,3,persistence,reference_r3,9.675557,5.569809,200904,4.105747999999999
LA-XA,200907,1,persistence,reference_r3,2.7803690000000003,5.943300000000001,200907,-3.1629310000000004
LA-XA,200908,2,persistence,reference_r3,17.094084000000002,25.179608,200907,-8.085524
LA-XA,200909,3,persistence,reference_r3,3.863987999999999,6.306405999999999,200907,-2.442418
LA-XA,200910,1,persistence,reference_r3,4.720613,4.687617000000001,200910,0.032995999999998915
LA-XA,200911,2,persistence,reference_r3,4.825930999999999,1.8435689999999996,200910,2.9823619999999993
LA-XA,200912,3,persistence,reference_r3,8.469738999999999,1.3938480000000002,200910,7.075890999999999
LA-XE,200801,1,persistence,reference_r3,0.6979409999999999,0.0203689999999999,200801,0.6775720000000001
LA-XE,200802,2,persistence,reference_r3,0.6954600000000001,0.008834,200801,0.6866260000000001
LA-XE,200803,3,persistence,reference_r3,0.6880539999999999,0.004821,200801,0.683233
LA-XE,200804,1,persistence,reference_r3,0.067505,0.0298869999999999,200804,0.037618000000000096
LA-XE,200805,2,persistence,reference_r3,0.0713599999999999,0.045142,200804,0.026217999999999894
LA-XE,200806,3,persistence,reference_r3,4.053398,3.906143,200804,0.14725499999999947
LA-XE,200807,1,persistence,reference_r3,4.160576,0.4150019999999994,200807,3.7455740000000004
LA-XE,200808,2,persistence,reference_r3,4.131926999999999,0.5209220000000006,200807,3.6110049999999987
LA-XE,200809,3,persistence,reference_r3,3.2153919999999996,0.6863719999999995,200807,2.52902
LA-XE,200810,1,persistence,reference_r3,0.6979409999999999,0.0584329999999999,200810,0.639508
LA-XE,200811,2,persistence,reference_r3,0.6954600000000001,0.04886,200810,0.6466000000000001
LA-XE,200812,3,persistence,reference_r3,0.120054,0.8194619999999999,200810,-0.6994079999999999
LA-XE,200901,1,persistence,reference_r3,0.6979409999999999,0.006439,200901,0.691502
LA-XE,200902,2,persistence,reference_r3,0.6954600000000001,1.877285,200901,-1.181825
LA-XE,200903,3,persistence,reference_r3,0.6880539999999999,1.74852,200901,-1.0604660000000001
LA-XE,200904,1,persistence,reference_r3,0.71307,0.524918,200904,0.18815199999999999
LA-XE,200905,2,persistence,reference_r3,0.132101,0.995196,200904,-0.863095
LA-XE,200906,3,persistence,reference_r3,6.022938,6.082333,200904,-0.05939500000000031
LA-XE,200907,1,persistence,reference_r3,19.060946,27.104156,200907,-8.043209999999998
LA-XE,200908,2,persistence,reference_r3,16.974494,24.184106,200907,-7.209612
LA-XE,200909,3,persistence,reference_r3,2.3166710000000004,4.707744999999999,200907,-2.391073999999999
LA-XE,200910,1,persistence,reference_r3,0.722745,2.7683170000000015,200910,-2.0455720000000017
LA-XE,200911,2,persistence,reference_r3,2.3122510000000003,2.766860000000001,200910,-0.45460900000000093
LA-XE,200912,3,persistence,reference_r3,0.713921,6.505773000000005,200910,-5.791852000000005
LA-XI,200801,1,persistence,reference_r3,0.000689,0.0005819999999999,200801,0.00010700000000010007
LA-XI,200802,2,persistence,reference_r3,0.000689,8.099999999999948e-05,200801,0.0006080000000000006
LA-XI,200803,3,persistence,reference_r3,0.000757,0.0002899999999999,200801,0.0004670000000001
LA-XI,200804,1,persistence,reference_r3,0.000689,0.001029,200804,-0.0003399999999999999
LA-XI,200805,2,persistence,reference_r3,0.000689,0.001223,200804,-0.0005339999999999999
LA-XI,200806,3,persistence,reference_r3,0.948757,0.927383,200804,0.021374000000000004
LA-XI,200807,1,persistence,reference_r3,0.951314,0.363836,200807,0.587478
LA-XI,200808,2,persistence,reference_r3,0.951314,0.4009730000000004,200807,0.5503409999999995
LA-XI,200809,3,persistence,reference_r3,0.949433,0.4440650000000001,200807,0.5053679999999998
LA-XI,200810,1,persistence,reference_r3,0.000689,0.0124549999999999,200810,-0.0117659999999999
LA-XI,200811,2,persistence,reference_r3,0.000689,0.006938,200810,-0.006248999999999999
LA-XI,200812,3,persistence,reference_r3,0.000757,0.001908,200810,-0.0011510000000000001
LA-XI,200901,1,persistence,reference_r3,0.000689,0.000855,200901,-0.00016599999999999991
LA-XI,200902,2,persistence,reference_r3,0.000689,0.0022,200901,-0.0015110000000000002
LA-XI,200903,3,persistence,reference_r3,0.000757,0.0011419999999999,200901,-0.00038499999999990007
LA-XI,200904,1,persistence,reference_r3,0.000689,0.000343,200904,0.00034600000000000006
LA-XI,200905,2,persistence,reference_r3,38.934689,38.91347,200904,0.021219000000002097
LA-XI,200906,3,persistence,reference_r3,32.93075700000001,32.841024999999995,200904,0.08973200000001214
LA-XI,200907,1,persistence,reference_r3,31.935378,0.6216379999999999,200907,31.31374
LA-XI,200908,2,persistence,reference_r3,22.935378,7.786625000000001,200907,15.148753
LA-XI,200909,3,persistence,reference_r3,32.931514,0.1301489999999998,200907,32.801365
LA-XI,200910,1,persistence,reference_r3,0.000689,1.073362,200910,-1.072673
LA-XI,200911,2,persistence,reference_r3,0.000689,0.3366849999999999,200910,-0.3359959999999999
LA-XI,200912,3,persistence,reference_r3,0.000757,0.172367,200910,-0.17160999999999998
LA-AT,200801,1,persistence,reference_r4,3.417114,2.940606,200801,0.4765080000000004
LA-AT,200802,2,persistence,reference_r4,1.554761,1.257416,200801,0.29734499999999997
LA-AT,200803,3,persistence,reference_r4,0.0719689999999997,0.080566,200801,-0.008597000000000299
LA-AT,200804,1,persistence,reference_r4,0.0471139999999998,0.494324,200804,-0.44721000000000016
LA-AT,200805,2,persistence,reference_r4,3.342761,1.3447549999999997,200804,1.9980060000000002
LA-AT,200806,3,persistence,reference_r4,8.929969,3.709752,200804,5.220217
LA-AT,200807,1,persistence,reference_r4,3.450605,3.516498999999996,200807,-0.06589399999999612
LA-AT,200808,2,persistence,reference_r4,0.8260830000000001,6.484037999999998,200807,-5.657954999999998
LA-AT,200809,3,persistence,reference_r4,12.807472,16.688795,200807,-3.8813229999999983
LA-AT,200810,1,persistence,reference_r4,21.839211,31.125575000000005,200810,-9.286364000000006
LA-AT,200811,2,persistence,reference_r4,17.716617,35.459612,200810,-17.742995
LA-AT,200812,3,persistence,reference_r4,0.8262919999999996,17.743806,200810,-16.917514
LA-AT,200901,1,persistence,reference_r4,4.403041999999999,8.205105,200901,-3.8020630000000004
LA-AT,200902,2,persistence,reference_r4,21.580328,36.638995,200901,-15.058667
LA-AT,200903,3,persistence,reference_r4,51.660003,55.84772099999999,200901,-4.18771799999999
LA-AT,200904,1,persistence,reference_r4,20.870388,50.889222,200904,-30.018834
LA-AT,200905,2,persistence,reference_r4,74.407714,50.47987100000002,200904,23.92784299999998
LA-AT,200906,3,persistence,reference_r4,50.686121,39.294937,200904,11.391184000000003
LA-AT,200907,1,persistence,reference_r4,38.397211,48.063233,200907,-9.666021999999998
LA-AT,200908,2,persistence,reference_r4,2.492617,14.612253999999998,200907,-12.119636999999997
LA-AT,200909,3,persistence,reference_r4,6.1402920000000005,10.286309,200907,-4.146016999999999
LA-AT,200910,1,persistence,reference_r4,12.098028,6.444138000000002,200910,5.653889999999997
LA-AT,200911,2,persistence,reference_r4,0.8285939999999998,6.378180999999998,200910,-5.549586999999998
LA-AT,200912,3,persistence,reference_r4,9.930269,4.568213,200910,5.362055999999999
LA-BK,200801,1,persistence,reference_r4,0.702799,0.970225,200801,-0.26742600000000005
LA-BK,200802,2,persistence,reference_r4,0.0441579999999999,3.600000000000044e-05,200801,0.0441219999999999
LA-BK,200803,3,persistence,reference_r4,0.04958,4.900000000000043e-05,200801,0.049531
LA-BK,200804,1,persistence,reference_r4,0.0387989999999999,0.0042989999999999,200804,0.0345
LA-BK,200805,2,persistence,reference_r4,11.132158,11.532724,200804,-0.40056599999999953
LA-BK,200806,3,persistence,reference_r4,51.985580000000006,52.21612,200804,-0.23053999999999064
LA-BK,200807,1,persistence,reference_r4,50.223598,1.815097999999999,200807,48.408500000000004
LA-BK,200808,2,persistence,reference_r4,43.128316,6.014073000000002,200807,37.114242999999995
LA-BK,200809,3,persistence,reference_r4,19.03516,21.832803,200807,-2.797642999999997
LA-BK,200810,1,persistence,reference_r4,14.223598,23.075999999999993,200810,-8.852401999999993
LA-BK,200811,2,persistence,reference_r4,21.128316,48.554433,200810,-27.426117
LA-BK,200812,3,persistence,reference_r4,27.03516,3.0128570000000003,200810,24.022303
LA-BK,200901,1,persistence,reference_r4,3.438492,0.468653,200901,2.9698390000000003
LA-BK,200902,2,persistence,reference_r4,4.3407670000000005,0.393014,200901,3.9477530000000005
LA-BK,200903,3,persistence,reference_r4,3.355307,0.8515650000000003,200901,2.5037419999999995
LA-BK,200904,1,persistence,reference_r4,1.589023,1.3115760000000003,200904,0.2774469999999998
LA-BK,200905,2,persistence,reference_r4,72.11584199999999,43.079332,200904,29.036509999999986
LA-BK,200906,3,persistence,reference_r4,214.019436,146.248686,200904,67.77075000000002
LA-BK,200907,1,persistence,reference_r4,3.439598,184.980924,200907,-181.541326
LA-BK,200908,2,persistence,reference_r4,105.128316,87.752117,200907,17.376199
LA-BK,200909,3,persistence,reference_r4,163.03516,36.954396,200907,126.08076399999999
LA-BK,200910,1,persistence,reference_r4,20.223598,20.29888799999999,200910,-0.07528999999999186
LA-BK,200911,2,persistence,reference_r4,46.128316,14.316450000000003,200910,31.811865999999995
LA-BK,200912,3,persistence,reference_r4,47.03516,4.118297999999999,200910,42.916861999999995
LA-BL,200801,1,persistence,reference_r4,5.383502,5.386182,200801,-0.0026799999999997937
LA-BL,200802,2,persistence,reference_r4,4.609445999999998,5.796976,200801,-1.1875300000000015
LA-BL,200803,3,persistence,reference_r4,4.952254,0.4501950000000001,200801,4.502059
LA-BL,200804,1,persistence,reference_r4,2.695502000000001,1.3802889999999994,200804,1.3152130000000017
LA-BL,200805,2,persistence,reference_r4,7.897445999999999,5.112352000000001,200804,2.7850939999999973
LA-BL,200806,3,persistence,reference_r4,9.692254000000002,6.207605000000001,200804,3.484649000000001
LA-BL,200807,1,persistence,reference_r4,8.23891,20.095872,200807,-11.856962
LA-BL,200808,2,persistence,reference_r4,9.221346999999998,20.43022,200807,-11.208873
LA-BL,200809,3,persistence,reference_r4,9.298677,18.198658,200807,-8.899980999999999
LA-BL,200810,1,persistence,reference_r4,16.470322000000003,9.569141000000002,200810,6.901181000000001
LA-BL,200811,2,persistence,reference_r4,12.262498,4.0177179999999995,200810,8.244780000000002
LA-BL,200812,3,persistence,reference_r4,17.99097,0.957545,200810,17.033425
LA-BL,200901,1,persistence,reference_r4,2.511502,0.741419,200901,1.770083
LA-BL,200902,2,persistence,reference_r4,3.6934460000000016,1.634331,200901,2.0591150000000016
LA-BL,200903,3,persistence,reference_r4,4.9942540000000015,1.3598209999999995,200901,3.6344330000000022
LA-BL,200904,1,persistence,reference_r4,2.5010209999999997,0.8033060000000001,200904,1.6977149999999996
LA-BL,200905,2,persistence,reference_r4,3.323820999999999,3.7694420000000006,200904,-0.4456210000000018
LA-BL,200906,3,persistence,reference_r4,5.582812999999998,5.676852,200904,-0.0940390000000022
LA-BL,200907,1,persistence,reference_r4,17.514046,21.156795,200907,-3.6427489999999985
LA-BL,200908,2,persistence,reference_r4,4.609358000000002,6.483022999999996,200907,-1.8736649999999937
LA-BL,200909,3,persistence,reference_r4,6.933896999999998,4.902146999999999,200907,2.031749999999999
LA-BL,200910,1,persistence,reference_r4,2.3170210000000004,5.2166650000000025,200910,-2.899644000000002
LA-BL,200911,2,persistence,reference_r4,3.4678210000000007,2.546054999999999,200910,0.9217660000000016
LA-BL,200912,3,persistence,reference_r4,4.764813,0.6497229999999998,200910,4.11509
LA-CH,200801,1,persistence,reference_r4,9.094472000000003,28.152776,200801,-19.058303999999996
LA-CH,200802,2,persistence,reference_r4,19.277769,43.61334600000001,200801,-24.335577000000008
LA-CH,200803,3,persistence,reference_r4,22.452036999999997,50.609132,200801,-28.157095000000005
LA-CH,200804,1,persistence,reference_r4,16.585575000000002,23.927628000000013,200804,-7.342053000000011
LA-CH,200805,2,persistence,reference_r4,17.207692,52.145272999999975,200804,-34.93758099999997
LA-CH,200806,3,persistence,reference_r4,145.733314,100.50440699999996,200804,45.22890700000005
LA-CH,200807,1,persistence,reference_r4,103.949944,94.05337899999996,200807,9.896565000000038
LA-CH,200808,2,persistence,reference_r4,112.642802,85.78397100000001,200807,26.858830999999995
LA-CH,200809,3,persistence,reference_r4,73.553239,115.38040200000005,200807,-41.82716300000004
LA-CH,200810,1,persistence,reference_r4,31.000921000000005,47.810489,200810,-16.80956799999999
LA-CH,200811,2,persistence,reference_r4,58.287541,48.590457,200810,9.697083999999997
LA-CH,200812,3,persistence,reference_r4,74.65110700000001,33.142876,200810,41.50823100000001
LA-CH,200901,1,persistence,reference_r4,28.518953000000003,9.965995000000005,200901,18.552957999999997
LA-CH,200902,2,persistence,reference_r4,18.940767,22.92292,200901,-3.9821530000000003
LA-CH,200903,3,persistence,reference_r4,16.500345000000003,21.302821,200901,-4.802475999999999
LA-CH,200904,1,persistence,reference_r4,28.357396,35.388784,200904,-7.031388
LA-CH,200905,2,persistence,reference_r4,10.360133000000005,69.947291,200904,-59.587158
LA-CH,200906,3,persistence,reference_r4,41.64690100000001,86.26205299999998,200904,-44.61515199999997
LA-CH,200907,1,persistence,reference_r4,7.347732000000001,70.4814379999998,200907,-63.1337059999998
LA-CH,200908,2,persistence,reference_r4,14.241996999999998,63.963347,200907,-49.72135
LA-CH,200909,3,persistence,reference_r4,20.237556,60.33935299999996,200907,-40.10179699999996
LA-CH,200910,1,persistence,reference_r4,31.559768,20.052890999999995,200910,11.506877000000003
LA-CH,200911,2,persistence,reference_r4,48.322561,20.051798000000005,200910,28.270762999999995
LA-CH,200912,3,persistence,reference_r4,48.408425,11.754171000000008,200910,36.654253999999995
LA-HO,200801,1,persistence,reference_r4,0.8303219999999999,0.0038069999999999,200801,0.826515
LA-HO,200802,2,persistence,reference_r4,0.8292019999999999,0.000972,200801,0.8282299999999999
LA-HO,200803,3,persistence,reference_r4,0.820377,0.007387,200801,0.81299
LA-HO,200804,1,persistence,reference_r4,0.0149129999999999,0.006794,200804,0.0081189999999999
LA-HO,200805,2,persistence,reference_r4,0.013793,0.012212,200804,0.001580999999999999
LA-HO,200806,3,persistence,reference_r4,0.015768,0.0083169999999999,200804,0.0074510000000001
LA-HO,200807,1,persistence,reference_r4,0.0149129999999999,0.4168439999999993,200807,-0.4019309999999994
LA-HO,200808,2,persistence,reference_r4,0.013793,0.4448109999999996,200807,-0.4310179999999996
LA-HO,200809,3,persistence,reference_r4,0.809768,0.6829420000000006,200807,0.12682599999999944
LA-HO,200810,1,persistence,reference_r4,0.8303219999999999,0.064409,200810,0.7659129999999998
LA-HO,200811,2,persistence,reference_r4,0.8292019999999999,0.0059799999999999,200810,0.823222
LA-HO,200812,3,persistence,reference_r4,0.0263769999999999,0.91401,200810,-0.8876330000000001
LA-HO,200901,1,persistence,reference_r4,0.8303219999999999,0.0125029999999999,200901,0.817819
LA-HO,200902,2,persistence,reference_r4,0.8292019999999999,0.026476,200901,0.8027259999999998
LA-HO,200903,3,persistence,reference_r4,0.820377,0.031278,200901,0.789099
LA-HO,200904,1,persistence,reference_r4,0.0149129999999999,0.0052949999999999,200904,0.009618000000000002
LA-HO,200905,2,persistence,reference_r4,0.013793,0.011554,200904,0.0022389999999999997
LA-HO,200906,3,persistence,reference_r4,0.015768,0.040711,200904,-0.024942999999999996
LA-HO,200907,1,persistence,reference_r4,0.0149129999999999,0.3862110000000003,200907,-0.3712980000000004
LA-HO,200908,2,persistence,reference_r4,0.013793,0.5098350000000007,200907,-0.4960420000000007
LA-HO,200909,3,persistence,reference_r4,0.809768,0.7183229999999998,200907,0.09144500000000022
LA-HO,200910,1,persistence,reference_r4,0.024322,0.5770949999999999,200910,-0.552773
LA-HO,200911,2,persistence,reference_r4,0.023202,0.711921,200910,-0.6887190000000001
LA-HO,200912,3,persistence,reference_r4,0.0263769999999999,0.861452,200910,-0.8350750000000001
LA-KH,200801,1,persistence,reference_r4,1.3149230000000005,0.7286899999999998,200801,0.5862330000000007
LA-KH,200802,2,persistence,reference_r4,2.0702239999999996,0.095881,200801,1.9743429999999997
LA-KH,200803,3,persistence,reference_r4,2.6522299999999994,0.085457,200801,2.5667729999999995
LA-KH,200804,1,persistence,reference_r4,1.3149230000000005,0.483166,200804,0.8317570000000005
LA-KH,200805,2,persistence,reference_r4,2.0702239999999996,1.1827940000000003,200804,0.8874299999999993
LA-KH,200806,3,persistence,reference_r4,3.0462299999999978,2.609496,200804,0.43673399999999774
LA-KH,200807,1,persistence,reference_r4,2.403284000000001,3.5866049999999987,200807,-1.1833209999999976
LA-KH,200808,2,persistence,reference_r4,2.5886239999999994,4.534191999999997,200807,-1.945567999999998
LA-KH,200809,3,persistence,reference_r4,4.036038999999999,4.3197059999999965,200807,-0.28366699999999767
LA-KH,200810,1,persistence,reference_r4,3.125885000000002,0.6818619999999997,200810,2.4440230000000023
LA-KH,200811,2,persistence,reference_r4,2.7576459999999976,1.625334,200810,1.1323119999999975
LA-KH,200812,3,persistence,reference_r4,2.9661490000000015,3.2899749999999996,200810,-0.32382599999999817
LA-KH,200901,1,persistence,reference_r4,3.713884999999999,0.053555,200901,3.660329999999999
LA-KH,200902,2,persistence,reference_r4,4.333645999999998,0.0262599999999999,200901,4.307385999999998
LA-KH,200903,3,persistence,reference_r4,3.796149,4.688714,200901,-0.8925649999999998
LA-KH,200904,1,persistence,reference_r4,4.995498000000001,0.3390330000000001,200904,4.656465000000002
LA-KH,200905,2,persistence,reference_r4,2.422528,2.229423,200904,0.19310499999999964
LA-KH,200906,3,persistence,reference_r4,54.16718900000001,64.261183,200904,-10.093993999999995
LA-KH,200907,1,persistence,reference_r4,60.490204000000006,111.68224499999997,200907,-51.19204099999996
LA-KH,200908,2,persistence,reference_r4,191.180325,238.622588,200907,-47.442263
LA-KH,200909,3,persistence,reference_r4,163.22992399999998,212.138103,200907,-48.90817900000002
LA-KH,200910,1,persistence,reference_r4,169.74701399999998,41.99305699999999,200910,127.75395699999999
LA-KH,200911,2,persistence,reference_r4,185.115734,23.480333,200910,161.635401
LA-KH,200912,3,persistence,reference_r4,175.88018300000002,31.461151,200910,144.41903200000002
LA-LM,200801,1,persistence,reference_r4,0.0063019999999999,0.0001449999999999,200801,0.006156999999999999
LA-LM,200802,2,persistence,reference_r4,0.007978,6.399999999999982e-05,200801,0.007914000000000001
LA-LM,200803,3,persistence,reference_r4,0.008063,3.600000000000044e-05,200801,0.008027
LA-LM,200804,1,persistence,reference_r4,0.0063019999999999,0.0002249999999999,200804,0.006077
LA-LM,200805,2,persistence,reference_r4,0.007978,0.0019169999999999,200804,0.006061000000000101
LA-LM,200806,3,persistence,reference_r4,0.008063,0.0028719999999999,200804,0.005191000000000101
LA-LM,200807,1,persistence,reference_r4,0.0063019999999999,0.9857340000000008,200807,-0.9794320000000009
LA-LM,200808,2,persistence,reference_r4,0.007978,0.5268149999999991,200807,-0.5188369999999991
LA-LM,200809,3,persistence,reference_r4,0.008063,0.8116540000000008,200807,-0.8035910000000007
LA-LM,200810,1,persistence,reference_r4,0.0063019999999999,0.0282749999999999,200810,-0.021973
LA-LM,200811,2,persistence,reference_r4,0.007978,0.002547,200810,0.005431000000000001
LA-LM,200812,3,persistence,reference_r4,0.008063,0.0006259999999999,200810,0.007437000000000101
LA-LM,200901,1,persistence,reference_r4,0.0063019999999999,0.0001449999999999,200901,0.006156999999999999
LA-LM,200902,2,persistence,reference_r4,0.007978,0.0001209999999999,200901,0.0078570000000001
LA-LM,200903,3,persistence,reference_r4,0.008063,0.0004879999999999,200901,0.007575000000000101
LA-LM,200904,1,persistence,reference_r4,0.880302,0.952581,200904,-0.07227899999999998
LA-LM,200905,2,persistence,reference_r4,0.007978,0.003375,200904,0.004603000000000001
LA-LM,200906,3,persistence,reference_r4,1.770063,1.779479,200904,-0.009416000000000091
LA-LM,200907,1,persistence,reference_r4,0.886035,1.060841,200907,-0.1748059999999999
LA-LM,200908,2,persistence,reference_r4,1.777203,1.3580590000000043,200907,0.41914399999999574
LA-LM,200909,3,persistence,reference_r4,1.777288,2.5135840000000016,200907,-0.7362960000000016
LA-LM,200910,1,persistence,reference_r4,0.8865399999999999,2.8886710000000004,200910,-2.0021310000000003
LA-LM,200911,2,persistence,reference_r4,1.7778919999999998,4.443423,200910,-2.6655310000000005
LA-LM,200912,3,persistence,reference_r4,0.016045,3.463991,200910,-3.447946
LA-LP,200801,1,persistence,reference_r4,3.4616930000000004,0.8509699999999998,200801,2.6107230000000006
LA-LP,200802,2,persistence,reference_r4,6.91244,14.226982,200801,-7.314541999999999
LA-LP,200803,3,persistence,reference_r4,10.133757,20.559279,200801,-10.425522
LA-LP,200804,1,persistence,reference_r4,7.587196,17.089113,200804,-9.501917000000002
LA-LP,200805,2,persistence,reference_r4,77.70587800000001,69.12398400000001,200804,8.581894000000005
LA-LP,200806,3,persistence,reference_r4,116.670978,83.551519,200804,33.119459000000006
LA-LP,200807,1,persistence,reference_r4,129.93954599999998,9.939164000000002,200807,120.00038199999997
LA-LP,200808,2,persistence,reference_r4,128.21567000000002,8.521204000000001,200807,119.69446600000002
LA-LP,200809,3,persistence,reference_r4,124.816253,8.899235999999998,200807,115.917017
LA-LP,200810,1,persistence,reference_r4,13.347094,16.340684000000003,200810,-2.993590000000003
LA-LP,200811,2,persistence,reference_r4,84.94253,109.266509,200810,-24.323978999999994
LA-LP,200812,3,persistence,reference_r4,124.888534,158.11663,200810,-33.22809599999998
LA-LP,200901,1,persistence,reference_r4,146.497715,7.373391999999999,200901,139.124323
LA-LP,200902,2,persistence,reference_r4,141.643959,6.8481760000000005,200901,134.795783
LA-LP,200903,3,persistence,reference_r4,139.126542,14.776713,200901,124.349829
LA-LP,200904,1,persistence,reference_r4,1.1242739999999998,11.220066,200904,-10.095792
LA-LP,200905,2,persistence,reference_r4,1.711145,35.441478000000004,200904,-33.730333
LA-LP,200906,3,persistence,reference_r4,5.2004459999999995,70.76695899999999,200904,-65.56651299999999
LA-LP,200907,1,persistence,reference_r4,14.802083,20.183689,200907,-5.381606000000001
LA-LP,200908,2,persistence,reference_r4,15.036039,19.869366999999997,200907,-4.833327999999996
LA-LP,200909,3,persistence,reference_r4,278.002476,275.812006,200907,2.190470000000005
LA-LP,200910,1,persistence,reference_r4,133.848548,75.76743399999998,200910,58.081114000000014
LA-LP,200911,2,persistence,reference_r4,204.57629,36.810936,200910,167.765354
LA-LP,200912,3,persistence,reference_r4,288.208892,5.227954,200910,282.980938
LA-OU,200801,1,persistence,reference_r4,0.0060349999999999,0.0004419999999999,200801,0.005593
LA-OU,200802,2,persistence,reference_r4,0.004123,0.0002249999999999,200801,0.0038980000000000997
LA-OU,200803,3,persistence,reference_r4,0.0080099999999999,2.499999999999985e-05,200801,0.007984999999999898
LA-OU,200804,1,persistence,reference_r4,0.0060349999999999,0.000962,200804,0.0050729999999999
LA-OU,200805,2,persistence,reference_r4,0.004123,0.008625,200804,-0.004502000000000001
LA-OU,200806,3,persistence,reference_r4,0.0080099999999999,0.0110889999999999,200804,-0.003079
LA-OU,200807,1,persistence,reference_r4,0.0060349999999999,2.1414350000000013,200807,-2.1354000000000015
LA-OU,200808,2,persistence,reference_r4,0.004123,1.392761,200807,-1.3886379999999998
LA-OU,200809,3,persistence,reference_r4,0.0080099999999999,1.5584540000000011,200807,-1.5504440000000013
LA-OU,200810,1,persistence,reference_r4,0.0060349999999999,0.035744,200810,-0.029709000000000096
LA-OU,200811,2,persistence,reference_r4,0.004123,0.0048789999999999,200810,-0.0007559999999999
LA-OU,200812,3,persistence,reference_r4,0.0080099999999999,0.001686,200810,0.006323999999999899
LA-OU,200901,1,persistence,reference_r4,0.0060349999999999,8.099999999999948e-05,200901,0.0059539999999999
LA-OU,200902,2,persistence,reference_r4,0.004123,0.0004889999999999,200901,0.0036340000000001
LA-OU,200903,3,persistence,reference_r4,0.0080099999999999,0.0002559999999999,200901,0.007753999999999999
LA-OU,200904,1,persistence,reference_r4,0.0060349999999999,0.001093,200904,0.0049419999999999
LA-OU,200905,2,persistence,reference_r4,0.004123,0.0035089999999999,200904,0.0006140000000001001
LA-OU,200906,3,persistence,reference_r4,0.0080099999999999,0.017178,200904,-0.0091680000000001
LA-OU,200907,1,persistence,reference_r4,0.0060349999999999,2.201894000000003,200907,-2.195859000000003
LA-OU,200908,2,persistence,reference_r4,0.886123,2.1174859999999995,200907,-1.2313629999999995
LA-OU,200909,3,persistence,reference_r4,14.71601,9.036583999999998,200907,5.679426000000003
LA-OU,200910,1,persistence,reference_r4,8.76207,2.356514,200910,6.405555999999999
LA-OU,200911,2,persistence,reference_r4,1.848246,8.297554,200910,-6.449308
LA-OU,200912,3,persistence,reference_r4,2.7500199999999997,16.259750999999998,200910,-13.509730999999999
LA-PH,200901,1,persistence,reference_r4,0.0002559999999999,0.008394,200901,-0.0081380000000001
LA-PH,200902,2,persistence,reference_r4,0.0002559999999999,0.013747,200901,-0.0134910000000001
LA-PH,200903,3,persistence,reference_r4,0.0003239999999999,0.011909,200901,-0.011585000000000099
LA-PH,200904,1,persistence,reference_r4,0.0002559999999999,0.003346,200904,-0.0030900000000001
LA-PH,200905,2,persistence,reference_r4,0.0002559999999999,0.0070159999999999,200904,-0.0067599999999999995
LA-PH,200906,3,persistence,reference_r4,0.0003239999999999,0.0270019999999999,200904,-0.026678
LA-PH,200907,1,persistence,reference_r4,0.0002559999999999,0.2708350000000004,200907,-0.27057900000000046
LA-PH,200909,3,persistence,reference_r4,0.0003239999999999,0.3815790000000003,200907,-0.3812550000000004
LA-PH,200910,1,persistence,reference_r4,0.0002559999999999,0.0146899999999999,200910,-0.014433999999999999
LA-PH,200911,2,persistence,reference_r4,0.0002559999999999,0.007834,200910,-0.0075780000000001
LA-PH,200912,3,persistence,reference_r4,0.0003239999999999,0.000958,200910,-0.0006340000000001
LA-SL,200801,1,persistence,reference_r4,5.888300000000001,0.8905020000000001,200801,4.997798000000001
LA-SL,200802,2,persistence,reference_r4,4.932642,0.3990359999999999,200801,4.533606000000001
LA-SL,200803,3,persistence,reference_r4,1.538814,3.711126,200801,-2.1723120000000002
LA-SL,200804,1,persistence,reference_r4,2.4083299999999994,0.8232109999999997,200804,1.5851189999999997
LA-SL,200805,2,persistence,reference_r4,94.771065,88.017715,200804,6.7533499999999975
LA-SL,200806,3,persistence,reference_r4,215.529118,182.706523,200804,32.82259500000001
LA-SL,200807,1,persistence,reference_r4,144.638988,49.287558,200807,95.35143000000002
LA-SL,200808,2,persistence,reference_r4,157.654794,40.490459,200807,117.16433500000001
LA-SL,200809,3,persistence,reference_r4,135.591742,55.946118,200807,79.64562400000001
LA-SL,200810,1,persistence,reference_r4,5.024252000000001,37.46216799999999,200810,-32.43791599999999
LA-SL,200811,2,persistence,reference_r4,59.913664,7.654614,200810,52.259049999999995
LA-SL,200812,3,persistence,reference_r4,72.336984,2.8154619999999992,200810,69.521522
LA-SL,200901,1,persistence,reference_r4,5.890064000000001,1.3520469999999998,200901,4.538017000000001
LA-SL,200902,2,persistence,reference_r4,14.107243,19.347832,200901,-5.240589
LA-SL,200903,3,persistence,reference_r4,14.945415000000002,13.138766,200901,1.806649000000002
LA-SL,200904,1,persistence,reference_r4,5.018927,5.792517,200904,-0.7735900000000004
LA-SL,200905,2,persistence,reference_r4,91.851327,43.786785,200904,48.064541999999996
LA-SL,200906,3,persistence,reference_r4,14.970665,32.51208700000001,200904,-17.541422000000008
LA-SL,200907,1,persistence,reference_r4,118.6355,115.68452800000004,200907,2.9509719999999504
LA-SL,200908,2,persistence,reference_r4,80.18723700000001,88.35168499999999,200907,-8.164447999999979
LA-SL,200909,3,persistence,reference_r4,45.277277,59.12957999999999,200907,-13.852302999999992
LA-SL,200910,1,persistence,reference_r4,2.434636,35.440118999999996,200910,-33.005483
LA-SL,200911,2,persistence,reference_r4,43.493157999999994,18.679802999999993,200910,24.813355
LA-SL,200912,3,persistence,reference_r4,69.439998,6.863837,200910,62.576161
LA-SV,200801,1,persistence,reference_r4,4.8442229999999995,5.560211000000001,200801,-0.7159880000000012
LA-SV,200802,2,persistence,reference_r4,8.673057,1.067894,200801,7.605163
LA-SV,200803,3,persistence,reference_r4,12.976107,0.5567249999999999,200801,12.419382
LA-SV,200804,1,persistence,reference_r4,5.031711999999999,3.5868529999999996,200804,1.4448589999999992
LA-SV,200805,2,persistence,reference_r4,8.798821000000004,8.025956,200804,0.772865000000003
LA-SV,200806,3,persistence,reference_r4,14.938783,26.666359000000007,200804,-11.727576000000006
LA-SV,200807,1,persistence,reference_r4,5.993041000000005,22.286722000000022,200807,-16.293681000000017
LA-SV,200808,2,persistence,reference_r4,11.269002999999998,22.32373799999999,200807,-11.054734999999994
LA-SV,200809,3,persistence,reference_r4,16.011347999999998,20.55244700000003,200807,-4.541099000000031
LA-SV,200810,1,persistence,reference_r4,7.473481,3.898237,200810,3.5752439999999996
LA-SV,200811,2,persistence,reference_r4,8.967742000000001,0.7242839999999999,200810,8.243458
LA-SV,200812,3,persistence,reference_r4,13.509918999999996,0.333579,200810,13.176339999999996
LA-SV,200901,1,persistence,reference_r4,4.710222999999999,0.071555,200901,4.638667999999999
LA-SV,200902,2,persistence,reference_r4,8.589056999999997,0.0200209999999999,200901,8.569035999999997
LA-SV,200903,3,persistence,reference_r4,12.924106999999992,0.1542179999999999,200901,12.769888999999992
LA-SV,200904,1,persistence,reference_r4,4.710222999999999,0.193397,200904,4.516825999999999
LA-SV,200905,2,persistence,reference_r4,8.589056999999997,1.2508590000000002,200904,7.338197999999997
LA-SV,200906,3,persistence,reference_r4,12.976107,1.6801389999999996,200904,11.295968000000002
LA-SV,200907,1,persistence,reference_r4,9.081712000000003,29.44706099999996,200907,-20.365348999999956
LA-SV,200908,2,persistence,reference_r4,21.414821000000003,32.6685369999999,200907,-11.253715999999898
LA-SV,200909,3,persistence,reference_r4,29.858783000000003,33.06885599999998,200907,-3.21007299999998
LA-SV,200910,1,persistence,reference_r4,22.608721999999993,7.280832999999998,200910,15.327888999999995
LA-SV,200911,2,persistence,reference_r4,17.216891000000004,13.82403,200910,3.3928610000000035
LA-SV,200912,3,persistence,reference_r4,33.27619299999999,1.628926,200910,31.647266999999992
LA-VT,200801,1,persistence,reference_r4,43.562509000000006,10.804989,200801,32.75752000000001
LA-VT,200802,2,persistence,reference_r4,53.531439000000006,3.935292000000001,200801,49.596147
LA-VT,200803,3,persistence,reference_r4,53.29954199999999,16.116372,200801,37.18316999999999
LA-VT,200804,1,persistence,reference_r4,17.354836999999996,11.139016000000002,200804,6.215820999999995
LA-VT,200805,2,persistence,reference_r4,23.829443999999995,24.815482000000003,200804,-0.9860380000000077
LA-VT,200806,3,persistence,reference_r4,34.40855599999999,79.70156100000003,200804,-45.293005000000036
LA-VT,200807,1,persistence,reference_r4,44.285051,87.0091829999999,200807,-42.72413199999989
LA-VT,200808,2,persistence,reference_r4,49.550028999999995,87.64179200000001,200807,-38.091763000000014
LA-VT,200809,3,persistence,reference_r4,57.28912399999999,97.86658499999989,200807,-40.5774609999999
LA-VT,200810,1,persistence,reference_r4,40.699749,36.63253,200810,4.067218999999994
LA-VT,200811,2,persistence,reference_r4,36.577603,60.17981900000001,200810,-23.602216000000006
LA-VT,200812,3,persistence,reference_r4,56.08934400000001,51.16511799999999,200810,4.924226000000019
LA-VT,200901,1,persistence,reference_r4,33.955966000000004,21.761033,200901,12.194933000000002
LA-VT,200902,2,persistence,reference_r4,46.578158000000016,12.86546,200901,33.71269800000002
LA-VT,200903,3,persistence,reference_r4,52.60918800000002,6.215401000000002,200901,46.39378700000002
LA-VT,200904,1,persistence,reference_r4,14.502862999999998,10.969666999999998,200904,3.5331960000000002
LA-VT,200905,2,persistence,reference_r4,26.674568000000008,110.53592700000002,200904,-83.86135900000001
LA-VT,200906,3,persistence,reference_r4,45.832223,169.85351799999995,200904,-124.02129499999995
LA-VT,200907,1,persistence,reference_r4,142.69739800000002,173.05869499999994,200907,-30.361296999999922
LA-VT,200908,2,persistence,reference_r4,166.135237,210.0005450000001,200907,-43.86530800000011
LA-VT,200909,3,persistence,reference_r4,238.83145099999996,275.74755000000005,200907,-36.91609900000009
LA-VT,200910,1,persistence,reference_r4,37.81561000000001,200.38036600000004,200910,-162.56475600000005
LA-VT,200911,2,persistence,reference_r4,44.86481699999999,247.218792,200910,-202.35397500000002
LA-VT,200912,3,persistence,reference_r4,73.67705999999998,237.076923,200910,-163.399863
LA-XA,200801,1,persistence,reference_r4,1.370140000000001,0.937917,200801,0.432223000000001
LA-XA,200802,2,persistence,reference_r4,1.726794,0.246032,200801,1.480762
LA-XA,200803,3,persistence,reference_r4,2.4291660000000004,0.156616,200801,2.2725500000000003
LA-XA,200804,1,persistence,reference_r4,0.9566909999999992,0.7415020000000001,200804,0.21518899999999908
LA-XA,200805,2,persistence,reference_r4,2.003665,1.219445,200804,0.7842199999999999
LA-XA,200806,3,persistence,reference_r4,4.741557,2.2266060000000003,200804,2.514951
LA-XA,200807,1,persistence,reference_r4,9.660272,11.749201,200807,-2.0889289999999985
LA-XA,200808,2,persistence,reference_r4,1.9991069999999984,4.581992,200807,-2.582885000000001
LA-XA,200809,3,persistence,reference_r4,4.655937,3.108659000000003,200807,1.5472779999999968
LA-XA,200810,1,persistence,reference_r4,1.8581400000000008,1.6035130000000004,200810,0.2546270000000004
LA-XA,200811,2,persistence,reference_r4,1.726794,0.7189270000000003,200810,1.0078669999999996
LA-XA,200812,3,persistence,reference_r4,2.223166000000001,0.38409,200810,1.8390760000000008
LA-XA,200901,1,persistence,reference_r4,1.370140000000001,0.07726,200901,1.2928800000000011
LA-XA,200902,2,persistence,reference_r4,1.726794,0.04674,200901,1.680054
LA-XA,200903,3,persistence,reference_r4,2.4291660000000004,0.2377779999999999,200901,2.1913880000000003
LA-XA,200904,1,persistence,reference_r4,0.9566909999999992,0.354928,200904,0.6017629999999992
LA-XA,200905,2,persistence,reference_r4,1.5876649999999994,1.100982,200904,0.48668299999999953
LA-XA,200906,3,persistence,reference_r4,9.675557,5.649157999999999,200904,4.0263990000000005
LA-XA,200907,1,persistence,reference_r4,2.7803690000000003,6.153162000000002,200907,-3.3727930000000015
LA-XA,200908,2,persistence,reference_r4,17.094084000000002,22.79703300000001,200907,-5.702949000000007
LA-XA,200909,3,persistence,reference_r4,3.863987999999999,6.221546999999994,200907,-2.357558999999995
LA-XA,200910,1,persistence,reference_r4,4.720613,4.338903000000002,200910,0.3817099999999982
LA-XA,200911,2,persistence,reference_r4,4.825930999999999,2.590086000000001,200910,2.2358449999999976
LA-XA,200912,3,persistence,reference_r4,8.469738999999999,1.2576079999999998,200910,7.212130999999999
LA-XE,200801,1,persistence,reference_r4,0.6979409999999999,0.0150889999999999,200801,0.682852
LA-XE,200802,2,persistence,reference_r4,0.6954600000000001,0.003747,200801,0.6917130000000001
LA-XE,200803,3,persistence,reference_r4,0.6880539999999999,0.003433,200801,0.6846209999999999
LA-XE,200804,1,persistence,reference_r4,0.067505,0.011745,200804,0.05576
LA-XE,200805,2,persistence,reference_r4,0.0713599999999999,0.0455329999999999,200804,0.025826999999999996
LA-XE,200806,3,persistence,reference_r4,4.053398,3.991869,200804,0.06152899999999972
LA-XE,200807,1,persistence,reference_r4,4.160576,0.5954490000000003,200807,3.5651269999999995
LA-XE,200808,2,persistence,reference_r4,4.131926999999999,0.6949640000000006,200807,3.4369629999999987
LA-XE,200809,3,persistence,reference_r4,3.2153919999999996,0.7518729999999998,200807,2.463519
LA-XE,200810,1,persistence,reference_r4,0.6979409999999999,0.0478549999999999,200810,0.650086
LA-XE,200811,2,persistence,reference_r4,0.6954600000000001,0.009837,200810,0.6856230000000001
LA-XE,200812,3,persistence,reference_r4,0.120054,0.867007,200810,-0.746953
LA-XE,200901,1,persistence,reference_r4,0.6979409999999999,0.004179,200901,0.6937619999999999
LA-XE,200902,2,persistence,reference_r4,0.6954600000000001,1.872963,200901,-1.1775029999999997
LA-XE,200903,3,persistence,reference_r4,0.6880539999999999,1.755906,200901,-1.067852
LA-XE,200904,1,persistence,reference_r4,0.71307,0.5126379999999999,200904,0.20043200000000005
LA-XE,200905,2,persistence,reference_r4,0.132101,0.967369,200904,-0.835268
LA-XE,200906,3,persistence,reference_r4,6.022938,5.750561,200904,0.27237699999999965
LA-XE,200907,1,persistence,reference_r4,19.060946,24.309591,200907,-5.248645
LA-XE,200908,2,persistence,reference_r4,16.974494,21.774364,200907,-4.7998699999999985
LA-XE,200909,3,persistence,reference_r4,2.3166710000000004,3.804416,200907,-1.4877449999999994
LA-XE,200910,1,persistence,reference_r4,0.722745,3.00741,200910,-2.2846650000000004
LA-XE,200911,2,persistence,reference_r4,2.3122510000000003,9.003909,200910,-6.691658
LA-XE,200912,3,persistence,reference_r4,0.713921,8.447728999999995,200910,-7.733807999999995
LA-XI,200801,1,persistence,reference_r4,0.000689,0.0004849999999999,200801,0.00020400000000010004
LA-XI,200802,2,persistence,reference_r4,0.000689,0.0001709999999999,200801,0.0005180000000001001
LA-XI,200803,3,persistence,reference_r4,0.000757,0.00047,200801,0.000287
LA-XI,200804,1,persistence,reference_r4,0.000689,0.0003869999999999,200804,0.00030200000000010004
LA-XI,200805,2,persistence,reference_r4,0.000689,0.00085,200804,-0.0001609999999999999
LA-XI,200806,3,persistence,reference_r4,0.948757,0.929361,200804,0.01939599999999997
LA-XI,200807,1,persistence,reference_r4,0.951314,0.2423799999999998,200807,0.7089340000000002
LA-XI,200808,2,persistence,reference_r4,0.951314,0.3010999999999999,200807,0.6502140000000001
LA-XI,200809,3,persistence,reference_r4,0.949433,0.3256429999999994,200807,0.6237900000000005
LA-XI,200810,1,persistence,reference_r4,0.000689,0.017068,200810,-0.016379
LA-XI,200811,2,persistence,reference_r4,0.000689,0.002919,200810,-0.00223
LA-XI,200812,3,persistence,reference_r4,0.000757,0.0006509999999999,200810,0.00010600000000009994
LA-XI,200901,1,persistence,reference_r4,0.000689,0.001391,200901,-0.000702
LA-XI,200902,2,persistence,reference_r4,0.000689,0.0011069999999999,200901,-0.0004179999999998999
LA-XI,200903,3,persistence,reference_r4,0.000757,0.000858,200901,-0.00010100000000000007
LA-XI,200904,1,persistence,reference_r4,0.000689,0.0003319999999999,200904,0.0003570000000001001
LA-XI,200905,2,persistence,reference_r4,38.934689,38.930877,200904,0.003811999999996374
LA-XI,200906,3,persistence,reference_r4,32.93075700000001,32.83178,200904,0.09897700000000498
LA-XI,200907,1,persistence,reference_r4,31.935378,0.6791850000000004,200907,31.256193
LA-XI,200908,2,persistence,reference_r4,22.935378,6.871492,200907,16.063886
LA-XI,200909,3,persistence,reference_r4,32.931514,0.4909029999999994,200907,32.440611000000004
LA-XI,200910,1,persistence,reference_r4,0.000689,0.8932059999999997,200910,-0.8925169999999997
LA-XI,200911,2,persistence,reference_r4,0.000689,0.4608449999999999,200910,-0.4601559999999999
LA-XI,200912,3,persistence,reference_r4,0.000757,0.1687619999999999,200910,-0.1680049999999999
